[Licensing::Module] Trying to connect to existing licensing client channel...
Built from '6000.6/staging' branch; Version is '6000.6.2f1 (770e33f6875c) revision 7802419'; Using compiler version '194234433'; Build Type 'Release'
OS: 'Windows 11  (10.0.26200) Professional' Language: 'pt' Physical Memory: 16070 MB
BatchMode: 1, IsHumanControllingUs: 0, StartBugReporterOnCrash: 0, Is64bit: 1
System  architecture: x64
Process architecture: x64
Date: 2026-09-30T12:28:00Z
[Licensing::IpcConnector] Successfully connected to: "LicenseClient-nicole57193517" at "2026-09-30T12:28:00.192898Z"
[Licensing::Client] Code 10 while verifying Licensing Client signature (process Id: 17656, path: "C:/Program Files/Unity/Hub/Editor/6000.6.2f1/Editor/Data/Resources/Licensing/Client/Unity.Licensing.Client.exe")
[Licensing::Module] LicensingClient has failed validation; ignoring
[Licensing::Client] Handshaking with LicensingClient:
  Version:                 1.18.3+d7ffd15
  Session Id:              b4401f4076c742e1bc0a22b033e2337f
  Correlation Id:          a3cf1df8488a5101cefbe43e2d58eb0a
  External correlation Id: 69754134739581156
  Machine Id:              D7VjXKCCAvVo5hrBGV7aejrj8kw=
[Licensing::Module] Successfully connected to LicensingClient on channel: "LicenseClient-nicole57193517" (connect: 0.00s, validation: 0.02s, handshake: 0.10s)
[Licensing::IpcConnector] Successfully connected to: "LicenseClient-nicole57193517-notifications" at "2026-09-30T12:28:00.3166673Z"
[Licensing::Module] Licensing Background thread has ended after 0.12s

COMMAND LINE ARGUMENTS:
C:\Program Files\Unity\Hub\Editor\6000.6.2f1\Editor\Unity.exe
-adb2
-batchMode
-noUpm
-name
AssetImportWorkerHW2
-projectPath
C:/Users/nicole57193517/Prototipo
-logFile
Logs/AssetImportWorkerHW2.log
-srvPort
28262
-parentPid
2960
-analyticsCloudUserId
4674143735218
-analyticsLocalProjectId
e3105f9ac9f8e7c428b1e48004600f95
-editorAnalyticsEnabled
1
-cbmEditorLicense
d45369ecf18d28e15be04b7dc77ebc386da0ddf3
-cbmMachineId
D7VjXKCCAvVo5hrBGV7aejrj8kw=
-noDiagnosticSwitchPersistentStore
-job-worker-count
13
-background-job-worker-count
8
-asset-garbage-collectors
1
-force-d3d12
-name
AssetImport
Successfully changed project path to: C:/Users/nicole57193517/Prototipo
C:/Users/nicole57193517/Prototipo
[UnityMemory] Configuration Parameters - Can be set up in boot.config
    "memorysetup-temp-allocator-size-gi-baking-worker=262144"
    "memorysetup-temp-allocator-size-gi-baking-worker=262144"
    "memorysetup-temp-allocator-size-gi-baking-worker=262144"
    "memorysetup-temp-allocator-size-gi-baking-worker=262144"
    "memorysetup-temp-allocator-size-gi-baking-worker=262144"
    "memorysetup-temp-allocator-size-nav-mesh-worker=65536"
    "memorysetup-temp-allocator-size-audio-worker=65536"
    "memorysetup-temp-allocator-size-cloud-worker=32768"
    "memorysetup-temp-allocator-size-gfx=262144"
    "memorysetup-remapper-allocator-initial-capacity=32768"
    "memorysetup-temp-allocator-size-preload-manager=33554432"
    "memorysetup-allocator-temp-initial-block-size-main=262144"
    "memorysetup-allocator-temp-initial-block-size-worker=262144"
    "memorysetup-temp-allocator-size-job-worker=262144"
    "memorysetup-temp-allocator-size-background-worker=32768"
    "memorysetup-bucket-allocator-granularity=16"
    "memorysetup-bucket-allocator-bucket-count=8"
    "memorysetup-bucket-allocator-block-size=33554432"
    "memorysetup-bucket-allocator-block-count=8"
    "memorysetup-main-allocator-block-size=16777216"
    "memorysetup-thread-allocator-block-size=16777216"
    "memorysetup-main-allocator-mimalloc-enabled=1"
    "memorysetup-gfx-main-allocator-block-size=16777216"
    "memorysetup-gfx-thread-allocator-block-size=16777216"
    "memorysetup-cache-allocator-block-size=4194304"
    "memorysetup-typetree-allocator-block-size=2097152"
    "memorysetup-profiler-bucket-allocator-granularity=16"
    "memorysetup-profiler-bucket-allocator-bucket-count=8"
    "memorysetup-profiler-bucket-allocator-block-size=33554432"
    "memorysetup-profiler-bucket-allocator-block-count=8"
    "memorysetup-profiler-allocator-block-size=16777216"
    "memorysetup-profiler-editor-allocator-block-size=1048576"
    "memorysetup-temp-allocator-size-main=16777216"
    "memorysetup-job-temp-allocator-block-size=2097152"
    "memorysetup-job-temp-allocator-block-size-background=1048576"
    "memorysetup-job-temp-allocator-reduction-small-platforms=262144"
Player connection [38572]  Target information:

Player connection [38572]  * "[IP] 10.16.109.40 [Port] 0 [Flags] 2 [Guid] 1210953046 [EditorId] 1210953046 [Version] 1048832 [Id] WindowsEditor(7,P06003-033246) [Debug] 1 [PackageName] WindowsEditor [ProjectName] Editor" 

Player connection [38572] Host joined multi-casting on [225.0.0.222:54997]...
Player connection [38572] Host joined alternative multi-casting on [225.0.0.222:34997]...
JobSystem: Creating JobQueue using job-worker-count value 13
Input System module state changed to: Initialized.
[Physics::Module] Initialized fallback backend.
[Physics::Module] Id: 0xdecafbad
Library Redirect Path: Library/
Initialising UDS system complete:
  - System type: Client
  - Resource namespace: e84b51759433a6687e17e70519ded6ca
  - Shared memory size: 1073741824
  - Command buffer id: 1052576
  - Command buffer size: 8192
  - Hashmap size: 4194304
  - Service connected: true
  - Service working directory: Library/DataStore/
[Physics::Module] Selected backend.
[Physics::Module] Name: PhysX
[Physics::Module] Id: 0xf2b8ea05
[Physics::Module] SDK Version: 4.1.2
[Physics::Module] Integration Version: 1.0.0
[Physics::Module] Threading Mode: Multi-Threaded
Refreshing native plugins compatible for Editor in 16.53 ms, found 4 plugins.
Initialize engine version: 6000.6.2f1 (770e33f6875c)
[EntityIdStore] init: VM path (explicit commit), pageSize=4096, blockCount=1048576, entitiesPerBlock=256, slots reserved=4294967296 bytes
[Subsystems] Discovering subsystems at path C:/Program Files/Unity/Hub/Editor/6000.6.2f1/Editor/Data/Resources/UnitySubsystems
[Subsystems] Discovering subsystems at path C:/Users/nicole57193517/Prototipo/Assets
Forcing GfxDevice: Direct3D 12
GfxDevice: creating device client; kGfxThreadingModeNonThreaded
d3d12: failed to query info queue interface (0x80004002).
Direct3D:
    Version:         Direct3D 12 [level 12.2]
    Renderer:        NVIDIA RTX 2000 Ada Generation (ID=0x28b0)
    Vendor:          NVIDIA
    VRAM:            16118 MB
    App VRAM Budget: 15350 MB
    Driver:          32.0.15.9671
Initialize mono
Mono path[0] = 'C:/Program Files/Unity/Hub/Editor/6000.6.2f1/Editor/Data/Managed'
Mono path[1] = 'C:/Program Files/Unity/Hub/Editor/6000.6.2f1/Editor/Data/BCLExtensions/runtime/netstandard2.1'
Mono path[2] = 'C:/Program Files/Unity/Hub/Editor/6000.6.2f1/Editor/Data/MonoBleedingEdge/lib/mono/unityjit-win32'
Mono config path = 'C:/Program Files/Unity/Hub/Editor/6000.6.2f1/Editor/Data/MonoBleedingEdge/etc'
Using monoOptions --debugger-agent=transport=dt_socket,embedding=1,server=y,suspend=n,address=127.0.0.1:56568
CodeReloadManager initialized
Begin MonoManager ReloadAssembly
Registering precompiled unity dll's ...
Register platform support module: C:/Program Files/Unity/Hub/Editor/6000.6.2f1/Editor/Data/PlaybackEngines/WindowsStandaloneSupport/UnityEditor.WindowsStandalone.Extensions.dll
Registered in 0.005465 seconds.
Native extension for WindowsStandalone target not found
Package Manager log level set to [2]
[Package Manager] Failed to launch server process. Reason: Unity was launched with the -noUpm command-line argument
[Package Manager] Unable to send message (not connected to server process).
[Package Manager] Cannot connect to Unity Package Manager local server
ScheduleIndexationOnStartup MainProcess:False IndexOnStartup:True
Scripting: successfully reloaded assembly
- Finished resetting the current domain, in  1.113 seconds
Domain Reload Profiling: 2365ms
	BeginReloadAssembly (646ms)
	RebuildCommonClasses (5ms)
	RebuildNativeTypeToScriptingClass (21ms)
	initialDomainReloadingComplete (179ms)
	LoadAllAssembliesAndSetupDomain (400ms)
		LoadAssemblies (646ms)
		TypeCache.Refresh (289ms)
			TypeCache.ScanAssembly (269ms)
		AnalyzeDomain (1ms)
	FinalizeReload (1114ms)
		SetupLoadedEditorAssemblies (0ms)
			BeforeProcessingInitializeOnLoad (115ms)
			ProcessInitializeOnLoadAttributes (163ms)
			ProcessInitializeOnLoadMethodAttributes (748ms)
Initializing Unity extensions:
[Licensing::Client] Successfully resolved entitlement details
[Licensing::Module] License group:
  Id: 4674143735218-UnityPersXXXX
  Product: Unity Personal
  Type: Assigned
  Expiration: Unlimited
========================================================================
Worker process is ready to serve import requests
Import Worker Mode flag is 0x00
Begin MonoManager ReloadAssembly
Refreshing native plugins compatible for Editor in 9.33 ms, found 4 plugins.
Native extension for WindowsStandalone target not found
[Package Manager] Failed to launch server process. Reason: Unity was launched with the -noUpm command-line argument
[Package Manager] Unable to send message (not connected to server process).
[Package Manager] Cannot connect to Unity Package Manager local server
Refreshing native plugins compatible for Editor in 10.18 ms, found 4 plugins.
[Package Manager] Failed to launch server process. Reason: Unity was launched with the -noUpm command-line argument
[Package Manager] Unable to send message (not connected to server process).
[Package Manager] Cannot connect to Unity Package Manager local server
ScheduleIndexationOnStartup MainProcess:False IndexOnStartup:True
Scripting: successfully reloaded assembly
- Finished resetting the current domain, in  0.818 seconds
Domain Reload Profiling: 2881ms
	BeginReloadAssembly (807ms)
		DisableScriptedObjects (17ms)
		CreateAndSetChildDomain (32ms)
	RebuildCommonClasses (7ms)
	RebuildNativeTypeToScriptingClass (17ms)
	initialDomainReloadingComplete (210ms)
	LoadAllAssembliesAndSetupDomain (1018ms)
		LoadAssemblies (1203ms)
		TypeCache.Refresh (246ms)
			TypeCache.ScanAssembly (230ms)
		AnalyzeDomain (54ms)
			BuildScriptInfoCaches (48ms)
			ResolveRequiredComponents (3ms)
	FinalizeReload (821ms)
		SetupLoadedEditorAssemblies (0ms)
			LogAssemblyErrors (3ms)
			BeforeProcessingInitializeOnLoad (145ms)
			ProcessInitializeOnLoadAttributes (319ms)
			ProcessInitializeOnLoadMethodAttributes (59ms)
			AfterProcessingInitializeOnLoad (13ms)
		AwakeInstancesAfterBackupRestoration (10ms)
AcceleratorClientConnectionCallback - disconnected - :0
Launched and connected shader compiler UnityShaderCompiler.exe after 0.06 seconds
Refreshing native plugins compatible for Editor in 9.39 ms, found 4 plugins.
Unloading 0 Unused Serialized files (Serialized files now loaded: 0)
Unloading 4301 unused Assets / (1.9 MB). Loaded Objects now: 4973.
Memory consumption went from 267.7 MB to 265.8 MB.
Total: 5.782700 ms (FindLiveObjects: 0.430200 ms CreateObjectMapping: 0.156800 ms MarkObjects: 4.305800 ms  DeleteObjects: 0.687700 ms)

========================================================================
Received Import Request.
  Time of request: 2026-09-30T12:28:08.2399887Z
  Time since last request: 5108.98128149999957 seconds.
  importAddress: GUID: 635124a90cfbdc64eb3e9c0fc6904aa5 - Path: Packages/com.unity.inputsystem/InputSystem/Runtime/Plugins/iOS/iOSSupport.cs - Importer: ScriptedImporter/UnityEditor.QuickSearchModule:UnityEditor.Search:ASIAI0B
Importing 'GUID: 635124a90cfbdc64eb3e9c0fc6904aa5 - Path: Packages/com.unity.inputsystem/InputSystem/Runtime/Plugins/iOS/iOSSupport.cs - Importer: ScriptedImporter/UnityEditor.QuickSearchModule:UnityEditor.Search:ASIAI0B' with importer (ScriptedImporter : UnityEditor.QuickSearchModule:UnityEditor.Search:ASIAI0B)
Imported 'GUID: 635124a90cfbdc64eb3e9c0fc6904aa5' -> (Import Result ID: 'f1adc5ef9a867d9f2ec2e2ae22357dd8') in 0.115 seconds [static and dynamic dependencies]. Details - ImportResultOutputID=8edc02f1902318f4f9636c7c307de1e3 DependenciesID=9a78e6a9b157bce802fc157e027b9d2c StaticDependenciesID=22bac6331e7dfffa6804fcb02cf9936a 
Number of updated asset objects reloaded before import = 0
Number of asset objects unloaded after import = 0
========================================================================
Received Import Request.
  Time of request: 2026-09-30T12:28:08.3635674Z
  Time since last request: 0.0074794 seconds.
  importAddress: GUID: e072bc6a44a3a4944bb32165f753b9ca - Path: Packages/com.unity.inputsystem/InputSystem/Runtime/Plugins/Users/InputUser.cs - Importer: ScriptedImporter/UnityEditor.QuickSearchModule:UnityEditor.Search:ASIAI0B
Importing 'GUID: e072bc6a44a3a4944bb32165f753b9ca - Path: Packages/com.unity.inputsystem/InputSystem/Runtime/Plugins/Users/InputUser.cs - Importer: ScriptedImporter/UnityEditor.QuickSearchModule:UnityEditor.Search:ASIAI0B' with importer (ScriptedImporter : UnityEditor.QuickSearchModule:UnityEditor.Search:ASIAI0B)
Imported 'GUID: e072bc6a44a3a4944bb32165f753b9ca' -> (Import Result ID: '261c66b57698d455b208626b29e4196f') in 0.004 seconds [static and dynamic dependencies]. Details - ImportResultOutputID=3c7ad2386e108c52dd2a8fb48e9e0842 DependenciesID=2b3c712aaebcf36e6cb0abfdbc35dcd8 StaticDependenciesID=7fec79bb995f408584880f8216f3b75c 
Number of updated asset objects reloaded before import = 0
Number of asset objects unloaded after import = 0
========================================================================
Received Import Request.
  Time of request: 2026-09-30T12:28:08.3675926Z
  Time since last request: 0.0002957 seconds.
  importAddress: GUID: 76765a8c5cba74c0abc5ab4afd8266e2 - Path: Packages/com.unity.inputsystem/InputSystem/Runtime/Plugins/Users/InputUserAccountHandle.cs - Importer: ScriptedImporter/UnityEditor.QuickSearchModule:UnityEditor.Search:ASIAI0B
Importing 'GUID: 76765a8c5cba74c0abc5ab4afd8266e2 - Path: Packages/com.unity.inputsystem/InputSystem/Runtime/Plugins/Users/InputUserAccountHandle.cs - Importer: ScriptedImporter/UnityEditor.QuickSearchModule:UnityEditor.Search:ASIAI0B' with importer (ScriptedImporter : UnityEditor.QuickSearchModule:UnityEditor.Search:ASIAI0B)
Imported 'GUID: 76765a8c5cba74c0abc5ab4afd8266e2' -> (Import Result ID: '5d89db4c9a1a6b08de78d89527a00d79') in 0.001 seconds [static and dynamic dependencies]. Details - ImportResultOutputID=a3e9a14458e68de818d5efa35976a4f7 DependenciesID=12e665f4a6b995c138873c4952360c49 StaticDependenciesID=84a7d5f66d94cfb3085a5ba86ce88a01 
Number of updated asset objects reloaded before import = 0
Number of asset objects unloaded after import = 0
========================================================================
Received Import Request.
  Time of request: 2026-09-30T12:28:08.370414Z
  Time since last request: 0.0011888 seconds.
  importAddress: GUID: 5f84d6a1bd34ea6428fa1db0e9f459cb - Path: Packages/com.unity.inputsystem/InputSystem/Runtime/Plugins/XR/Haptics/SendHapticImpulseCommand.cs - Importer: ScriptedImporter/UnityEditor.QuickSearchModule:UnityEditor.Search:ASIAI0B
Importing 'GUID: 5f84d6a1bd34ea6428fa1db0e9f459cb - Path: Packages/com.unity.inputsystem/InputSystem/Runtime/Plugins/XR/Haptics/SendHapticImpulseCommand.cs - Importer: ScriptedImporter/UnityEditor.QuickSearchModule:UnityEditor.Search:ASIAI0B' with importer (ScriptedImporter : UnityEditor.QuickSearchModule:UnityEditor.Search:ASIAI0B)
Imported 'GUID: 5f84d6a1bd34ea6428fa1db0e9f459cb' -> (Import Result ID: '75e34de6b6f5349635ce19c78c32bd36') in 0.001 seconds [static and dynamic dependencies]. Details - ImportResultOutputID=a81b37d9bd45ef00c8a2037215434800 DependenciesID=cb06fcd10c2706b6d20780ac07f93c77 StaticDependenciesID=349d5d51280b3c6e95eb19511c7d24e6 
Number of updated asset objects reloaded before import = 0
Number of asset objects unloaded after import = 0
========================================================================
Received Import Request.
  Time of request: 2026-09-30T12:28:08.372342Z
  Time since last request: 0.0004042 seconds.
  importAddress: GUID: 929bef69d71fe4223b4148865a0a5e42 - Path: Packages/com.unity.inputsystem/InputSystem/Runtime/Plugins/XR/GenericXRDevice.cs - Importer: ScriptedImporter/UnityEditor.QuickSearchModule:UnityEditor.Search:ASIAI0B
Importing 'GUID: 929bef69d71fe4223b4148865a0a5e42 - Path: Packages/com.unity.inputsystem/InputSystem/Runtime/Plugins/XR/GenericXRDevice.cs - Importer: ScriptedImporter/UnityEditor.QuickSearchModule:UnityEditor.Search:ASIAI0B' with importer (ScriptedImporter : UnityEditor.QuickSearchModule:UnityEditor.Search:ASIAI0B)
Imported 'GUID: 929bef69d71fe4223b4148865a0a5e42' -> (Import Result ID: '460c919d009b3efa752aa89e260d2076') in 0.002 seconds [static and dynamic dependencies]. Details - ImportResultOutputID=36a6d0996a4f7ae8e16d36c59d98178f DependenciesID=3dd7d17cc6f63db6102db7ceda2fba73 StaticDependenciesID=5e6a309ed6a26eb87ec7c146cb3fc165 
Number of updated asset objects reloaded before import = 0
Number of asset objects unloaded after import = 0
========================================================================
Received Import Request.
  Time of request: 2026-09-30T12:28:08.374652Z
  Time since last request: 0.0003573 seconds.
  importAddress: GUID: 3d2dbd5e535742a18f979fdaa69e3627 - Path: Packages/com.unity.inputsystem/InputSystem/Runtime/Plugins/XInput/IXboxOneRumble.cs - Importer: ScriptedImporter/UnityEditor.QuickSearchModule:UnityEditor.Search:ASIAI0B
Importing 'GUID: 3d2dbd5e535742a18f979fdaa69e3627 - Path: Packages/com.unity.inputsystem/InputSystem/Runtime/Plugins/XInput/IXboxOneRumble.cs - Importer: ScriptedImporter/UnityEditor.QuickSearchModule:UnityEditor.Search:ASIAI0B' with importer (ScriptedImporter : UnityEditor.QuickSearchModule:UnityEditor.Search:ASIAI0B)
Imported 'GUID: 3d2dbd5e535742a18f979fdaa69e3627' -> (Import Result ID: 'b12ae98a728cff86efbabada22bdff46') in 0.002 seconds [static and dynamic dependencies]. Details - ImportResultOutputID=1d908ebcde1ab06bd23413833b5b81f9 DependenciesID=88f7bc6b0086f71b667d5d7289259c1a StaticDependenciesID=85706a0a93be8587056d8fe9264f7d4d 
Number of updated asset objects reloaded before import = 0
Number of asset objects unloaded after import = 0
========================================================================
Received Import Request.
  Time of request: 2026-09-30T12:28:08.3768765Z
  Time since last request: 0.0003021 seconds.
  importAddress: GUID: 8a2cdc9fdde66bb49afa0763a7557ff9 - Path: Packages/com.unity.inputsystem/InputSystem/Runtime/Plugins/XR/Devices/OpenVR.cs - Importer: ScriptedImporter/UnityEditor.QuickSearchModule:UnityEditor.Search:ASIAI0B
Importing 'GUID: 8a2cdc9fdde66bb49afa0763a7557ff9 - Path: Packages/com.unity.inputsystem/InputSystem/Runtime/Plugins/XR/Devices/OpenVR.cs - Importer: ScriptedImporter/UnityEditor.QuickSearchModule:UnityEditor.Search:ASIAI0B' with importer (ScriptedImporter : UnityEditor.QuickSearchModule:UnityEditor.Search:ASIAI0B)
Imported 'GUID: 8a2cdc9fdde66bb49afa0763a7557ff9' -> (Import Result ID: '8357abcca1f5811d9a025f8213db80f1') in 0.002 seconds [static and dynamic dependencies]. Details - ImportResultOutputID=ae84303c560d43f5c1937f83662a4f57 DependenciesID=bb29052cd2248c5e2a4c595c030948fa StaticDependenciesID=7dd781daa3449e4b8bff6040cbbd265e 
Number of updated asset objects reloaded before import = 0
Number of asset objects unloaded after import = 0
========================================================================
Received Import Request.
  Time of request: 2026-09-30T12:28:08.3789643Z
  Time since last request: 0.0003238 seconds.
  importAddress: GUID: a9be5e04bc92741ccbe2c262bfaa517f - Path: Packages/com.unity.inputsystem/InputSystem/Runtime/Plugins/XR/XRSupport.cs - Importer: ScriptedImporter/UnityEditor.QuickSearchModule:UnityEditor.Search:ASIAI0B
Importing 'GUID: a9be5e04bc92741ccbe2c262bfaa517f - Path: Packages/com.unity.inputsystem/InputSystem/Runtime/Plugins/XR/XRSupport.cs - Importer: ScriptedImporter/UnityEditor.QuickSearchModule:UnityEditor.Search:ASIAI0B' with importer (ScriptedImporter : UnityEditor.QuickSearchModule:UnityEditor.Search:ASIAI0B)
Imported 'GUID: a9be5e04bc92741ccbe2c262bfaa517f' -> (Import Result ID: 'b4da2b6034d6f1b2663bffd46cfe9c2c') in 0.001 seconds [static and dynamic dependencies]. Details - ImportResultOutputID=b8f5a28249a1c3d9d86995bb2cb90bb6 DependenciesID=9555f9397c0742649e4f8194489b3026 StaticDependenciesID=7d6628aa88b42a79faef4b6b92c8c063 
Number of updated asset objects reloaded before import = 0
Number of asset objects unloaded after import = 0
========================================================================
Received Import Request.
  Time of request: 2026-09-30T12:28:08.3807078Z
  Time since last request: 0.0002541 seconds.
  importAddress: GUID: aa4c2360f910d46f497f75b4b6677358 - Path: Packages/com.unity.inputsystem/InputSystem/Editor/AssetEditor/PackageResources/personal/propertiesBackground.png - Importer: ScriptedImporter/UnityEditor.QuickSearchModule:UnityEditor.Search:ASIAI0B
Importing 'GUID: aa4c2360f910d46f497f75b4b6677358 - Path: Packages/com.unity.inputsystem/InputSystem/Editor/AssetEditor/PackageResources/personal/propertiesBackground.png - Importer: ScriptedImporter/UnityEditor.QuickSearchModule:UnityEditor.Search:ASIAI0B' with importer (ScriptedImporter : UnityEditor.QuickSearchModule:UnityEditor.Search:ASIAI0B)
Imported 'GUID: aa4c2360f910d46f497f75b4b6677358' -> (Import Result ID: '22d5be7579c5b04e181b6fc44ec45afc') in 0.037 seconds [static and dynamic dependencies]. Details - ImportResultOutputID=9fbaf0725e0a97ce71dbe6dcbbee433a DependenciesID=f02d26fbd23e2fcb3458cd1a710a2310 StaticDependenciesID=937deac2e60d0a1e2e0338915f7ef129 
Number of updated asset objects reloaded before import = 0
Number of asset objects unloaded after import = 1
========================================================================
Received Import Request.
  Time of request: 2026-09-30T12:28:08.4184509Z
  Time since last request: 0.0002504 seconds.
  importAddress: GUID: 545a9d2bc7370224f8d14c22f2f580e0 - Path: Packages/com.unity.visualscripting/package.json - Importer: ScriptedImporter/UnityEditor.QuickSearchModule:UnityEditor.Search:ASIAI0B
Importing 'GUID: 545a9d2bc7370224f8d14c22f2f580e0 - Path: Packages/com.unity.visualscripting/package.json - Importer: ScriptedImporter/UnityEditor.QuickSearchModule:UnityEditor.Search:ASIAI0B' with importer (ScriptedImporter : UnityEditor.QuickSearchModule:UnityEditor.Search:ASIAI0B)
Imported 'GUID: 545a9d2bc7370224f8d14c22f2f580e0' -> (Import Result ID: '6a28721b94073aaf0ba5a651a2edf010') in 0.002 seconds [static and dynamic dependencies]. Details - ImportResultOutputID=8336d0c2075a70af3fcdce9f7ade4f40 DependenciesID=5c70a69250858533504b622c3baf0490 StaticDependenciesID=cfd7ee6973371c55acafa885d1a46bc2 
Number of updated asset objects reloaded before import = 0
Number of asset objects unloaded after import = 1
========================================================================
Received Import Request.
  Time of request: 2026-09-30T12:28:08.4209793Z
  Time since last request: 0.0003051 seconds.
  importAddress: GUID: 6f91aa063fcc645ea8061ce0ae4f6f2b - Path: Packages/com.unity.inputsystem/InputSystem/Runtime/Plugins/WebGL/WebGLJoystick.cs - Importer: ScriptedImporter/UnityEditor.QuickSearchModule:UnityEditor.Search:ASIAI0B
Importing 'GUID: 6f91aa063fcc645ea8061ce0ae4f6f2b - Path: Packages/com.unity.inputsystem/InputSystem/Runtime/Plugins/WebGL/WebGLJoystick.cs - Importer: ScriptedImporter/UnityEditor.QuickSearchModule:UnityEditor.Search:ASIAI0B' with importer (ScriptedImporter : UnityEditor.QuickSearchModule:UnityEditor.Search:ASIAI0B)
Imported 'GUID: 6f91aa063fcc645ea8061ce0ae4f6f2b' -> (Import Result ID: 'b26a02e6f480e049b8cca53f7f5a7ebf') in 0.001 seconds [static and dynamic dependencies]. Details - ImportResultOutputID=6dd08ce4ed635b4940d2469f7bfda093 DependenciesID=4fe0ab6614b5738c12bdf3ece4a0df68 StaticDependenciesID=92fb7fd5dbc923b06b366c67f473eed6 
Number of updated asset objects reloaded before import = 0
Number of asset objects unloaded after import = 0
========================================================================
Received Import Request.
  Time of request: 2026-09-30T12:28:08.4226169Z
  Time since last request: 0.0002099 seconds.
  importAddress: GUID: 3913769308054535b48183402a702cc6 - Path: Packages/com.unity.inputsystem/InputSystem/Runtime/Plugins/Switch/SwitchProController.cs - Importer: ScriptedImporter/UnityEditor.QuickSearchModule:UnityEditor.Search:ASIAI0B
Importing 'GUID: 3913769308054535b48183402a702cc6 - Path: Packages/com.unity.inputsystem/InputSystem/Runtime/Plugins/Switch/SwitchProController.cs - Importer: ScriptedImporter/UnityEditor.QuickSearchModule:UnityEditor.Search:ASIAI0B' with importer (ScriptedImporter : UnityEditor.QuickSearchModule:UnityEditor.Search:ASIAI0B)
Imported 'GUID: 3913769308054535b48183402a702cc6' -> (Import Result ID: '1061c0c73d05307f85048364918b7579') in 0.002 seconds [static and dynamic dependencies]. Details - ImportResultOutputID=cea1921078e4da0b95a643be06eea791 DependenciesID=6f1c0e8565d4fe38d72562863af6aa2c StaticDependenciesID=77a8b964c2e4d069e8413a676ba0e8be 
Number of updated asset objects reloaded before import = 0
Number of asset objects unloaded after import = 0
========================================================================
Received Import Request.
  Time of request: 2026-09-30T12:28:08.4246246Z
  Time since last request: 0.0003043 seconds.
  importAddress: GUID: 2ade21199e79d394ab34f4e6887f1c09 - Path: Packages/com.unity.inputsystem/InputSystem/Runtime/Plugins/XR/Haptics/GetHapticCapabilitiesCommand.cs - Importer: ScriptedImporter/UnityEditor.QuickSearchModule:UnityEditor.Search:ASIAI0B
Importing 'GUID: 2ade21199e79d394ab34f4e6887f1c09 - Path: Packages/com.unity.inputsystem/InputSystem/Runtime/Plugins/XR/Haptics/GetHapticCapabilitiesCommand.cs - Importer: ScriptedImporter/UnityEditor.QuickSearchModule:UnityEditor.Search:ASIAI0B' with importer (ScriptedImporter : UnityEditor.QuickSearchModule:UnityEditor.Search:ASIAI0B)
Imported 'GUID: 2ade21199e79d394ab34f4e6887f1c09' -> (Import Result ID: '988ff188e4a1dc1529d1c91ee3a4f200') in 0.001 seconds [static and dynamic dependencies]. Details - ImportResultOutputID=14e6285f2e300ce7ef5d356fdcb6f82b DependenciesID=8a7c2887ad443d07537169a8ac8017c1 StaticDependenciesID=e7305e55a0c5a282ffd0f08b33d263fa 
Number of updated asset objects reloaded before import = 0
Number of asset objects unloaded after import = 0
========================================================================
Received Import Request.
  Time of request: 2026-09-30T12:28:08.4264467Z
  Time since last request: 0.0003388 seconds.
  importAddress: GUID: e553fed0b97be3349aff36916eb6fefc - Path: Packages/com.unity.inputsystem/InputSystem/Runtime/Plugins/XR/Haptics/SendBufferedHapticsCommand.cs - Importer: ScriptedImporter/UnityEditor.QuickSearchModule:UnityEditor.Search:ASIAI0B
Importing 'GUID: e553fed0b97be3349aff36916eb6fefc - Path: Packages/com.unity.inputsystem/InputSystem/Runtime/Plugins/XR/Haptics/SendBufferedHapticsCommand.cs - Importer: ScriptedImporter/UnityEditor.QuickSearchModule:UnityEditor.Search:ASIAI0B' with importer (ScriptedImporter : UnityEditor.QuickSearchModule:UnityEditor.Search:ASIAI0B)
Imported 'GUID: e553fed0b97be3349aff36916eb6fefc' -> (Import Result ID: '34f6000674ad60c08efaf26b7121f4b2') in 0.001 seconds [static and dynamic dependencies]. Details - ImportResultOutputID=f3f9afa6450a79bc2987140571926fd2 DependenciesID=58ab377b53e14b7ddc215d38b542da6e StaticDependenciesID=4a6d50d62fe925374e4a028d47cbb72d 
Number of updated asset objects reloaded before import = 0
Number of asset objects unloaded after import = 0
========================================================================
Received Import Request.
  Time of request: 2026-09-30T12:28:08.4440062Z
  Time since last request: 0.0161214 seconds.
  importAddress: GUID: d800ad61ae46243a0bc7d8d834b1bf3f - Path: Packages/com.unity.visualscripting/Editor/VisualScripting.Core/BoltProduct.cs - Importer: ScriptedImporter/UnityEditor.QuickSearchModule:UnityEditor.Search:ASIAI0B
Importing 'GUID: d800ad61ae46243a0bc7d8d834b1bf3f - Path: Packages/com.unity.visualscripting/Editor/VisualScripting.Core/BoltProduct.cs - Importer: ScriptedImporter/UnityEditor.QuickSearchModule:UnityEditor.Search:ASIAI0B' with importer (ScriptedImporter : UnityEditor.QuickSearchModule:UnityEditor.Search:ASIAI0B)
Imported 'GUID: d800ad61ae46243a0bc7d8d834b1bf3f' -> (Import Result ID: '02ceff158610a1f5693d9f993733ef98') in 0.002 seconds [static and dynamic dependencies]. Details - ImportResultOutputID=20916808e30ab3ec244d2305083cfbc0 DependenciesID=b8f24ab204f00e888aaefb21e830f310 StaticDependenciesID=ff383a95436c98384e5df772fbf5c607 
Number of updated asset objects reloaded before import = 0
Number of asset objects unloaded after import = 0
========================================================================
Received Import Request.
  Time of request: 2026-09-30T12:28:08.4463274Z
  Time since last request: 0.0005205 seconds.
  importAddress: GUID: 28daaf27186926745a8e1ebf5539c5f8 - Path: Packages/com.unity.visualscripting/ValidationExceptions.json - Importer: ScriptedImporter/UnityEditor.QuickSearchModule:UnityEditor.Search:ASIAI0B
Importing 'GUID: 28daaf27186926745a8e1ebf5539c5f8 - Path: Packages/com.unity.visualscripting/ValidationExceptions.json - Importer: ScriptedImporter/UnityEditor.QuickSearchModule:UnityEditor.Search:ASIAI0B' with importer (ScriptedImporter : UnityEditor.QuickSearchModule:UnityEditor.Search:ASIAI0B)
Imported 'GUID: 28daaf27186926745a8e1ebf5539c5f8' -> (Import Result ID: '8a6bbd06374943ec6c94f53876ceb602') in 0.001 seconds [static and dynamic dependencies]. Details - ImportResultOutputID=d4a1f066ed70aff0b7ff846f074617ec DependenciesID=917ab1d6542641369e63e47589cacfb0 StaticDependenciesID=6790213ae2531a0b5d202ecd2ccfba59 
Number of updated asset objects reloaded before import = 0
Number of asset objects unloaded after import = 1
========================================================================
Received Import Request.
  Time of request: 2026-09-30T12:28:08.4481812Z
  Time since last request: 0.0002102 seconds.
  importAddress: GUID: 1ad5fed5d057548d88cf8bf03518c101 - Path: Packages/com.unity.visualscripting/Runtime/VisualScripting.Flow/Flow.cs - Importer: ScriptedImporter/UnityEditor.QuickSearchModule:UnityEditor.Search:ASIAI0B
Importing 'GUID: 1ad5fed5d057548d88cf8bf03518c101 - Path: Packages/com.unity.visualscripting/Runtime/VisualScripting.Flow/Flow.cs - Importer: ScriptedImporter/UnityEditor.QuickSearchModule:UnityEditor.Search:ASIAI0B' with importer (ScriptedImporter : UnityEditor.QuickSearchModule:UnityEditor.Search:ASIAI0B)
Imported 'GUID: 1ad5fed5d057548d88cf8bf03518c101' -> (Import Result ID: '0f6220b3440831edd7365c50a27fba14') in 0.002 seconds [static and dynamic dependencies]. Details - ImportResultOutputID=2eebed1c3c46a74df958e2ba452f63cf DependenciesID=ddd6dde7901a9679acf7a9aa009082d8 StaticDependenciesID=9b1851a05eec3530192cbcdfbac823f2 
Number of updated asset objects reloaded before import = 0
Number of asset objects unloaded after import = 0
========================================================================
Received Import Request.
  Time of request: 2026-09-30T12:28:08.4504088Z
  Time since last request: 0.0002742 seconds.
  importAddress: GUID: 54cb1906aeb4e4264bc1d2aa3818a43f - Path: Packages/com.unity.visualscripting/Editor/VisualScripting.Core/Unity.VisualScripting.Core.Editor.asmdef - Importer: ScriptedImporter/UnityEditor.QuickSearchModule:UnityEditor.Search:ASIAI0B
Importing 'GUID: 54cb1906aeb4e4264bc1d2aa3818a43f - Path: Packages/com.unity.visualscripting/Editor/VisualScripting.Core/Unity.VisualScripting.Core.Editor.asmdef - Importer: ScriptedImporter/UnityEditor.QuickSearchModule:UnityEditor.Search:ASIAI0B' with importer (ScriptedImporter : UnityEditor.QuickSearchModule:UnityEditor.Search:ASIAI0B)
Imported 'GUID: 54cb1906aeb4e4264bc1d2aa3818a43f' -> (Import Result ID: 'e14cefba6b25a5811af5e2b2cfa30c47') in 0.002 seconds [static and dynamic dependencies]. Details - ImportResultOutputID=36cb2faac0884bd3e3e1fc7e028b5b4c DependenciesID=078f6875851a1cf2eda1c83df556e01a StaticDependenciesID=0ed657ede8164fb375a5a1401eec4846 
Number of updated asset objects reloaded before import = 0
Number of asset objects unloaded after import = 1
========================================================================
Received Import Request.
  Time of request: 2026-09-30T12:28:08.4531499Z
  Time since last request: 0.0002913 seconds.
  importAddress: GUID: 2a3cd7080fc4042768e4e591975cfbc5 - Path: Packages/com.unity.visualscripting/Editor/VisualScripting.Core/BoltStyles.cs - Importer: ScriptedImporter/UnityEditor.QuickSearchModule:UnityEditor.Search:ASIAI0B
Importing 'GUID: 2a3cd7080fc4042768e4e591975cfbc5 - Path: Packages/com.unity.visualscripting/Editor/VisualScripting.Core/BoltStyles.cs - Importer: ScriptedImporter/UnityEditor.QuickSearchModule:UnityEditor.Search:ASIAI0B' with importer (ScriptedImporter : UnityEditor.QuickSearchModule:UnityEditor.Search:ASIAI0B)
Imported 'GUID: 2a3cd7080fc4042768e4e591975cfbc5' -> (Import Result ID: '434e1cab3d9ba64905faf2c8e072d3dd') in 0.001 seconds [static and dynamic dependencies]. Details - ImportResultOutputID=e0d39cbf53db4557e238e9e9ca4ff4b2 DependenciesID=901f7ff5b0b27663fb7b372adf792ce2 StaticDependenciesID=d842f801ccaa268c78831dc4154a3d10 
Number of updated asset objects reloaded before import = 0
Number of asset objects unloaded after import = 0
========================================================================
Received Import Request.
  Time of request: 2026-09-30T12:28:08.4550926Z
  Time since last request: 0.0002805 seconds.
  importAddress: GUID: 23f3c6063e13e4fd9addce3606ff4e42 - Path: Packages/com.unity.visualscripting/Editor/VisualScripting.Flow/Unity.VisualScripting.Flow.Editor.asmdef - Importer: ScriptedImporter/UnityEditor.QuickSearchModule:UnityEditor.Search:ASIAI0B
Importing 'GUID: 23f3c6063e13e4fd9addce3606ff4e42 - Path: Packages/com.unity.visualscripting/Editor/VisualScripting.Flow/Unity.VisualScripting.Flow.Editor.asmdef - Importer: ScriptedImporter/UnityEditor.QuickSearchModule:UnityEditor.Search:ASIAI0B' with importer (ScriptedImporter : UnityEditor.QuickSearchModule:UnityEditor.Search:ASIAI0B)
Imported 'GUID: 23f3c6063e13e4fd9addce3606ff4e42' -> (Import Result ID: '0144b7ca59c5881e5c97c17dd8de2460') in 0.001 seconds [static and dynamic dependencies]. Details - ImportResultOutputID=822b3707331fd201b9355405e0de3b87 DependenciesID=001378c0c37627df2aa0342f859607b3 StaticDependenciesID=83a2395217068becdf4fd8ed858281ca 
Number of updated asset objects reloaded before import = 0
Number of asset objects unloaded after import = 1
========================================================================
Received Import Request.
  Time of request: 2026-09-30T12:28:08.4569818Z
  Time since last request: 0.0003493 seconds.
  importAddress: GUID: 50518b6178c7543489da50084db7cb42 - Path: Packages/com.unity.visualscripting/Graphics/Method_16x.ai - Importer: ScriptedImporter/UnityEditor.QuickSearchModule:UnityEditor.Search:ASIAI0B
Importing 'GUID: 50518b6178c7543489da50084db7cb42 - Path: Packages/com.unity.visualscripting/Graphics/Method_16x.ai - Importer: ScriptedImporter/UnityEditor.QuickSearchModule:UnityEditor.Search:ASIAI0B' with importer (ScriptedImporter : UnityEditor.QuickSearchModule:UnityEditor.Search:ASIAI0B)
Imported 'GUID: 50518b6178c7543489da50084db7cb42' -> (Import Result ID: '81fc909885caa4df5c05e8f5245c6255') in 0.001 seconds [static and dynamic dependencies]. Details - ImportResultOutputID=fc7dc8453b8b023a5143abf63cf81710 DependenciesID=34aaa65b5211280618227eb5e077c673 StaticDependenciesID=e04efce161db2807012aa72efc151ce0 
Number of updated asset objects reloaded before import = 0
Number of asset objects unloaded after import = 1
========================================================================
Received Import Request.
  Time of request: 2026-09-30T12:28:08.4586894Z
  Time since last request: 0.0002684 seconds.
  importAddress: GUID: b41189ddfc8d84f22b5023fc1ada4558 - Path: Packages/com.unity.visualscripting/DocCodeExamples/EventBusExamples.cs - Importer: ScriptedImporter/UnityEditor.QuickSearchModule:UnityEditor.Search:ASIAI0B
Importing 'GUID: b41189ddfc8d84f22b5023fc1ada4558 - Path: Packages/com.unity.visualscripting/DocCodeExamples/EventBusExamples.cs - Importer: ScriptedImporter/UnityEditor.QuickSearchModule:UnityEditor.Search:ASIAI0B' with importer (ScriptedImporter : UnityEditor.QuickSearchModule:UnityEditor.Search:ASIAI0B)
Imported 'GUID: b41189ddfc8d84f22b5023fc1ada4558' -> (Import Result ID: 'd058dcc859905936901d0267237d88d1') in 0.002 seconds [static and dynamic dependencies]. Details - ImportResultOutputID=010f9e7151f9f24e18a2768aafe69610 DependenciesID=5e9684dd7764e54671c95f69ed04ff0b StaticDependenciesID=4af081098ec679e6ffb7437950c438ba 
Number of updated asset objects reloaded before import = 0
Number of asset objects unloaded after import = 0
========================================================================
Received Import Request.
  Time of request: 2026-09-30T12:28:08.4607033Z
  Time since last request: 0.0002653 seconds.
  importAddress: GUID: 749d1db079e2d5e4ea440488ee312b04 - Path: Packages/com.unity.visualscripting/Graphics/Icons_16x_72dpi.psd - Importer: ScriptedImporter/UnityEditor.QuickSearchModule:UnityEditor.Search:ASIAI0B
Importing 'GUID: 749d1db079e2d5e4ea440488ee312b04 - Path: Packages/com.unity.visualscripting/Graphics/Icons_16x_72dpi.psd - Importer: ScriptedImporter/UnityEditor.QuickSearchModule:UnityEditor.Search:ASIAI0B' with importer (ScriptedImporter : UnityEditor.QuickSearchModule:UnityEditor.Search:ASIAI0B)
Imported 'GUID: 749d1db079e2d5e4ea440488ee312b04' -> (Import Result ID: '370aff41345e6139ae8c39b3adb280bc') in 0.004 seconds [static and dynamic dependencies]. Details - ImportResultOutputID=abdfeac0022c1908c92e5325b67d073a DependenciesID=ec7714f1c2f290bd445576fe26343e4b StaticDependenciesID=4cfedbe73bd3a60752a216afc9d490f0 
Number of updated asset objects reloaded before import = 0
Number of asset objects unloaded after import = 1
========================================================================
Received Import Request.
  Time of request: 2026-09-30T12:28:08.4651258Z
  Time since last request: 0.0002685 seconds.
  importAddress: GUID: 44645be24e12a48a9ba727b163f3b637 - Path: Packages/com.unity.visualscripting/Editor/VisualScripting.Flow/XFlowGraph.cs - Importer: ScriptedImporter/UnityEditor.QuickSearchModule:UnityEditor.Search:ASIAI0B
Importing 'GUID: 44645be24e12a48a9ba727b163f3b637 - Path: Packages/com.unity.visualscripting/Editor/VisualScripting.Flow/XFlowGraph.cs - Importer: ScriptedImporter/UnityEditor.QuickSearchModule:UnityEditor.Search:ASIAI0B' with importer (ScriptedImporter : UnityEditor.QuickSearchModule:UnityEditor.Search:ASIAI0B)
Imported 'GUID: 44645be24e12a48a9ba727b163f3b637' -> (Import Result ID: '279c5b5d9eb333d080c5b51ddcd3a7c6') in 0.003 seconds [static and dynamic dependencies]. Details - ImportResultOutputID=ad05d9a753c9528cc2acc2a8e36d9226 DependenciesID=7cf77bf7f6cba3d6eff6f1705a08bc54 StaticDependenciesID=41f399f9e63205e50623f865efc390a5 
Number of updated asset objects reloaded before import = 0
Number of asset objects unloaded after import = 0
========================================================================
Received Import Request.
  Time of request: 2026-09-30T12:28:08.4683819Z
  Time since last request: 0.0004136 seconds.
  importAddress: GUID: 5f1b15ef6f7374405b6abe5fae72c2e3 - Path: Packages/com.unity.visualscripting/Editor/VisualScripting.Core/AssetBundleCreator.cs - Importer: ScriptedImporter/UnityEditor.QuickSearchModule:UnityEditor.Search:ASIAI0B
Importing 'GUID: 5f1b15ef6f7374405b6abe5fae72c2e3 - Path: Packages/com.unity.visualscripting/Editor/VisualScripting.Core/AssetBundleCreator.cs - Importer: ScriptedImporter/UnityEditor.QuickSearchModule:UnityEditor.Search:ASIAI0B' with importer (ScriptedImporter : UnityEditor.QuickSearchModule:UnityEditor.Search:ASIAI0B)
Imported 'GUID: 5f1b15ef6f7374405b6abe5fae72c2e3' -> (Import Result ID: '8974511c74f0be71dfe079e292e7b5fb') in 0.002 seconds [static and dynamic dependencies]. Details - ImportResultOutputID=2b9f9ecf9b809b04c340c05bc86be652 DependenciesID=dc286388557407847f044d37abed66ac StaticDependenciesID=1f6c452d7ac7ae361e7e8ab9bdc693d7 
Number of updated asset objects reloaded before import = 0
Number of asset objects unloaded after import = 0
========================================================================
Received Import Request.
  Time of request: 2026-09-30T12:28:08.4712975Z
  Time since last request: 0.000367 seconds.
  importAddress: GUID: 10477d5d4528e40818aa77439952fa2f - Path: Packages/com.unity.visualscripting/Runtime/VisualScripting.Flow/IUnit.cs - Importer: ScriptedImporter/UnityEditor.QuickSearchModule:UnityEditor.Search:ASIAI0B
Importing 'GUID: 10477d5d4528e40818aa77439952fa2f - Path: Packages/com.unity.visualscripting/Runtime/VisualScripting.Flow/IUnit.cs - Importer: ScriptedImporter/UnityEditor.QuickSearchModule:UnityEditor.Search:ASIAI0B' with importer (ScriptedImporter : UnityEditor.QuickSearchModule:UnityEditor.Search:ASIAI0B)
Imported 'GUID: 10477d5d4528e40818aa77439952fa2f' -> (Import Result ID: 'c5905d43df7ae1741c4cb7af03f3ab25') in 0.002 seconds [static and dynamic dependencies]. Details - ImportResultOutputID=162ee09343a5e46b383411b91e8cb0cd DependenciesID=1d2f3e0e303130af4ad7d00ccbf942f3 StaticDependenciesID=3f5f5cdd30c63dcfbaddc3a8eb079f32 
Number of updated asset objects reloaded before import = 0
Number of asset objects unloaded after import = 0
========================================================================
Received Import Request.
  Time of request: 2026-09-30T12:28:08.4741064Z
  Time since last request: 0.0006977 seconds.
  importAddress: GUID: 72a0f82474e843c2b1a9b9ca96c8d67c - Path: Packages/com.unity.visualscripting/Editor/VisualScripting.Flow/RuntimeGraphBase.cs - Importer: ScriptedImporter/UnityEditor.QuickSearchModule:UnityEditor.Search:ASIAI0B
Importing 'GUID: 72a0f82474e843c2b1a9b9ca96c8d67c - Path: Packages/com.unity.visualscripting/Editor/VisualScripting.Flow/RuntimeGraphBase.cs - Importer: ScriptedImporter/UnityEditor.QuickSearchModule:UnityEditor.Search:ASIAI0B' with importer (ScriptedImporter : UnityEditor.QuickSearchModule:UnityEditor.Search:ASIAI0B)
Imported 'GUID: 72a0f82474e843c2b1a9b9ca96c8d67c' -> (Import Result ID: '240b2096025c68919a7389831222f6b2') in 0.002 seconds [static and dynamic dependencies]. Details - ImportResultOutputID=4ce989073480373389110482b3d8a751 DependenciesID=febeca032dabf048e5b22cceceac2942 StaticDependenciesID=7383135aa6769f70990430c41481a6b4 
Number of updated asset objects reloaded before import = 0
Number of asset objects unloaded after import = 0
========================================================================
Received Import Request.
  Time of request: 2026-09-30T12:28:08.4764731Z
  Time since last request: 0.0003549 seconds.
  importAddress: GUID: d2078ea3a801441c3ae02ea594151478 - Path: Packages/com.unity.visualscripting/Editor/VisualScripting.Core/SemanticVersion.cs - Importer: ScriptedImporter/UnityEditor.QuickSearchModule:UnityEditor.Search:ASIAI0B
Importing 'GUID: d2078ea3a801441c3ae02ea594151478 - Path: Packages/com.unity.visualscripting/Editor/VisualScripting.Core/SemanticVersion.cs - Importer: ScriptedImporter/UnityEditor.QuickSearchModule:UnityEditor.Search:ASIAI0B' with importer (ScriptedImporter : UnityEditor.QuickSearchModule:UnityEditor.Search:ASIAI0B)
Imported 'GUID: d2078ea3a801441c3ae02ea594151478' -> (Import Result ID: '595d326474c95aee6e3f3c2b01775b82') in 0.002 seconds [static and dynamic dependencies]. Details - ImportResultOutputID=712a1e6b3123476236389f3b17e2b16e DependenciesID=2481b2da6b85ad6723d40650e2ce76ce StaticDependenciesID=fe110a4997cafda8c3a3fc346b0b2299 
Number of updated asset objects reloaded before import = 0
Number of asset objects unloaded after import = 0
========================================================================
Received Import Request.
  Time of request: 2026-09-30T12:28:08.4788049Z
  Time since last request: 0.0002799 seconds.
  importAddress: GUID: 2f0cb32e9f8a4724ab6642e567fa5a7d - Path: Packages/com.unity.visualscripting/Graphics/Events.afphoto - Importer: ScriptedImporter/UnityEditor.QuickSearchModule:UnityEditor.Search:ASIAI0B
Importing 'GUID: 2f0cb32e9f8a4724ab6642e567fa5a7d - Path: Packages/com.unity.visualscripting/Graphics/Events.afphoto - Importer: ScriptedImporter/UnityEditor.QuickSearchModule:UnityEditor.Search:ASIAI0B' with importer (ScriptedImporter : UnityEditor.QuickSearchModule:UnityEditor.Search:ASIAI0B)
Imported 'GUID: 2f0cb32e9f8a4724ab6642e567fa5a7d' -> (Import Result ID: 'dee09a3514624717440d7fc2fadc7bc3') in 0.001 seconds [static and dynamic dependencies]. Details - ImportResultOutputID=25e53f81d55a274bbde6dd203bea71e8 DependenciesID=6c724059335940040a86b992e1c3e9aa StaticDependenciesID=63f007924b626467556706aef49fcf7c 
Number of updated asset objects reloaded before import = 0
Number of asset objects unloaded after import = 1
========================================================================
Received Import Request.
  Time of request: 2026-09-30T12:28:08.4806323Z
  Time since last request: 0.0002333 seconds.
  importAddress: GUID: d29ceac7c5137ce448ed2c50bd46467c - Path: Packages/com.unity.visualscripting/Graphics/FlowPorts_12x.afphoto - Importer: ScriptedImporter/UnityEditor.QuickSearchModule:UnityEditor.Search:ASIAI0B
Importing 'GUID: d29ceac7c5137ce448ed2c50bd46467c - Path: Packages/com.unity.visualscripting/Graphics/FlowPorts_12x.afphoto - Importer: ScriptedImporter/UnityEditor.QuickSearchModule:UnityEditor.Search:ASIAI0B' with importer (ScriptedImporter : UnityEditor.QuickSearchModule:UnityEditor.Search:ASIAI0B)
Imported 'GUID: d29ceac7c5137ce448ed2c50bd46467c' -> (Import Result ID: '2cbd1d780622cbfa919dcb23738eaf3a') in 0.002 seconds [static and dynamic dependencies]. Details - ImportResultOutputID=39b0fd4fe3ab530cfbb5ce4959532cfd DependenciesID=e6562b5d90afdafaa7b33a287dd95d01 StaticDependenciesID=46b77687eb16b3f53fa1c8a592028c49 
Number of updated asset objects reloaded before import = 0
Number of asset objects unloaded after import = 1
========================================================================
Received Import Request.
  Time of request: 2026-09-30T12:28:08.4833871Z
  Time since last request: 0.0003211 seconds.
  importAddress: GUID: 21b0c8d1703a94250bfac916590cea4f - Path: Packages/com.unity.visualscripting/Runtime/VisualScripting.Core/Unity.VisualScripting.Core.asmdef - Importer: ScriptedImporter/UnityEditor.QuickSearchModule:UnityEditor.Search:ASIAI0B
Importing 'GUID: 21b0c8d1703a94250bfac916590cea4f - Path: Packages/com.unity.visualscripting/Runtime/VisualScripting.Core/Unity.VisualScripting.Core.asmdef - Importer: ScriptedImporter/UnityEditor.QuickSearchModule:UnityEditor.Search:ASIAI0B' with importer (ScriptedImporter : UnityEditor.QuickSearchModule:UnityEditor.Search:ASIAI0B)
Imported 'GUID: 21b0c8d1703a94250bfac916590cea4f' -> (Import Result ID: '7f53f3f8b97a26f11c6ad4a6ccea3691') in 0.001 seconds [static and dynamic dependencies]. Details - ImportResultOutputID=c0bd298d5b2a05eada0dd8c8a750b58b DependenciesID=6ce0537baa3a7b2b82f6166b0e4c1a0f StaticDependenciesID=b74dbf4faeed7e268ec7cb205fada6e8 
Number of updated asset objects reloaded before import = 0
Number of asset objects unloaded after import = 1
========================================================================
Received Import Request.
  Time of request: 2026-09-30T12:28:08.4852609Z
  Time since last request: 0.0002915 seconds.
  importAddress: GUID: ba9c71f100044b3a9dca49c8f9e489cb - Path: Packages/com.unity.visualscripting/Editor/SettingsProvider/EditorPreferencesProvider.cs - Importer: ScriptedImporter/UnityEditor.QuickSearchModule:UnityEditor.Search:ASIAI0B
Importing 'GUID: ba9c71f100044b3a9dca49c8f9e489cb - Path: Packages/com.unity.visualscripting/Editor/SettingsProvider/EditorPreferencesProvider.cs - Importer: ScriptedImporter/UnityEditor.QuickSearchModule:UnityEditor.Search:ASIAI0B' with importer (ScriptedImporter : UnityEditor.QuickSearchModule:UnityEditor.Search:ASIAI0B)
Imported 'GUID: ba9c71f100044b3a9dca49c8f9e489cb' -> (Import Result ID: '8b55a17611ad9af98887cc174406e55a') in 0.001 seconds [static and dynamic dependencies]. Details - ImportResultOutputID=7d78673bac2d3cded26012cb4341deaf DependenciesID=a104d4de24acb71e47c92e8ae75456a1 StaticDependenciesID=0c4bc412bf860170e9105208906a2e6d 
Number of updated asset objects reloaded before import = 0
Number of asset objects unloaded after import = 0
========================================================================
Received Import Request.
  Time of request: 2026-09-30T12:28:08.4870461Z
  Time since last request: 0.0002709 seconds.
  importAddress: GUID: 365c53ddcbed946fab90ee822d1fcced - Path: Packages/com.unity.visualscripting/Editor/VisualScripting.Shared/EmptyGraphWindow.cs - Importer: ScriptedImporter/UnityEditor.QuickSearchModule:UnityEditor.Search:ASIAI0B
Importing 'GUID: 365c53ddcbed946fab90ee822d1fcced - Path: Packages/com.unity.visualscripting/Editor/VisualScripting.Shared/EmptyGraphWindow.cs - Importer: ScriptedImporter/UnityEditor.QuickSearchModule:UnityEditor.Search:ASIAI0B' with importer (ScriptedImporter : UnityEditor.QuickSearchModule:UnityEditor.Search:ASIAI0B)
Imported 'GUID: 365c53ddcbed946fab90ee822d1fcced' -> (Import Result ID: '46335dedb39f82d3edab8e4020fbb8c0') in 0.002 seconds [static and dynamic dependencies]. Details - ImportResultOutputID=891a1eb2ea41ed7bbfadca1c6d35d313 DependenciesID=5b5dcd78744eb1f3f9d97f261667cda3 StaticDependenciesID=fe547f8b08c2593e3502c4439fa551b2 
Number of updated asset objects reloaded before import = 0
Number of asset objects unloaded after import = 0
========================================================================
Received Import Request.
  Time of request: 2026-09-30T12:28:08.4891253Z
  Time since last request: 0.0003041 seconds.
  importAddress: GUID: b5ee3c473bbc24eaaaea9bccbee0684b - Path: Packages/com.unity.visualscripting/Runtime/VisualScripting.Flow/INesterUnit.cs - Importer: ScriptedImporter/UnityEditor.QuickSearchModule:UnityEditor.Search:ASIAI0B
Importing 'GUID: b5ee3c473bbc24eaaaea9bccbee0684b - Path: Packages/com.unity.visualscripting/Runtime/VisualScripting.Flow/INesterUnit.cs - Importer: ScriptedImporter/UnityEditor.QuickSearchModule:UnityEditor.Search:ASIAI0B' with importer (ScriptedImporter : UnityEditor.QuickSearchModule:UnityEditor.Search:ASIAI0B)
Imported 'GUID: b5ee3c473bbc24eaaaea9bccbee0684b' -> (Import Result ID: '84dcd748b7a78ccc00d41724a0acef2a') in 0.001 seconds [static and dynamic dependencies]. Details - ImportResultOutputID=051fb0879538773ffd188b01733e2895 DependenciesID=222089fe60e65eaee08d7a7a66b9fd99 StaticDependenciesID=5ae7b36dd4757dd0a343b937d609ec0c 
Number of updated asset objects reloaded before import = 0
Number of asset objects unloaded after import = 0
========================================================================
Received Import Request.
  Time of request: 2026-09-30T12:28:08.4910268Z
  Time since last request: 0.0002953 seconds.
  importAddress: GUID: f10496e9d78b943308af5e7e9e4543c8 - Path: Packages/com.unity.visualscripting/Editor/VisualScripting.State/Unity.VisualScripting.State.Editor.asmdef - Importer: ScriptedImporter/UnityEditor.QuickSearchModule:UnityEditor.Search:ASIAI0B
Importing 'GUID: f10496e9d78b943308af5e7e9e4543c8 - Path: Packages/com.unity.visualscripting/Editor/VisualScripting.State/Unity.VisualScripting.State.Editor.asmdef - Importer: ScriptedImporter/UnityEditor.QuickSearchModule:UnityEditor.Search:ASIAI0B' with importer (ScriptedImporter : UnityEditor.QuickSearchModule:UnityEditor.Search:ASIAI0B)
Imported 'GUID: f10496e9d78b943308af5e7e9e4543c8' -> (Import Result ID: '8636cd72380dbf15ce965b116fb93099') in 0.001 seconds [static and dynamic dependencies]. Details - ImportResultOutputID=be87c1a517b68c722a531b81d76d24c7 DependenciesID=11058a3b81c49f4b74d6d21975cf684e StaticDependenciesID=eed70b4509f65150e04a583dd8d40708 
Number of updated asset objects reloaded before import = 0
Number of asset objects unloaded after import = 1
========================================================================
Received Import Request.
  Time of request: 2026-09-30T12:28:08.4929012Z
  Time since last request: 0.0002692 seconds.
  importAddress: GUID: b7453dd8d3980405794f631eea9f420e - Path: Packages/com.unity.visualscripting/Editor/SettingsProvider/EditorPreferencesProviderView.cs - Importer: ScriptedImporter/UnityEditor.QuickSearchModule:UnityEditor.Search:ASIAI0B
Importing 'GUID: b7453dd8d3980405794f631eea9f420e - Path: Packages/com.unity.visualscripting/Editor/SettingsProvider/EditorPreferencesProviderView.cs - Importer: ScriptedImporter/UnityEditor.QuickSearchModule:UnityEditor.Search:ASIAI0B' with importer (ScriptedImporter : UnityEditor.QuickSearchModule:UnityEditor.Search:ASIAI0B)
Imported 'GUID: b7453dd8d3980405794f631eea9f420e' -> (Import Result ID: '9281c3173ff78402d878f24dee4d1963') in 0.002 seconds [static and dynamic dependencies]. Details - ImportResultOutputID=40b7af89d5131061cf80f8ce0fca1be5 DependenciesID=8b09748cba125de488489561c0f281db StaticDependenciesID=bd1dbf3089e47b19aad651f63e987930 
Number of updated asset objects reloaded before import = 0
Number of asset objects unloaded after import = 0
========================================================================
Received Import Request.
  Time of request: 2026-09-30T12:28:08.4951552Z
  Time since last request: 0.0002561 seconds.
  importAddress: GUID: 58cddc0883dde5740a5da5c1395c30e7 - Path: Packages/com.unity.visualscripting/Graphics/Constant_16x.ai - Importer: ScriptedImporter/UnityEditor.QuickSearchModule:UnityEditor.Search:ASIAI0B
Importing 'GUID: 58cddc0883dde5740a5da5c1395c30e7 - Path: Packages/com.unity.visualscripting/Graphics/Constant_16x.ai - Importer: ScriptedImporter/UnityEditor.QuickSearchModule:UnityEditor.Search:ASIAI0B' with importer (ScriptedImporter : UnityEditor.QuickSearchModule:UnityEditor.Search:ASIAI0B)
Imported 'GUID: 58cddc0883dde5740a5da5c1395c30e7' -> (Import Result ID: 'f849942606347b33817c51b2ffdcb761') in 0.002 seconds [static and dynamic dependencies]. Details - ImportResultOutputID=2fd3ae3d00dce0f2d3a69db7d27c1e33 DependenciesID=65b7d37d9dc8f4288cff33fb46f3b568 StaticDependenciesID=9eea63b851cff56cd2f4b6abfc1b8a09 
Number of updated asset objects reloaded before import = 0
Number of asset objects unloaded after import = 1
========================================================================
Received Import Request.
  Time of request: 2026-09-30T12:28:08.510349Z
  Time since last request: 0.0134766 seconds.
  importAddress: GUID: dddbc361923f641f38ce78381c990d01 - Path: Packages/com.unity.visualscripting/Runtime/VisualScripting.State/NesterStateTransition.cs - Importer: ScriptedImporter/UnityEditor.QuickSearchModule:UnityEditor.Search:ASIAI0B
Importing 'GUID: dddbc361923f641f38ce78381c990d01 - Path: Packages/com.unity.visualscripting/Runtime/VisualScripting.State/NesterStateTransition.cs - Importer: ScriptedImporter/UnityEditor.QuickSearchModule:UnityEditor.Search:ASIAI0B' with importer (ScriptedImporter : UnityEditor.QuickSearchModule:UnityEditor.Search:ASIAI0B)
Imported 'GUID: dddbc361923f641f38ce78381c990d01' -> (Import Result ID: 'fcb34ce5cdbbc9358a871a48d2f73b15') in 0.002 seconds [static and dynamic dependencies]. Details - ImportResultOutputID=5fc9350e4ef058a3e79af2d6ae2f3a04 DependenciesID=c2becb27736dde47e29a4e643d352626 StaticDependenciesID=46322ae40056bd891fc9b9916c14ee06 
Number of updated asset objects reloaded before import = 0
Number of asset objects unloaded after import = 0
========================================================================
Received Import Request.
  Time of request: 2026-09-30T12:28:08.5131652Z
  Time since last request: 0.0002856 seconds.
  importAddress: GUID: 0bd6d62c34b19457e82fc142fc1a6093 - Path: Packages/com.unity.visualscripting/Runtime/VisualScripting.State/FlowStateTransition.cs - Importer: ScriptedImporter/UnityEditor.QuickSearchModule:UnityEditor.Search:ASIAI0B
Importing 'GUID: 0bd6d62c34b19457e82fc142fc1a6093 - Path: Packages/com.unity.visualscripting/Runtime/VisualScripting.State/FlowStateTransition.cs - Importer: ScriptedImporter/UnityEditor.QuickSearchModule:UnityEditor.Search:ASIAI0B' with importer (ScriptedImporter : UnityEditor.QuickSearchModule:UnityEditor.Search:ASIAI0B)
Imported 'GUID: 0bd6d62c34b19457e82fc142fc1a6093' -> (Import Result ID: 'e6ce4967ce826cbb3bce5ba71bbc8760') in 0.001 seconds [static and dynamic dependencies]. Details - ImportResultOutputID=2b45243ae902fc184764bce37959f423 DependenciesID=d7eaaf9086bca742dd33a94edbba9205 StaticDependenciesID=34d07da1cf0a7ac6e694f66610c042e3 
Number of updated asset objects reloaded before import = 0
Number of asset objects unloaded after import = 0
========================================================================
Received Import Request.
  Time of request: 2026-09-30T12:28:08.5150536Z
  Time since last request: 0.0004346 seconds.
  importAddress: GUID: d20b55e1b62454c3cb8261290858b417 - Path: Packages/com.unity.visualscripting/Runtime/VisualScripting.State/StateGraph.cs - Importer: ScriptedImporter/UnityEditor.QuickSearchModule:UnityEditor.Search:ASIAI0B
Importing 'GUID: d20b55e1b62454c3cb8261290858b417 - Path: Packages/com.unity.visualscripting/Runtime/VisualScripting.State/StateGraph.cs - Importer: ScriptedImporter/UnityEditor.QuickSearchModule:UnityEditor.Search:ASIAI0B' with importer (ScriptedImporter : UnityEditor.QuickSearchModule:UnityEditor.Search:ASIAI0B)
Imported 'GUID: d20b55e1b62454c3cb8261290858b417' -> (Import Result ID: '3c39cdb02a8d62b4b3dd07fcad44298e') in 0.001 seconds [static and dynamic dependencies]. Details - ImportResultOutputID=430df78ff20e72a571cadaecf98a29b3 DependenciesID=7ac1b7414ec6cf87ecf0cf5b14741df3 StaticDependenciesID=6c834cba7ca9657607f7d7abeeae0474 
Number of updated asset objects reloaded before import = 0
Number of asset objects unloaded after import = 0
========================================================================
Received Import Request.
  Time of request: 2026-09-30T12:28:08.516795Z
  Time since last request: 0.0003074 seconds.
  importAddress: GUID: 530e556d4407947dcae7102ff497587d - Path: Packages/com.unity.visualscripting/Runtime/VisualScripting.State/StateGraphAsset.cs - Importer: ScriptedImporter/UnityEditor.QuickSearchModule:UnityEditor.Search:ASIAI0B
Importing 'GUID: 530e556d4407947dcae7102ff497587d - Path: Packages/com.unity.visualscripting/Runtime/VisualScripting.State/StateGraphAsset.cs - Importer: ScriptedImporter/UnityEditor.QuickSearchModule:UnityEditor.Search:ASIAI0B' with importer (ScriptedImporter : UnityEditor.QuickSearchModule:UnityEditor.Search:ASIAI0B)
Imported 'GUID: 530e556d4407947dcae7102ff497587d' -> (Import Result ID: 'cda78c3fc75048f35ad8e8cefa7ef5bb') in 0.003 seconds [static and dynamic dependencies]. Details - ImportResultOutputID=064b82cc58b87da0ef3ca4db0102ab5c DependenciesID=14b66c638f3bb27a94f7e546e11cfdfd StaticDependenciesID=154b00a8e087eec1141b0da61d1a278a 
Number of updated asset objects reloaded before import = 0
Number of asset objects unloaded after import = 1
========================================================================
Received Import Request.
  Time of request: 2026-09-30T12:28:08.5204075Z
  Time since last request: 0.0005323 seconds.
  importAddress: GUID: 3c1d7ff7db0a74ac28a76a55589c6651 - Path: Packages/com.unity.visualscripting/Runtime/VisualScripting.State/StateTransition.cs - Importer: ScriptedImporter/UnityEditor.QuickSearchModule:UnityEditor.Search:ASIAI0B
Importing 'GUID: 3c1d7ff7db0a74ac28a76a55589c6651 - Path: Packages/com.unity.visualscripting/Runtime/VisualScripting.State/StateTransition.cs - Importer: ScriptedImporter/UnityEditor.QuickSearchModule:UnityEditor.Search:ASIAI0B' with importer (ScriptedImporter : UnityEditor.QuickSearchModule:UnityEditor.Search:ASIAI0B)
Imported 'GUID: 3c1d7ff7db0a74ac28a76a55589c6651' -> (Import Result ID: '9419ee16639a6ae312f03bf44c7bab46') in 0.002 seconds [static and dynamic dependencies]. Details - ImportResultOutputID=9fcd0d69c9d8fa5e501f151395638044 DependenciesID=69704c988358e32c22ef8498b293042a StaticDependenciesID=52560bf6bd713d9364e9ae4961f114f2 
Number of updated asset objects reloaded before import = 0
Number of asset objects unloaded after import = 0
========================================================================
Received Import Request.
  Time of request: 2026-09-30T12:28:08.5234441Z
  Time since last request: 0.000387 seconds.
  importAddress: GUID: d195fcaa7976240d09b19fccb42c2068 - Path: Packages/com.unity.visualscripting/Editor/VisualScripting.Core/Assignment/AssignsAttribute.cs - Importer: ScriptedImporter/UnityEditor.QuickSearchModule:UnityEditor.Search:ASIAI0B
Importing 'GUID: d195fcaa7976240d09b19fccb42c2068 - Path: Packages/com.unity.visualscripting/Editor/VisualScripting.Core/Assignment/AssignsAttribute.cs - Importer: ScriptedImporter/UnityEditor.QuickSearchModule:UnityEditor.Search:ASIAI0B' with importer (ScriptedImporter : UnityEditor.QuickSearchModule:UnityEditor.Search:ASIAI0B)
Imported 'GUID: d195fcaa7976240d09b19fccb42c2068' -> (Import Result ID: 'a46da00da9eb2c0346dbaed4cea3dbbe') in 0.002 seconds [static and dynamic dependencies]. Details - ImportResultOutputID=708074748dbc435e5c7bf13cba7da989 DependenciesID=1bc6b8b3520ed0cf2e4d6d93411b233a StaticDependenciesID=22bae858f0d9369c8a2279d29e79b867 
Number of updated asset objects reloaded before import = 0
Number of asset objects unloaded after import = 0
========================================================================
Received Import Request.
  Time of request: 2026-09-30T12:28:08.525725Z
  Time since last request: 0.0004216 seconds.
  importAddress: GUID: 624ee9ba5d484bf4c9e9e910d66273e3 - Path: Packages/com.unity.visualscripting/Editor/VisualScripting.Core/Analytics/MigrationAnalytics.cs - Importer: ScriptedImporter/UnityEditor.QuickSearchModule:UnityEditor.Search:ASIAI0B
Importing 'GUID: 624ee9ba5d484bf4c9e9e910d66273e3 - Path: Packages/com.unity.visualscripting/Editor/VisualScripting.Core/Analytics/MigrationAnalytics.cs - Importer: ScriptedImporter/UnityEditor.QuickSearchModule:UnityEditor.Search:ASIAI0B' with importer (ScriptedImporter : UnityEditor.QuickSearchModule:UnityEditor.Search:ASIAI0B)
Imported 'GUID: 624ee9ba5d484bf4c9e9e910d66273e3' -> (Import Result ID: '68ab5530c7842ec36755f85fd84fbfe9') in 0.002 seconds [static and dynamic dependencies]. Details - ImportResultOutputID=c01ab192aaec2976f01d26a8660690d1 DependenciesID=7969afb221ff0562ca3a5dfeda3d6c38 StaticDependenciesID=f6d59805ca34f513677b295428eaf18c 
Number of updated asset objects reloaded before import = 0
Number of asset objects unloaded after import = 0
========================================================================
Received Import Request.
  Time of request: 2026-09-30T12:28:08.5283431Z
  Time since last request: 0.0002722 seconds.
  importAddress: GUID: 36f9aad66340e42e98a0d64fb043351f - Path: Packages/com.unity.visualscripting/Runtime/VisualScripting.State/FlowState.cs - Importer: ScriptedImporter/UnityEditor.QuickSearchModule:UnityEditor.Search:ASIAI0B
Importing 'GUID: 36f9aad66340e42e98a0d64fb043351f - Path: Packages/com.unity.visualscripting/Runtime/VisualScripting.State/FlowState.cs - Importer: ScriptedImporter/UnityEditor.QuickSearchModule:UnityEditor.Search:ASIAI0B' with importer (ScriptedImporter : UnityEditor.QuickSearchModule:UnityEditor.Search:ASIAI0B)
Imported 'GUID: 36f9aad66340e42e98a0d64fb043351f' -> (Import Result ID: '6d06f12c07beb23db6118b2c408e7e2e') in 0.001 seconds [static and dynamic dependencies]. Details - ImportResultOutputID=5a1c40030814284e62ffc5c1b477ca7b DependenciesID=5ae64095fdeec181c6bec8360f3c5b02 StaticDependenciesID=d359018f30a8aa776b5572a207e2d9af 
Number of updated asset objects reloaded before import = 0
Number of asset objects unloaded after import = 0
========================================================================
Received Import Request.
  Time of request: 2026-09-30T12:28:08.5301912Z
  Time since last request: 0.0002653 seconds.
  importAddress: GUID: deb08b5b8bf324486b189589674736df - Path: Packages/com.unity.visualscripting/Runtime/VisualScripting.State/SuperState.cs - Importer: ScriptedImporter/UnityEditor.QuickSearchModule:UnityEditor.Search:ASIAI0B
Importing 'GUID: deb08b5b8bf324486b189589674736df - Path: Packages/com.unity.visualscripting/Runtime/VisualScripting.State/SuperState.cs - Importer: ScriptedImporter/UnityEditor.QuickSearchModule:UnityEditor.Search:ASIAI0B' with importer (ScriptedImporter : UnityEditor.QuickSearchModule:UnityEditor.Search:ASIAI0B)
Imported 'GUID: deb08b5b8bf324486b189589674736df' -> (Import Result ID: 'cd2b7d136b97b00b40b3fe8db784e0ff') in 0.002 seconds [static and dynamic dependencies]. Details - ImportResultOutputID=cde3bcf501a74c2967cadc06f13569d8 DependenciesID=c01025bed7e7a28d15220fa59d66ebdf StaticDependenciesID=d03dff7643383600ae844ab8d6cc15d8 
Number of updated asset objects reloaded before import = 0
Number of asset objects unloaded after import = 0
========================================================================
Received Import Request.
  Time of request: 2026-09-30T12:28:08.5325658Z
  Time since last request: 0.0003557 seconds.
  importAddress: GUID: 7cf3624e65e804bfb9dd35ee9884f519 - Path: Packages/com.unity.visualscripting/Editor/VisualScripting.Core/Analysis/Analyser.cs - Importer: ScriptedImporter/UnityEditor.QuickSearchModule:UnityEditor.Search:ASIAI0B
Importing 'GUID: 7cf3624e65e804bfb9dd35ee9884f519 - Path: Packages/com.unity.visualscripting/Editor/VisualScripting.Core/Analysis/Analyser.cs - Importer: ScriptedImporter/UnityEditor.QuickSearchModule:UnityEditor.Search:ASIAI0B' with importer (ScriptedImporter : UnityEditor.QuickSearchModule:UnityEditor.Search:ASIAI0B)
Imported 'GUID: 7cf3624e65e804bfb9dd35ee9884f519' -> (Import Result ID: '6f04adfa0838e32af9435513e19336e1') in 0.002 seconds [static and dynamic dependencies]. Details - ImportResultOutputID=785059cc835cd14025495b05399e1f65 DependenciesID=b92bf7c78f97ab60a1c548fc5d5c044b StaticDependenciesID=5c6f75aea0d5feecd55b286f140aea1f 
Number of updated asset objects reloaded before import = 0
Number of asset objects unloaded after import = 0
========================================================================
Received Import Request.
  Time of request: 2026-09-30T12:28:08.5352415Z
  Time since last request: 0.0003275 seconds.
  importAddress: GUID: 0d4c8c0a5be6245e2aad918069f79df5 - Path: Packages/com.unity.visualscripting/Runtime/VisualScripting.State/IState.cs - Importer: ScriptedImporter/UnityEditor.QuickSearchModule:UnityEditor.Search:ASIAI0B
Importing 'GUID: 0d4c8c0a5be6245e2aad918069f79df5 - Path: Packages/com.unity.visualscripting/Runtime/VisualScripting.State/IState.cs - Importer: ScriptedImporter/UnityEditor.QuickSearchModule:UnityEditor.Search:ASIAI0B' with importer (ScriptedImporter : UnityEditor.QuickSearchModule:UnityEditor.Search:ASIAI0B)
Imported 'GUID: 0d4c8c0a5be6245e2aad918069f79df5' -> (Import Result ID: 'ff351099364c6180181c01d806a39907') in 0.002 seconds [static and dynamic dependencies]. Details - ImportResultOutputID=8898cfefafa2bf81e232146967fd9474 DependenciesID=aa2d6338cdbb27d2ccba20c3fa7d5b7d StaticDependenciesID=325c4cd579fbe8547abc0b0b621b90bb 
Number of updated asset objects reloaded before import = 0
Number of asset objects unloaded after import = 0
========================================================================
Received Import Request.
  Time of request: 2026-09-30T12:28:08.5377203Z
  Time since last request: 0.0002247 seconds.
  importAddress: GUID: 13dd86e0bca1a407a84da6c49b4dda21 - Path: Packages/com.unity.visualscripting/Runtime/VisualScripting.State/NesterState.cs - Importer: ScriptedImporter/UnityEditor.QuickSearchModule:UnityEditor.Search:ASIAI0B
Importing 'GUID: 13dd86e0bca1a407a84da6c49b4dda21 - Path: Packages/com.unity.visualscripting/Runtime/VisualScripting.State/NesterState.cs - Importer: ScriptedImporter/UnityEditor.QuickSearchModule:UnityEditor.Search:ASIAI0B' with importer (ScriptedImporter : UnityEditor.QuickSearchModule:UnityEditor.Search:ASIAI0B)
Imported 'GUID: 13dd86e0bca1a407a84da6c49b4dda21' -> (Import Result ID: 'b675bd4678273eadc0e694d14b5025ca') in 0.001 seconds [static and dynamic dependencies]. Details - ImportResultOutputID=6ac53534c70beae45c3ad8b689b49df8 DependenciesID=f6d3e4e7ca70bc30290b6aeda74f3f5c StaticDependenciesID=12155b6b5036037c521c3246e109f835 
Number of updated asset objects reloaded before import = 0
Number of asset objects unloaded after import = 0
========================================================================
Received Import Request.
  Time of request: 2026-09-30T12:28:08.5397077Z
  Time since last request: 0.0005021 seconds.
  importAddress: GUID: 95a25cee844754179994fcad95ae5d7a - Path: Packages/com.unity.visualscripting/Runtime/VisualScripting.Flow/SubgraphUnit.cs - Importer: ScriptedImporter/UnityEditor.QuickSearchModule:UnityEditor.Search:ASIAI0B
Importing 'GUID: 95a25cee844754179994fcad95ae5d7a - Path: Packages/com.unity.visualscripting/Runtime/VisualScripting.Flow/SubgraphUnit.cs - Importer: ScriptedImporter/UnityEditor.QuickSearchModule:UnityEditor.Search:ASIAI0B' with importer (ScriptedImporter : UnityEditor.QuickSearchModule:UnityEditor.Search:ASIAI0B)
Imported 'GUID: 95a25cee844754179994fcad95ae5d7a' -> (Import Result ID: '07d14795d3b1d2aad4fdacd4767f30af') in 0.002 seconds [static and dynamic dependencies]. Details - ImportResultOutputID=2c65b39d98365f622f5f10ab172d56b2 DependenciesID=42665384d009766f97918e098fbc0f2f StaticDependenciesID=57e2570291adfb15fcfd99cf2d8dd4ab 
Number of updated asset objects reloaded before import = 0
Number of asset objects unloaded after import = 0
========================================================================
Received Import Request.
  Time of request: 2026-09-30T12:28:08.5416341Z
  Time since last request: 0.0002523 seconds.
  importAddress: GUID: b1eb0e9411d1e4ed880da3147ac22dc8 - Path: Packages/com.unity.visualscripting/Editor/VisualScripting.Core/Analysis/IAnalyser.cs - Importer: ScriptedImporter/UnityEditor.QuickSearchModule:UnityEditor.Search:ASIAI0B
Importing 'GUID: b1eb0e9411d1e4ed880da3147ac22dc8 - Path: Packages/com.unity.visualscripting/Editor/VisualScripting.Core/Analysis/IAnalyser.cs - Importer: ScriptedImporter/UnityEditor.QuickSearchModule:UnityEditor.Search:ASIAI0B' with importer (ScriptedImporter : UnityEditor.QuickSearchModule:UnityEditor.Search:ASIAI0B)
Imported 'GUID: b1eb0e9411d1e4ed880da3147ac22dc8' -> (Import Result ID: '3bf31b41a8287913288f609f03751c33') in 0.002 seconds [static and dynamic dependencies]. Details - ImportResultOutputID=74a172b5b9bcad7a35a2df8ee0014bf7 DependenciesID=f6de77a30ed9e57c528e1e20a95eba7b StaticDependenciesID=63b733c3853bc77257bf3b33e7b2e495 
Number of updated asset objects reloaded before import = 0
Number of asset objects unloaded after import = 0
========================================================================
Received Import Request.
  Time of request: 2026-09-30T12:28:08.5442223Z
  Time since last request: 0.0008802 seconds.
  importAddress: GUID: ed238706c8f164901838f48247dfc1ee - Path: Packages/com.unity.visualscripting/Runtime/VisualScripting.Flow/UnitPreservation.cs - Importer: ScriptedImporter/UnityEditor.QuickSearchModule:UnityEditor.Search:ASIAI0B
Importing 'GUID: ed238706c8f164901838f48247dfc1ee - Path: Packages/com.unity.visualscripting/Runtime/VisualScripting.Flow/UnitPreservation.cs - Importer: ScriptedImporter/UnityEditor.QuickSearchModule:UnityEditor.Search:ASIAI0B' with importer (ScriptedImporter : UnityEditor.QuickSearchModule:UnityEditor.Search:ASIAI0B)
Imported 'GUID: ed238706c8f164901838f48247dfc1ee' -> (Import Result ID: 'b9b8d332ec72fd222f61a39ba798d446') in 0.001 seconds [static and dynamic dependencies]. Details - ImportResultOutputID=b4cbf29d1a9fe7f79d014759c6f212dd DependenciesID=493de75ccf8630361c42771e50b97b2d StaticDependenciesID=44f59efa0afb8643c5050e20b2bff430 
Number of updated asset objects reloaded before import = 0
Number of asset objects unloaded after import = 0
========================================================================
Received Import Request.
  Time of request: 2026-09-30T12:28:08.5462379Z
  Time since last request: 0.0003873 seconds.
  importAddress: GUID: 8b37c8ff4a4874e499c1e8d9407dd2a6 - Path: Packages/com.unity.visualscripting/Runtime/VisualScripting.Flow/Unit.cs - Importer: ScriptedImporter/UnityEditor.QuickSearchModule:UnityEditor.Search:ASIAI0B
Importing 'GUID: 8b37c8ff4a4874e499c1e8d9407dd2a6 - Path: Packages/com.unity.visualscripting/Runtime/VisualScripting.Flow/Unit.cs - Importer: ScriptedImporter/UnityEditor.QuickSearchModule:UnityEditor.Search:ASIAI0B' with importer (ScriptedImporter : UnityEditor.QuickSearchModule:UnityEditor.Search:ASIAI0B)
Imported 'GUID: 8b37c8ff4a4874e499c1e8d9407dd2a6' -> (Import Result ID: '1f1fcff8e10f488b31a7197468c18385') in 0.003 seconds [static and dynamic dependencies]. Details - ImportResultOutputID=e918256ba5db161dec33dc4d5471def0 DependenciesID=f3a1585f13cfbe8d56fd06da976bd955 StaticDependenciesID=c3d3a2d587b6352d678c2d0fc48e2f8a 
Number of updated asset objects reloaded before import = 0
Number of asset objects unloaded after import = 0
========================================================================
Received Import Request.
  Time of request: 2026-09-30T12:28:08.5501357Z
  Time since last request: 0.0002606 seconds.
  importAddress: GUID: b9937e27525304cf483c1c226a66aace - Path: Packages/com.unity.visualscripting/Runtime/VisualScripting.State/StateExitReason.cs - Importer: ScriptedImporter/UnityEditor.QuickSearchModule:UnityEditor.Search:ASIAI0B
Importing 'GUID: b9937e27525304cf483c1c226a66aace - Path: Packages/com.unity.visualscripting/Runtime/VisualScripting.State/StateExitReason.cs - Importer: ScriptedImporter/UnityEditor.QuickSearchModule:UnityEditor.Search:ASIAI0B' with importer (ScriptedImporter : UnityEditor.QuickSearchModule:UnityEditor.Search:ASIAI0B)
Imported 'GUID: b9937e27525304cf483c1c226a66aace' -> (Import Result ID: 'b21c7214431d45f50ca7d19b6716bb68') in 0.002 seconds [static and dynamic dependencies]. Details - ImportResultOutputID=01016fa37fa5da8d3bc6e7b0769081e6 DependenciesID=899b342cb05552f5abe467cde0b8bfbb StaticDependenciesID=b2e00bd78647a71b45c63269470b1f32 
Number of updated asset objects reloaded before import = 0
Number of asset objects unloaded after import = 0
========================================================================
Received Import Request.
  Time of request: 2026-09-30T12:28:08.5521357Z
  Time since last request: 0.0003081 seconds.
  importAddress: GUID: 96720bb3a1ee0448b8de15584f45ad51 - Path: Packages/com.unity.visualscripting/Runtime/VisualScripting.State/IStateDebugData.cs - Importer: ScriptedImporter/UnityEditor.QuickSearchModule:UnityEditor.Search:ASIAI0B
Importing 'GUID: 96720bb3a1ee0448b8de15584f45ad51 - Path: Packages/com.unity.visualscripting/Runtime/VisualScripting.State/IStateDebugData.cs - Importer: ScriptedImporter/UnityEditor.QuickSearchModule:UnityEditor.Search:ASIAI0B' with importer (ScriptedImporter : UnityEditor.QuickSearchModule:UnityEditor.Search:ASIAI0B)
Imported 'GUID: 96720bb3a1ee0448b8de15584f45ad51' -> (Import Result ID: 'c6fd4dd9632f916dee89f3da242e63dc') in 0.002 seconds [static and dynamic dependencies]. Details - ImportResultOutputID=451a7867fac9fd4ad5c71a0be27042a2 DependenciesID=a7c0a22af0a2088616bea063c11c09ab StaticDependenciesID=f321c281b9558b820e81bb538af451cf 
Number of updated asset objects reloaded before import = 0
Number of asset objects unloaded after import = 0
========================================================================
Received Import Request.
  Time of request: 2026-09-30T12:28:08.5542492Z
  Time since last request: 0.0003528 seconds.
  importAddress: GUID: 94752097317984586845b054debf8837 - Path: Packages/com.unity.visualscripting/Runtime/VisualScripting.State/TriggerStateTransition.cs - Importer: ScriptedImporter/UnityEditor.QuickSearchModule:UnityEditor.Search:ASIAI0B
Importing 'GUID: 94752097317984586845b054debf8837 - Path: Packages/com.unity.visualscripting/Runtime/VisualScripting.State/TriggerStateTransition.cs - Importer: ScriptedImporter/UnityEditor.QuickSearchModule:UnityEditor.Search:ASIAI0B' with importer (ScriptedImporter : UnityEditor.QuickSearchModule:UnityEditor.Search:ASIAI0B)
Imported 'GUID: 94752097317984586845b054debf8837' -> (Import Result ID: 'f6c03c950de3113e9a657560105d5e63') in 0.001 seconds [static and dynamic dependencies]. Details - ImportResultOutputID=116c2ea21580d63be44f63ee17cf388a DependenciesID=ece8147f9268aad2103c5359301245b5 StaticDependenciesID=32fabf8eb2630fa5d4fcb6b72fa979e2 
Number of updated asset objects reloaded before import = 0
Number of asset objects unloaded after import = 0
========================================================================
Received Import Request.
  Time of request: 2026-09-30T12:28:08.5561689Z
  Time since last request: 0.0003274 seconds.
  importAddress: GUID: 4218da2cc7b0547f2a287e752116fd68 - Path: Packages/com.unity.visualscripting/Runtime/VisualScripting.State/State.cs - Importer: ScriptedImporter/UnityEditor.QuickSearchModule:UnityEditor.Search:ASIAI0B
Importing 'GUID: 4218da2cc7b0547f2a287e752116fd68 - Path: Packages/com.unity.visualscripting/Runtime/VisualScripting.State/State.cs - Importer: ScriptedImporter/UnityEditor.QuickSearchModule:UnityEditor.Search:ASIAI0B' with importer (ScriptedImporter : UnityEditor.QuickSearchModule:UnityEditor.Search:ASIAI0B)
Imported 'GUID: 4218da2cc7b0547f2a287e752116fd68' -> (Import Result ID: '0f78e1a2ceee64d5aeacc33906171cc5') in 0.001 seconds [static and dynamic dependencies]. Details - ImportResultOutputID=43492dc86b22e4d233d4bc68726b596f DependenciesID=9c2a435c26af76673dff7ebc512d0713 StaticDependenciesID=eeb352cf1475fb7d25523920605d8324 
Number of updated asset objects reloaded before import = 0
Number of asset objects unloaded after import = 0
========================================================================
Received Import Request.
  Time of request: 2026-09-30T12:28:08.5578384Z
  Time since last request: 0.0003078 seconds.
  importAddress: GUID: 7cb1615bd41a3442a8aabbcb872046a3 - Path: Packages/com.unity.visualscripting/Editor/SettingsProvider/ProjectSettings/AssemblyOptionsSettings.cs - Importer: ScriptedImporter/UnityEditor.QuickSearchModule:UnityEditor.Search:ASIAI0B
Importing 'GUID: 7cb1615bd41a3442a8aabbcb872046a3 - Path: Packages/com.unity.visualscripting/Editor/SettingsProvider/ProjectSettings/AssemblyOptionsSettings.cs - Importer: ScriptedImporter/UnityEditor.QuickSearchModule:UnityEditor.Search:ASIAI0B' with importer (ScriptedImporter : UnityEditor.QuickSearchModule:UnityEditor.Search:ASIAI0B)
Imported 'GUID: 7cb1615bd41a3442a8aabbcb872046a3' -> (Import Result ID: 'eb336afaf1a7a54368717711afbd5c3e') in 0.001 seconds [static and dynamic dependencies]. Details - ImportResultOutputID=212b0a1f2719676b2a81854cd5af4a87 DependenciesID=12dcf3205c6dc0db87d6b17c240431fb StaticDependenciesID=7b47e62e86a9882c91cc1654d4130aad 
Number of updated asset objects reloaded before import = 0
Number of asset objects unloaded after import = 0
========================================================================
Received Import Request.
  Time of request: 2026-09-30T12:28:08.571123Z
  Time since last request: 0.0118984 seconds.
  importAddress: GUID: 159639efa590a4849a09879979cbba8b - Path: Packages/com.unity.visualscripting/Editor/VisualScripting.Core/Context/GraphContextAttribute.cs - Importer: ScriptedImporter/UnityEditor.QuickSearchModule:UnityEditor.Search:ASIAI0B
Importing 'GUID: 159639efa590a4849a09879979cbba8b - Path: Packages/com.unity.visualscripting/Editor/VisualScripting.Core/Context/GraphContextAttribute.cs - Importer: ScriptedImporter/UnityEditor.QuickSearchModule:UnityEditor.Search:ASIAI0B' with importer (ScriptedImporter : UnityEditor.QuickSearchModule:UnityEditor.Search:ASIAI0B)
Imported 'GUID: 159639efa590a4849a09879979cbba8b' -> (Import Result ID: 'a790af5338f9cacf029b740d6fdbe601') in 0.002 seconds [static and dynamic dependencies]. Details - ImportResultOutputID=6394567285cb571214d61aea21dcc274 DependenciesID=ac5901b293461901cff08b6429c1d025 StaticDependenciesID=c07f8623cc43b0ecf52e27ed011acdc2 
Number of updated asset objects reloaded before import = 0
Number of asset objects unloaded after import = 0
========================================================================
Received Import Request.
  Time of request: 2026-09-30T12:28:08.5734353Z
  Time since last request: 0.0004687 seconds.
  importAddress: GUID: c89d16b46444140d3bbbc42881903a35 - Path: Packages/com.unity.visualscripting/Editor/VisualScripting.Core/Context/GraphClipboard.cs - Importer: ScriptedImporter/UnityEditor.QuickSearchModule:UnityEditor.Search:ASIAI0B
Importing 'GUID: c89d16b46444140d3bbbc42881903a35 - Path: Packages/com.unity.visualscripting/Editor/VisualScripting.Core/Context/GraphClipboard.cs - Importer: ScriptedImporter/UnityEditor.QuickSearchModule:UnityEditor.Search:ASIAI0B' with importer (ScriptedImporter : UnityEditor.QuickSearchModule:UnityEditor.Search:ASIAI0B)
Imported 'GUID: c89d16b46444140d3bbbc42881903a35' -> (Import Result ID: '05112db74d3dc34247184614dddcfe44') in 0.002 seconds [static and dynamic dependencies]. Details - ImportResultOutputID=663e4f77dc44d892d725ca5919fa4e3d DependenciesID=124ab665691531ebeb6220021e01f889 StaticDependenciesID=5e3038311a64852793d8fd6d1974ede9 
Number of updated asset objects reloaded before import = 0
Number of asset objects unloaded after import = 0
========================================================================
Received Import Request.
  Time of request: 2026-09-30T12:28:08.5754934Z
  Time since last request: 0.0003128 seconds.
  importAddress: GUID: 2badc2f72eb6f4a8d8e6f42746b39cfa - Path: Packages/com.unity.visualscripting/Editor/VisualScripting.Core/Context/GraphContextExtensionProvider.cs - Importer: ScriptedImporter/UnityEditor.QuickSearchModule:UnityEditor.Search:ASIAI0B
Importing 'GUID: 2badc2f72eb6f4a8d8e6f42746b39cfa - Path: Packages/com.unity.visualscripting/Editor/VisualScripting.Core/Context/GraphContextExtensionProvider.cs - Importer: ScriptedImporter/UnityEditor.QuickSearchModule:UnityEditor.Search:ASIAI0B' with importer (ScriptedImporter : UnityEditor.QuickSearchModule:UnityEditor.Search:ASIAI0B)
Imported 'GUID: 2badc2f72eb6f4a8d8e6f42746b39cfa' -> (Import Result ID: 'ade27e0fee9c2c4225319ac694b0284e') in 0.002 seconds [static and dynamic dependencies]. Details - ImportResultOutputID=bd616ac90b687201dda839051ab59549 DependenciesID=b390bf51fa0a4a50ed879ebb4e34a79c StaticDependenciesID=87c219bad67042d65849fe55ba725a63 
Number of updated asset objects reloaded before import = 0
Number of asset objects unloaded after import = 0
========================================================================
Received Import Request.
  Time of request: 2026-09-30T12:28:08.5776209Z
  Time since last request: 0.0002984 seconds.
  importAddress: GUID: 9059e055aa673b3469a5c2896c0b8fb5 - Path: Packages/com.unity.visualscripting/Editor/VisualScripting.Core/IconMap/AnimatorMessageListener@32x.png - Importer: ScriptedImporter/UnityEditor.QuickSearchModule:UnityEditor.Search:ASIAI0B
Importing 'GUID: 9059e055aa673b3469a5c2896c0b8fb5 - Path: Packages/com.unity.visualscripting/Editor/VisualScripting.Core/IconMap/AnimatorMessageListener@32x.png - Importer: ScriptedImporter/UnityEditor.QuickSearchModule:UnityEditor.Search:ASIAI0B' with importer (ScriptedImporter : UnityEditor.QuickSearchModule:UnityEditor.Search:ASIAI0B)
Imported 'GUID: 9059e055aa673b3469a5c2896c0b8fb5' -> (Import Result ID: '8d464bddd65419d0e6292313216db8ff') in 0.004 seconds [static and dynamic dependencies]. Details - ImportResultOutputID=2d244d6e426c544afffb6353d794b278 DependenciesID=68fcb5f3c4ecd90af824a9ab426d2137 StaticDependenciesID=649498556160d4e5d98abcabfb4f7de7 
Number of updated asset objects reloaded before import = 0
Number of asset objects unloaded after import = 1
========================================================================
Received Import Request.
  Time of request: 2026-09-30T12:28:08.5821206Z
  Time since last request: 0.0003812 seconds.
  importAddress: GUID: a72081f8a4b1747f381e5ea4b5cc0b9e - Path: Packages/com.unity.visualscripting/Editor/VisualScripting.Core/Graph/GraphGUI.cs - Importer: ScriptedImporter/UnityEditor.QuickSearchModule:UnityEditor.Search:ASIAI0B
Importing 'GUID: a72081f8a4b1747f381e5ea4b5cc0b9e - Path: Packages/com.unity.visualscripting/Editor/VisualScripting.Core/Graph/GraphGUI.cs - Importer: ScriptedImporter/UnityEditor.QuickSearchModule:UnityEditor.Search:ASIAI0B' with importer (ScriptedImporter : UnityEditor.QuickSearchModule:UnityEditor.Search:ASIAI0B)
Imported 'GUID: a72081f8a4b1747f381e5ea4b5cc0b9e' -> (Import Result ID: 'cbb9e682bc5493bc97d2fa5c9d11a181') in 0.002 seconds [static and dynamic dependencies]. Details - ImportResultOutputID=af1cf8ecd8d78b0dedbf5fde9fcf4999 DependenciesID=99d590d2fad40681289ebd1370b8ac9d StaticDependenciesID=199bac64a63f7c6e7292c354f11fc897 
Number of updated asset objects reloaded before import = 0
Number of asset objects unloaded after import = 0
========================================================================
Received Import Request.
  Time of request: 2026-09-30T12:28:08.5845799Z
  Time since last request: 0.0002792 seconds.
  importAddress: GUID: 35514ffabd2334dc7b79d94fe3d26110 - Path: Packages/com.unity.visualscripting/Editor/VisualScripting.Core/Description/IGraphElementDescription.cs - Importer: ScriptedImporter/UnityEditor.QuickSearchModule:UnityEditor.Search:ASIAI0B
Importing 'GUID: 35514ffabd2334dc7b79d94fe3d26110 - Path: Packages/com.unity.visualscripting/Editor/VisualScripting.Core/Description/IGraphElementDescription.cs - Importer: ScriptedImporter/UnityEditor.QuickSearchModule:UnityEditor.Search:ASIAI0B' with importer (ScriptedImporter : UnityEditor.QuickSearchModule:UnityEditor.Search:ASIAI0B)
Imported 'GUID: 35514ffabd2334dc7b79d94fe3d26110' -> (Import Result ID: 'd1d787f9c65818c1925580897d1547a9') in 0.001 seconds [static and dynamic dependencies]. Details - ImportResultOutputID=c512319d1f907589f84932bc0e440d0e DependenciesID=132f63e9778c56411b4eb9a24ecd26be StaticDependenciesID=db0403e1f699305be8541d6c4ca2b8b5 
Number of updated asset objects reloaded before import = 0
Number of asset objects unloaded after import = 0
========================================================================
Received Import Request.
  Time of request: 2026-09-30T12:28:08.5862398Z
  Time since last request: 0.000245 seconds.
  importAddress: GUID: 562f2dd7647d95e499d958215476bbde - Path: Packages/com.unity.visualscripting/Editor/VisualScripting.Core/IconMap/VariablesAsset@32.png - Importer: ScriptedImporter/UnityEditor.QuickSearchModule:UnityEditor.Search:ASIAI0B
Importing 'GUID: 562f2dd7647d95e499d958215476bbde - Path: Packages/com.unity.visualscripting/Editor/VisualScripting.Core/IconMap/VariablesAsset@32.png - Importer: ScriptedImporter/UnityEditor.QuickSearchModule:UnityEditor.Search:ASIAI0B' with importer (ScriptedImporter : UnityEditor.QuickSearchModule:UnityEditor.Search:ASIAI0B)
Imported 'GUID: 562f2dd7647d95e499d958215476bbde' -> (Import Result ID: '60b7c997736c54f960a77f6cdc731a5a') in 0.004 seconds [static and dynamic dependencies]. Details - ImportResultOutputID=c67c6f8f78c53c02e7d1de844bf29a50 DependenciesID=22ffa58e36a22a1119ca338fa093ecbc StaticDependenciesID=f4802e8961f89ac21a4bec715acfcd7a 
Number of updated asset objects reloaded before import = 0
Number of asset objects unloaded after import = 1
========================================================================
Received Import Request.
  Time of request: 2026-09-30T12:28:08.5902752Z
  Time since last request: 0.0002563 seconds.
  importAddress: GUID: 04c5dfd27e4e94db7bcad5ebb579f54d - Path: Packages/com.unity.visualscripting/Editor/VisualScripting.Core/Description/MachineDescriptor.cs - Importer: ScriptedImporter/UnityEditor.QuickSearchModule:UnityEditor.Search:ASIAI0B
Importing 'GUID: 04c5dfd27e4e94db7bcad5ebb579f54d - Path: Packages/com.unity.visualscripting/Editor/VisualScripting.Core/Description/MachineDescriptor.cs - Importer: ScriptedImporter/UnityEditor.QuickSearchModule:UnityEditor.Search:ASIAI0B' with importer (ScriptedImporter : UnityEditor.QuickSearchModule:UnityEditor.Search:ASIAI0B)
Imported 'GUID: 04c5dfd27e4e94db7bcad5ebb579f54d' -> (Import Result ID: 'aa6fff813bf7d4a6b9ef151e373cab9a') in 0.002 seconds [static and dynamic dependencies]. Details - ImportResultOutputID=18aa9e8d9a72c0f8e5c6b0a032c1eed1 DependenciesID=c4c946b4455f7b7d43b469a74229b3e1 StaticDependenciesID=200cf16ce79e79400669680365dc795d 
Number of updated asset objects reloaded before import = 0
Number of asset objects unloaded after import = 0
========================================================================
Received Import Request.
  Time of request: 2026-09-30T12:28:08.5926868Z
  Time since last request: 0.0004008 seconds.
  importAddress: GUID: d885addfd783d438abb23f4dd7eb24c3 - Path: Packages/com.unity.visualscripting/Editor/VisualScripting.Core/Description/GraphDescription.cs - Importer: ScriptedImporter/UnityEditor.QuickSearchModule:UnityEditor.Search:ASIAI0B
Importing 'GUID: d885addfd783d438abb23f4dd7eb24c3 - Path: Packages/com.unity.visualscripting/Editor/VisualScripting.Core/Description/GraphDescription.cs - Importer: ScriptedImporter/UnityEditor.QuickSearchModule:UnityEditor.Search:ASIAI0B' with importer (ScriptedImporter : UnityEditor.QuickSearchModule:UnityEditor.Search:ASIAI0B)
Imported 'GUID: d885addfd783d438abb23f4dd7eb24c3' -> (Import Result ID: 'e447f1ac1a0a2293a14d922dd587b8a2') in 0.002 seconds [static and dynamic dependencies]. Details - ImportResultOutputID=f9232ca7f79a8941731f10d761326ce4 DependenciesID=f3192fb165aabcee484e3f071740e260 StaticDependenciesID=6e7d9b4971023c14f67344c27815132a 
Number of updated asset objects reloaded before import = 0
Number of asset objects unloaded after import = 0
========================================================================
Received Import Request.
  Time of request: 2026-09-30T12:28:08.5949603Z
  Time since last request: 0.0003087 seconds.
  importAddress: GUID: 3bc7e638b15234ae8a1cf72b3fbc18da - Path: Packages/com.unity.visualscripting/Editor/VisualScripting.Core/Context/GraphSelection.cs - Importer: ScriptedImporter/UnityEditor.QuickSearchModule:UnityEditor.Search:ASIAI0B
Importing 'GUID: 3bc7e638b15234ae8a1cf72b3fbc18da - Path: Packages/com.unity.visualscripting/Editor/VisualScripting.Core/Context/GraphSelection.cs - Importer: ScriptedImporter/UnityEditor.QuickSearchModule:UnityEditor.Search:ASIAI0B' with importer (ScriptedImporter : UnityEditor.QuickSearchModule:UnityEditor.Search:ASIAI0B)
Imported 'GUID: 3bc7e638b15234ae8a1cf72b3fbc18da' -> (Import Result ID: '4089a126d18679add7eb1a25bfc3ec2a') in 0.003 seconds [static and dynamic dependencies]. Details - ImportResultOutputID=72f70161f90181d7c6a55911332ec4b4 DependenciesID=0ec4f28fb778af9c62b8ac4cc89165c9 StaticDependenciesID=68f97c9c15a3f72c62f2bb9d81be9df8 
Number of updated asset objects reloaded before import = 0
Number of asset objects unloaded after import = 0
========================================================================
Received Import Request.
  Time of request: 2026-09-30T12:28:08.5986185Z
  Time since last request: 0.0005224 seconds.
  importAddress: GUID: 2353beb7f92634ac5b080bc12887c8c6 - Path: Packages/com.unity.visualscripting/Editor/VisualScripting.Core/Context/GraphContextExtensionAttribute.cs - Importer: ScriptedImporter/UnityEditor.QuickSearchModule:UnityEditor.Search:ASIAI0B
Importing 'GUID: 2353beb7f92634ac5b080bc12887c8c6 - Path: Packages/com.unity.visualscripting/Editor/VisualScripting.Core/Context/GraphContextExtensionAttribute.cs - Importer: ScriptedImporter/UnityEditor.QuickSearchModule:UnityEditor.Search:ASIAI0B' with importer (ScriptedImporter : UnityEditor.QuickSearchModule:UnityEditor.Search:ASIAI0B)
Imported 'GUID: 2353beb7f92634ac5b080bc12887c8c6' -> (Import Result ID: '179cdaf663842fa349b3e82a3f01da21') in 0.002 seconds [static and dynamic dependencies]. Details - ImportResultOutputID=6dbd1b5b9ad2e195ad3b569f185f3c78 DependenciesID=89ff39174f11b8e94255d30bcd9b6c83 StaticDependenciesID=143849262622ed23eea3f74eb138f318 
Number of updated asset objects reloaded before import = 0
Number of asset objects unloaded after import = 0
========================================================================
Received Import Request.
  Time of request: 2026-09-30T12:28:08.6010528Z
  Time since last request: 0.000372 seconds.
  importAddress: GUID: efc35be9d817e474abdbae4ad8bcce69 - Path: Packages/com.unity.visualscripting/Editor/VisualScripting.Core/Canvases/ICanvas.cs - Importer: ScriptedImporter/UnityEditor.QuickSearchModule:UnityEditor.Search:ASIAI0B
Importing 'GUID: efc35be9d817e474abdbae4ad8bcce69 - Path: Packages/com.unity.visualscripting/Editor/VisualScripting.Core/Canvases/ICanvas.cs - Importer: ScriptedImporter/UnityEditor.QuickSearchModule:UnityEditor.Search:ASIAI0B' with importer (ScriptedImporter : UnityEditor.QuickSearchModule:UnityEditor.Search:ASIAI0B)
Imported 'GUID: efc35be9d817e474abdbae4ad8bcce69' -> (Import Result ID: '24487bda4d8880f7fde2af2697660a74') in 0.002 seconds [static and dynamic dependencies]. Details - ImportResultOutputID=e2823993125ae39a7a01f059795d814e DependenciesID=0e3b18dec66870b25a5ab7d5a5f1ca16 StaticDependenciesID=8548a2a210297ece5a77c1a0cbe30fe6 
Number of updated asset objects reloaded before import = 0
Number of asset objects unloaded after import = 0
========================================================================
Received Import Request.
  Time of request: 2026-09-30T12:28:08.6032735Z
  Time since last request: 0.0002585 seconds.
  importAddress: GUID: da3da30b6a9874cf29f6c915e750a225 - Path: Packages/com.unity.visualscripting/Editor/VisualScripting.Core/Context/GraphContextProvider.cs - Importer: ScriptedImporter/UnityEditor.QuickSearchModule:UnityEditor.Search:ASIAI0B
Importing 'GUID: da3da30b6a9874cf29f6c915e750a225 - Path: Packages/com.unity.visualscripting/Editor/VisualScripting.Core/Context/GraphContextProvider.cs - Importer: ScriptedImporter/UnityEditor.QuickSearchModule:UnityEditor.Search:ASIAI0B' with importer (ScriptedImporter : UnityEditor.QuickSearchModule:UnityEditor.Search:ASIAI0B)
Imported 'GUID: da3da30b6a9874cf29f6c915e750a225' -> (Import Result ID: 'dc503d1d0e7b64367bae95eb8b47b70d') in 0.001 seconds [static and dynamic dependencies]. Details - ImportResultOutputID=94b5ee485bafb0ad1a81f7ad67e3b8ed DependenciesID=70d76877cc668d2a6b0eee0916c66fb1 StaticDependenciesID=d7315830923c0242ccc10fe5254d6d63 
Number of updated asset objects reloaded before import = 0
Number of asset objects unloaded after import = 0
========================================================================
Received Import Request.
  Time of request: 2026-09-30T12:28:08.6049611Z
  Time since last request: 0.00029 seconds.
  importAddress: GUID: 2cf920acd4b5244af97b9ac347e05fae - Path: Packages/com.unity.visualscripting/Editor/VisualScripting.Core/Descriptors/DescriptorProvider.cs - Importer: ScriptedImporter/UnityEditor.QuickSearchModule:UnityEditor.Search:ASIAI0B
Importing 'GUID: 2cf920acd4b5244af97b9ac347e05fae - Path: Packages/com.unity.visualscripting/Editor/VisualScripting.Core/Descriptors/DescriptorProvider.cs - Importer: ScriptedImporter/UnityEditor.QuickSearchModule:UnityEditor.Search:ASIAI0B' with importer (ScriptedImporter : UnityEditor.QuickSearchModule:UnityEditor.Search:ASIAI0B)
Imported 'GUID: 2cf920acd4b5244af97b9ac347e05fae' -> (Import Result ID: '2e3e18c9b27ab772622dc710060adc52') in 0.002 seconds [static and dynamic dependencies]. Details - ImportResultOutputID=37fc0607b8669740d6d2e69e444b60cc DependenciesID=00d06838ac238105335d63927797e055 StaticDependenciesID=40aa0586182d9c4fcf4a8156199984b7 
Number of updated asset objects reloaded before import = 0
Number of asset objects unloaded after import = 0
========================================================================
Received Import Request.
  Time of request: 2026-09-30T12:28:08.6071046Z
  Time since last request: 0.0002618 seconds.
  importAddress: GUID: 2931c4fc2c20647cf9362b2b7df46eba - Path: Packages/com.unity.visualscripting/Editor/VisualScripting.Core/Descriptors/IDescription.cs - Importer: ScriptedImporter/UnityEditor.QuickSearchModule:UnityEditor.Search:ASIAI0B
Importing 'GUID: 2931c4fc2c20647cf9362b2b7df46eba - Path: Packages/com.unity.visualscripting/Editor/VisualScripting.Core/Descriptors/IDescription.cs - Importer: ScriptedImporter/UnityEditor.QuickSearchModule:UnityEditor.Search:ASIAI0B' with importer (ScriptedImporter : UnityEditor.QuickSearchModule:UnityEditor.Search:ASIAI0B)
Imported 'GUID: 2931c4fc2c20647cf9362b2b7df46eba' -> (Import Result ID: 'b7cebffa494ba7344ea5272e3ac92eb0') in 0.001 seconds [static and dynamic dependencies]. Details - ImportResultOutputID=9794364157e22eaf39adb83961bce061 DependenciesID=626180af193b54ab3b8a7cfc6d6924e7 StaticDependenciesID=a0c893a178c3247f9bff2320a597d04f 
Number of updated asset objects reloaded before import = 0
Number of asset objects unloaded after import = 0
========================================================================
Received Import Request.
  Time of request: 2026-09-30T12:28:08.608845Z
  Time since last request: 0.0003027 seconds.
  importAddress: GUID: f723b77167d184d4a8ab528db8b55744 - Path: Packages/com.unity.visualscripting/Editor/VisualScripting.Core/IconMap/FlowMachine@32x.png - Importer: ScriptedImporter/UnityEditor.QuickSearchModule:UnityEditor.Search:ASIAI0B
Importing 'GUID: f723b77167d184d4a8ab528db8b55744 - Path: Packages/com.unity.visualscripting/Editor/VisualScripting.Core/IconMap/FlowMachine@32x.png - Importer: ScriptedImporter/UnityEditor.QuickSearchModule:UnityEditor.Search:ASIAI0B' with importer (ScriptedImporter : UnityEditor.QuickSearchModule:UnityEditor.Search:ASIAI0B)
Imported 'GUID: f723b77167d184d4a8ab528db8b55744' -> (Import Result ID: '7c2309d6d7dd7e985c588f6d9dbd51f8') in 0.004 seconds [static and dynamic dependencies]. Details - ImportResultOutputID=c23ef479e462a594d05ff6c190924b0c DependenciesID=b1917d3a10669c7289873669fea010c3 StaticDependenciesID=2446534b97925b333a8a68dcea96cbfa 
Number of updated asset objects reloaded before import = 0
Number of asset objects unloaded after import = 1
========================================================================
Received Import Request.
  Time of request: 2026-09-30T12:28:08.6129883Z
  Time since last request: 0.0003936 seconds.
  importAddress: GUID: 0ccb256674ae837499e788d1cca73948 - Path: Packages/com.unity.visualscripting/Editor/VisualScripting.Core/IconMap/FlowGraph@32x.png - Importer: ScriptedImporter/UnityEditor.QuickSearchModule:UnityEditor.Search:ASIAI0B
Importing 'GUID: 0ccb256674ae837499e788d1cca73948 - Path: Packages/com.unity.visualscripting/Editor/VisualScripting.Core/IconMap/FlowGraph@32x.png - Importer: ScriptedImporter/UnityEditor.QuickSearchModule:UnityEditor.Search:ASIAI0B' with importer (ScriptedImporter : UnityEditor.QuickSearchModule:UnityEditor.Search:ASIAI0B)
Imported 'GUID: 0ccb256674ae837499e788d1cca73948' -> (Import Result ID: '21ebc60e7bd10f13fe2ca5f186f38713') in 0.004 seconds [static and dynamic dependencies]. Details - ImportResultOutputID=e70a68c6575a8f3cf2a996fa0889f213 DependenciesID=75d923742016643ad31b600b45ca2c73 StaticDependenciesID=928839e8ff6a0d1628bd6295efd49efc 
Number of updated asset objects reloaded before import = 0
Number of asset objects unloaded after import = 1
========================================================================
Received Import Request.
  Time of request: 2026-09-30T12:28:08.6177213Z
  Time since last request: 0.0002744 seconds.
  importAddress: GUID: 8ef7c0fbb1fbcd64e954e5eafe1652ad - Path: Packages/com.unity.visualscripting/Editor/VisualScripting.Core/IconMap/VariablesSaver@32x.png - Importer: ScriptedImporter/UnityEditor.QuickSearchModule:UnityEditor.Search:ASIAI0B
Importing 'GUID: 8ef7c0fbb1fbcd64e954e5eafe1652ad - Path: Packages/com.unity.visualscripting/Editor/VisualScripting.Core/IconMap/VariablesSaver@32x.png - Importer: ScriptedImporter/UnityEditor.QuickSearchModule:UnityEditor.Search:ASIAI0B' with importer (ScriptedImporter : UnityEditor.QuickSearchModule:UnityEditor.Search:ASIAI0B)
Imported 'GUID: 8ef7c0fbb1fbcd64e954e5eafe1652ad' -> (Import Result ID: 'b7e16e54c5ace7502d3a20d80491fd82') in 0.005 seconds [static and dynamic dependencies]. Details - ImportResultOutputID=fa4868403f761b470e26e4092d352f86 DependenciesID=c3f91cd0cc93711a764fdd35ca562a32 StaticDependenciesID=db154693745b6e5d1f244c634e22c1f0 
Number of updated asset objects reloaded before import = 0
Number of asset objects unloaded after import = 1
========================================================================
Received Import Request.
  Time of request: 2026-09-30T12:28:08.6229605Z
  Time since last request: 0.0003991 seconds.
  importAddress: GUID: 57d833ea26c9149528d23f0ec150b1d2 - Path: Packages/com.unity.visualscripting/Editor/VisualScripting.Core/Canvases/AlignOperation.cs - Importer: ScriptedImporter/UnityEditor.QuickSearchModule:UnityEditor.Search:ASIAI0B
Importing 'GUID: 57d833ea26c9149528d23f0ec150b1d2 - Path: Packages/com.unity.visualscripting/Editor/VisualScripting.Core/Canvases/AlignOperation.cs - Importer: ScriptedImporter/UnityEditor.QuickSearchModule:UnityEditor.Search:ASIAI0B' with importer (ScriptedImporter : UnityEditor.QuickSearchModule:UnityEditor.Search:ASIAI0B)
Imported 'GUID: 57d833ea26c9149528d23f0ec150b1d2' -> (Import Result ID: '360ff8e3942b9f92b60575562f132c0f') in 0.001 seconds [static and dynamic dependencies]. Details - ImportResultOutputID=9a8e7790e3a7e5c02f9aa0a5e9ee12f3 DependenciesID=ae7e937ed78c915817f489a00c28e1ce StaticDependenciesID=a805ddca0fd37eeede06275a7305f9d4 
Number of updated asset objects reloaded before import = 0
Number of asset objects unloaded after import = 0
========================================================================
Received Import Request.
  Time of request: 2026-09-30T12:28:08.6378526Z
  Time since last request: 0.0133073 seconds.
  importAddress: GUID: 4be441d61b8c94cf29240e82bf1bf7ba - Path: Packages/com.unity.visualscripting/Editor/VisualScripting.Core/Meta/CastMetadata.cs - Importer: ScriptedImporter/UnityEditor.QuickSearchModule:UnityEditor.Search:ASIAI0B
Importing 'GUID: 4be441d61b8c94cf29240e82bf1bf7ba - Path: Packages/com.unity.visualscripting/Editor/VisualScripting.Core/Meta/CastMetadata.cs - Importer: ScriptedImporter/UnityEditor.QuickSearchModule:UnityEditor.Search:ASIAI0B' with importer (ScriptedImporter : UnityEditor.QuickSearchModule:UnityEditor.Search:ASIAI0B)
Imported 'GUID: 4be441d61b8c94cf29240e82bf1bf7ba' -> (Import Result ID: '84f1c1489d1b9052af997cf1f9bc90d9') in 0.002 seconds [static and dynamic dependencies]. Details - ImportResultOutputID=9434de46adaddef2c06eff5c0da925de DependenciesID=b420388b805d1f50b7297fa26951d809 StaticDependenciesID=fadd32cca353f9889dfdfccbb2e152db 
Number of updated asset objects reloaded before import = 0
Number of asset objects unloaded after import = 0
========================================================================
Received Import Request.
  Time of request: 2026-09-30T12:28:08.6406973Z
  Time since last request: 0.0006637 seconds.
  importAddress: GUID: a440776c3d6a6433ca50277935a27473 - Path: Packages/com.unity.visualscripting/Editor/VisualScripting.Core/Meta/ObjectMetadata.cs - Importer: ScriptedImporter/UnityEditor.QuickSearchModule:UnityEditor.Search:ASIAI0B
Importing 'GUID: a440776c3d6a6433ca50277935a27473 - Path: Packages/com.unity.visualscripting/Editor/VisualScripting.Core/Meta/ObjectMetadata.cs - Importer: ScriptedImporter/UnityEditor.QuickSearchModule:UnityEditor.Search:ASIAI0B' with importer (ScriptedImporter : UnityEditor.QuickSearchModule:UnityEditor.Search:ASIAI0B)
Imported 'GUID: a440776c3d6a6433ca50277935a27473' -> (Import Result ID: 'b2ad8fb854d8c88d5dc9bb0a9b0174ba') in 0.002 seconds [static and dynamic dependencies]. Details - ImportResultOutputID=317448cde20f8b56d73bad9e487fd813 DependenciesID=c9dd678f9d38bd4f2420e2b99d3821df StaticDependenciesID=7eda7e36ce0c5c71335e2de4bbd3f90c 
Number of updated asset objects reloaded before import = 0
Number of asset objects unloaded after import = 0
========================================================================
Received Import Request.
  Time of request: 2026-09-30T12:28:08.6431393Z
  Time since last request: 0.0003717 seconds.
  importAddress: GUID: 6cb6975cf2ff84a8ca24d8fa384d56f4 - Path: Packages/com.unity.visualscripting/Editor/VisualScripting.Core/Plugins/EditorPrefAttribute.cs - Importer: ScriptedImporter/UnityEditor.QuickSearchModule:UnityEditor.Search:ASIAI0B
Importing 'GUID: 6cb6975cf2ff84a8ca24d8fa384d56f4 - Path: Packages/com.unity.visualscripting/Editor/VisualScripting.Core/Plugins/EditorPrefAttribute.cs - Importer: ScriptedImporter/UnityEditor.QuickSearchModule:UnityEditor.Search:ASIAI0B' with importer (ScriptedImporter : UnityEditor.QuickSearchModule:UnityEditor.Search:ASIAI0B)
Imported 'GUID: 6cb6975cf2ff84a8ca24d8fa384d56f4' -> (Import Result ID: '6437080c7ec8798063fbfda9200ab017') in 0.003 seconds [static and dynamic dependencies]. Details - ImportResultOutputID=869c66b69fd906dcfc4f5982733508aa DependenciesID=e61cbeb9dca35198bc2324a5499c5d59 StaticDependenciesID=ab5a482d14c7fcf5605191bebedcf5d1 
Number of updated asset objects reloaded before import = 0
Number of asset objects unloaded after import = 0
========================================================================
Received Import Request.
  Time of request: 2026-09-30T12:28:08.6469644Z
  Time since last request: 0.0002469 seconds.
  importAddress: GUID: 9b1c6e9fb231e454daf39e4a1f44caad - Path: Packages/com.unity.visualscripting/Editor/VisualScripting.Core/Inspection/OptimizedPropertyDrawer.cs - Importer: ScriptedImporter/UnityEditor.QuickSearchModule:UnityEditor.Search:ASIAI0B
Importing 'GUID: 9b1c6e9fb231e454daf39e4a1f44caad - Path: Packages/com.unity.visualscripting/Editor/VisualScripting.Core/Inspection/OptimizedPropertyDrawer.cs - Importer: ScriptedImporter/UnityEditor.QuickSearchModule:UnityEditor.Search:ASIAI0B' with importer (ScriptedImporter : UnityEditor.QuickSearchModule:UnityEditor.Search:ASIAI0B)
Imported 'GUID: 9b1c6e9fb231e454daf39e4a1f44caad' -> (Import Result ID: '60c9021b6d228049d7242a9ff62b4b9e') in 0.001 seconds [static and dynamic dependencies]. Details - ImportResultOutputID=069afa4a18f8ff1ce6b46f2379b06681 DependenciesID=cb439385538918c97dbabab4f0360f4c StaticDependenciesID=4600ec94807f269e108d61462fcc7084 
Number of updated asset objects reloaded before import = 0
Number of asset objects unloaded after import = 0
========================================================================
Received Import Request.
  Time of request: 2026-09-30T12:28:08.6487483Z
  Time since last request: 0.0002696 seconds.
  importAddress: GUID: bdf8b6cdcb0d5428cb9ede050ebfe943 - Path: Packages/com.unity.visualscripting/Editor/VisualScripting.Core/Interface/EditorTexture.cs - Importer: ScriptedImporter/UnityEditor.QuickSearchModule:UnityEditor.Search:ASIAI0B
Importing 'GUID: bdf8b6cdcb0d5428cb9ede050ebfe943 - Path: Packages/com.unity.visualscripting/Editor/VisualScripting.Core/Interface/EditorTexture.cs - Importer: ScriptedImporter/UnityEditor.QuickSearchModule:UnityEditor.Search:ASIAI0B' with importer (ScriptedImporter : UnityEditor.QuickSearchModule:UnityEditor.Search:ASIAI0B)
Imported 'GUID: bdf8b6cdcb0d5428cb9ede050ebfe943' -> (Import Result ID: 'c9cd29ec3f9e805c91731199f03e658e') in 0.001 seconds [static and dynamic dependencies]. Details - ImportResultOutputID=e1752734762bb8a897f8be50c1917656 DependenciesID=3ef45942fcd6c5bc72e5e488de9dda2f StaticDependenciesID=f15139f8eeb06de89660921894c8715b 
Number of updated asset objects reloaded before import = 0
Number of asset objects unloaded after import = 0
========================================================================
Received Import Request.
  Time of request: 2026-09-30T12:28:08.6505907Z
  Time since last request: 0.0003941 seconds.
  importAddress: GUID: cd05bbc1b0f3c4be3b907b43c7b4f5c3 - Path: Packages/com.unity.visualscripting/Editor/VisualScripting.Core/Platforms/ConstructorInfoStubWriter.cs - Importer: ScriptedImporter/UnityEditor.QuickSearchModule:UnityEditor.Search:ASIAI0B
Importing 'GUID: cd05bbc1b0f3c4be3b907b43c7b4f5c3 - Path: Packages/com.unity.visualscripting/Editor/VisualScripting.Core/Platforms/ConstructorInfoStubWriter.cs - Importer: ScriptedImporter/UnityEditor.QuickSearchModule:UnityEditor.Search:ASIAI0B' with importer (ScriptedImporter : UnityEditor.QuickSearchModule:UnityEditor.Search:ASIAI0B)
Imported 'GUID: cd05bbc1b0f3c4be3b907b43c7b4f5c3' -> (Import Result ID: '3113d1b2df4803309e671c3bb2357a0a') in 0.001 seconds [static and dynamic dependencies]. Details - ImportResultOutputID=21acd99fd834f045335e667215507e4d DependenciesID=09aebc40de5daf5d0a910f34bb9214af StaticDependenciesID=92f9658e976440fcdc3bbc8c74dcb022 
Number of updated asset objects reloaded before import = 0
Number of asset objects unloaded after import = 0
========================================================================
Received Import Request.
  Time of request: 2026-09-30T12:28:08.6524765Z
  Time since last request: 0.0002436 seconds.
  importAddress: GUID: cc92a96815c944318b7a08ee7c32ab7d - Path: Packages/com.unity.visualscripting/Editor/VisualScripting.Core/Inspection/InspectorBlock.cs - Importer: ScriptedImporter/UnityEditor.QuickSearchModule:UnityEditor.Search:ASIAI0B
Importing 'GUID: cc92a96815c944318b7a08ee7c32ab7d - Path: Packages/com.unity.visualscripting/Editor/VisualScripting.Core/Inspection/InspectorBlock.cs - Importer: ScriptedImporter/UnityEditor.QuickSearchModule:UnityEditor.Search:ASIAI0B' with importer (ScriptedImporter : UnityEditor.QuickSearchModule:UnityEditor.Search:ASIAI0B)
Imported 'GUID: cc92a96815c944318b7a08ee7c32ab7d' -> (Import Result ID: '592da24a62eb6cec7a63fd4540300ff1') in 0.001 seconds [static and dynamic dependencies]. Details - ImportResultOutputID=26a4a3de26acfabdbe6318229f79b72a DependenciesID=7d47274fa8b430440b610034b624cd53 StaticDependenciesID=c9d24ac18fb379a726fd838e36309490 
Number of updated asset objects reloaded before import = 0
Number of asset objects unloaded after import = 0
========================================================================
Received Import Request.
  Time of request: 2026-09-30T12:28:08.6545422Z
  Time since last request: 0.0006671 seconds.
  importAddress: GUID: 15ca1699a35f54611a479338163f45c3 - Path: Packages/com.unity.visualscripting/Editor/VisualScripting.Core/Inspection/InspectorAttribute.cs - Importer: ScriptedImporter/UnityEditor.QuickSearchModule:UnityEditor.Search:ASIAI0B
Importing 'GUID: 15ca1699a35f54611a479338163f45c3 - Path: Packages/com.unity.visualscripting/Editor/VisualScripting.Core/Inspection/InspectorAttribute.cs - Importer: ScriptedImporter/UnityEditor.QuickSearchModule:UnityEditor.Search:ASIAI0B' with importer (ScriptedImporter : UnityEditor.QuickSearchModule:UnityEditor.Search:ASIAI0B)
Imported 'GUID: 15ca1699a35f54611a479338163f45c3' -> (Import Result ID: '862e9eed93b7443f8808abeea66ee660') in 0.001 seconds [static and dynamic dependencies]. Details - ImportResultOutputID=b4b4f9f58b1347199b44b82fe5d1a0cc DependenciesID=679e76f3326aa3c0667d014909506196 StaticDependenciesID=7e383f9d09c91948bc1c04b98238cf87 
Number of updated asset objects reloaded before import = 0
Number of asset objects unloaded after import = 0
========================================================================
Received Import Request.
  Time of request: 2026-09-30T12:28:08.6563951Z
  Time since last request: 0.0002392 seconds.
  importAddress: GUID: dcbece4f25a4343eebda49447d5846fe - Path: Packages/com.unity.visualscripting/Editor/VisualScripting.Core/Inspection/IndividualEditor.cs - Importer: ScriptedImporter/UnityEditor.QuickSearchModule:UnityEditor.Search:ASIAI0B
Importing 'GUID: dcbece4f25a4343eebda49447d5846fe - Path: Packages/com.unity.visualscripting/Editor/VisualScripting.Core/Inspection/IndividualEditor.cs - Importer: ScriptedImporter/UnityEditor.QuickSearchModule:UnityEditor.Search:ASIAI0B' with importer (ScriptedImporter : UnityEditor.QuickSearchModule:UnityEditor.Search:ASIAI0B)
Imported 'GUID: dcbece4f25a4343eebda49447d5846fe' -> (Import Result ID: '0539a4fd3fea7989359f969de8597532') in 0.001 seconds [static and dynamic dependencies]. Details - ImportResultOutputID=c8af8c973444861b3dfdc972ce3ebe22 DependenciesID=48866f8db19905f78e7e9dbacab5fba6 StaticDependenciesID=a5d465b0db2cfdd8baec2c9b8ab5f71c 
Number of updated asset objects reloaded before import = 0
Number of asset objects unloaded after import = 0
========================================================================
Received Import Request.
  Time of request: 2026-09-30T12:28:08.6581108Z
  Time since last request: 0.000348 seconds.
  importAddress: GUID: 7508277702f384ce6a761441b6dbb69b - Path: Packages/com.unity.visualscripting/Editor/VisualScripting.Core/Inspection/GraphNestEditor.cs - Importer: ScriptedImporter/UnityEditor.QuickSearchModule:UnityEditor.Search:ASIAI0B
Importing 'GUID: 7508277702f384ce6a761441b6dbb69b - Path: Packages/com.unity.visualscripting/Editor/VisualScripting.Core/Inspection/GraphNestEditor.cs - Importer: ScriptedImporter/UnityEditor.QuickSearchModule:UnityEditor.Search:ASIAI0B' with importer (ScriptedImporter : UnityEditor.QuickSearchModule:UnityEditor.Search:ASIAI0B)
Imported 'GUID: 7508277702f384ce6a761441b6dbb69b' -> (Import Result ID: 'e8d788b931d4290d639c6acc592647d2') in 0.002 seconds [static and dynamic dependencies]. Details - ImportResultOutputID=e78a513420f165f695dca9ec2bca0180 DependenciesID=8dd76b0ab88634fc212c582e14abebee StaticDependenciesID=648d652443df0fd94d15db2dc3bb4525 
Number of updated asset objects reloaded before import = 0
Number of asset objects unloaded after import = 0
========================================================================
Received Import Request.
  Time of request: 2026-09-30T12:28:08.6602591Z
  Time since last request: 0.0002698 seconds.
  importAddress: GUID: dda889fda4ee144bf91ef8a384c8975f - Path: Packages/com.unity.visualscripting/Editor/VisualScripting.Core/Inspection/MetadataDictionaryAdaptor.cs - Importer: ScriptedImporter/UnityEditor.QuickSearchModule:UnityEditor.Search:ASIAI0B
Importing 'GUID: dda889fda4ee144bf91ef8a384c8975f - Path: Packages/com.unity.visualscripting/Editor/VisualScripting.Core/Inspection/MetadataDictionaryAdaptor.cs - Importer: ScriptedImporter/UnityEditor.QuickSearchModule:UnityEditor.Search:ASIAI0B' with importer (ScriptedImporter : UnityEditor.QuickSearchModule:UnityEditor.Search:ASIAI0B)
Imported 'GUID: dda889fda4ee144bf91ef8a384c8975f' -> (Import Result ID: '0f9d3facc1477c5ec1d5b6d2ac1398be') in 0.002 seconds [static and dynamic dependencies]. Details - ImportResultOutputID=d986d55bb3509836f7a61188e5d950ab DependenciesID=69c591f4ecf62c2a2998bc843093a23f StaticDependenciesID=168e615ab487c976697d0b4d8f6c7bb1 
Number of updated asset objects reloaded before import = 0
Number of asset objects unloaded after import = 0
========================================================================
Received Import Request.
  Time of request: 2026-09-30T12:28:08.6621577Z
  Time since last request: 0.0002252 seconds.
  importAddress: GUID: 30e424fcdee064eb39ab9c41d5141d88 - Path: Packages/com.unity.visualscripting/Editor/VisualScripting.Core/Platforms/FieldInfoStubWriter.cs - Importer: ScriptedImporter/UnityEditor.QuickSearchModule:UnityEditor.Search:ASIAI0B
Importing 'GUID: 30e424fcdee064eb39ab9c41d5141d88 - Path: Packages/com.unity.visualscripting/Editor/VisualScripting.Core/Platforms/FieldInfoStubWriter.cs - Importer: ScriptedImporter/UnityEditor.QuickSearchModule:UnityEditor.Search:ASIAI0B' with importer (ScriptedImporter : UnityEditor.QuickSearchModule:UnityEditor.Search:ASIAI0B)
Imported 'GUID: 30e424fcdee064eb39ab9c41d5141d88' -> (Import Result ID: 'c2a69eebe1ac2db0751302861458eedf') in 0.001 seconds [static and dynamic dependencies]. Details - ImportResultOutputID=26a5b3b711faa42802c1d18c5406d39a DependenciesID=19b0ab00eeb19e8183dd1cd39d856547 StaticDependenciesID=1535981fd30f5a0d12264da56fe0cb22 
Number of updated asset objects reloaded before import = 0
Number of asset objects unloaded after import = 0
========================================================================
Received Import Request.
  Time of request: 2026-09-30T12:28:08.6638703Z
  Time since last request: 0.0003878 seconds.
  importAddress: GUID: a290a560776f048e9ad208532685d2de - Path: Packages/com.unity.visualscripting/Editor/VisualScripting.Core/Inspection/OptimizedEditor.cs - Importer: ScriptedImporter/UnityEditor.QuickSearchModule:UnityEditor.Search:ASIAI0B
Importing 'GUID: a290a560776f048e9ad208532685d2de - Path: Packages/com.unity.visualscripting/Editor/VisualScripting.Core/Inspection/OptimizedEditor.cs - Importer: ScriptedImporter/UnityEditor.QuickSearchModule:UnityEditor.Search:ASIAI0B' with importer (ScriptedImporter : UnityEditor.QuickSearchModule:UnityEditor.Search:ASIAI0B)
Imported 'GUID: a290a560776f048e9ad208532685d2de' -> (Import Result ID: 'f6fdacd087618161427cfb6fac1543f4') in 0.001 seconds [static and dynamic dependencies]. Details - ImportResultOutputID=357f73beb5cc018f79998bf65e758ec1 DependenciesID=d76ef5c7c9d145977210057ed57ff8c5 StaticDependenciesID=286fca8933901998076c88984472a3de 
Number of updated asset objects reloaded before import = 0
Number of asset objects unloaded after import = 0
========================================================================
Received Import Request.
  Time of request: 2026-09-30T12:28:08.6656806Z
  Time since last request: 0.000381 seconds.
  importAddress: GUID: 1d97906604c204cd9ac4b93071e0814c - Path: Packages/com.unity.visualscripting/Editor/VisualScripting.Core/Meta/ProxyMetadata.cs - Importer: ScriptedImporter/UnityEditor.QuickSearchModule:UnityEditor.Search:ASIAI0B
Importing 'GUID: 1d97906604c204cd9ac4b93071e0814c - Path: Packages/com.unity.visualscripting/Editor/VisualScripting.Core/Meta/ProxyMetadata.cs - Importer: ScriptedImporter/UnityEditor.QuickSearchModule:UnityEditor.Search:ASIAI0B' with importer (ScriptedImporter : UnityEditor.QuickSearchModule:UnityEditor.Search:ASIAI0B)
Imported 'GUID: 1d97906604c204cd9ac4b93071e0814c' -> (Import Result ID: '6426e37243d7220ce69f6e4b04670625') in 0.002 seconds [static and dynamic dependencies]. Details - ImportResultOutputID=7672651dd9aa4a3458170a0e0e13dbd9 DependenciesID=13b8f53b1ba5c5c3725e123684617b01 StaticDependenciesID=b3b83d0156f8c3bb450d9a89b60afcbb 
Number of updated asset objects reloaded before import = 0
Number of asset objects unloaded after import = 0
========================================================================
Received Import Request.
  Time of request: 2026-09-30T12:28:08.668101Z
  Time since last request: 0.0002244 seconds.
  importAddress: GUID: 7ee63de8b42874ac892120262c0707bf - Path: Packages/com.unity.visualscripting/Editor/VisualScripting.Core/Meta/Metadata.cs - Importer: ScriptedImporter/UnityEditor.QuickSearchModule:UnityEditor.Search:ASIAI0B
Importing 'GUID: 7ee63de8b42874ac892120262c0707bf - Path: Packages/com.unity.visualscripting/Editor/VisualScripting.Core/Meta/Metadata.cs - Importer: ScriptedImporter/UnityEditor.QuickSearchModule:UnityEditor.Search:ASIAI0B' with importer (ScriptedImporter : UnityEditor.QuickSearchModule:UnityEditor.Search:ASIAI0B)
Imported 'GUID: 7ee63de8b42874ac892120262c0707bf' -> (Import Result ID: 'f312a78775a6191523a69a99657c3a24') in 0.001 seconds [static and dynamic dependencies]. Details - ImportResultOutputID=6a8d81a58ff1c831d56e94a0e6234e42 DependenciesID=3575bec2fbcd0e22bbbd2c706a8e41e0 StaticDependenciesID=bdbf7e1a136ecd72176129ddfcc6bfb4 
Number of updated asset objects reloaded before import = 0
Number of asset objects unloaded after import = 0
========================================================================
Received Import Request.
  Time of request: 2026-09-30T12:28:08.670015Z
  Time since last request: 0.0003676 seconds.
  importAddress: GUID: 2f680a9779a934c7dbbd07c1402801c5 - Path: Packages/com.unity.visualscripting/Editor/VisualScripting.Core/Inspection/GraphEditor.cs - Importer: ScriptedImporter/UnityEditor.QuickSearchModule:UnityEditor.Search:ASIAI0B
Importing 'GUID: 2f680a9779a934c7dbbd07c1402801c5 - Path: Packages/com.unity.visualscripting/Editor/VisualScripting.Core/Inspection/GraphEditor.cs - Importer: ScriptedImporter/UnityEditor.QuickSearchModule:UnityEditor.Search:ASIAI0B' with importer (ScriptedImporter : UnityEditor.QuickSearchModule:UnityEditor.Search:ASIAI0B)
Imported 'GUID: 2f680a9779a934c7dbbd07c1402801c5' -> (Import Result ID: '76312d9dbf2cb4ad1236647fe4bff17b') in 0.002 seconds [static and dynamic dependencies]. Details - ImportResultOutputID=b2c9a6722a6c66aabdeed11179c5d427 DependenciesID=060a06dcf39c7aa343d24a9735039054 StaticDependenciesID=af7914022d45230353f017171e16a95e 
Number of updated asset objects reloaded before import = 0
Number of asset objects unloaded after import = 0
========================================================================
Received Import Request.
  Time of request: 2026-09-30T12:28:08.6720998Z
  Time since last request: 0.0003521 seconds.
  importAddress: GUID: 59291ff326ee143379f75390f501a2c6 - Path: Packages/com.unity.visualscripting/Editor/VisualScripting.Core/Meta/PluginConfigurationItemMetadata.cs - Importer: ScriptedImporter/UnityEditor.QuickSearchModule:UnityEditor.Search:ASIAI0B
Importing 'GUID: 59291ff326ee143379f75390f501a2c6 - Path: Packages/com.unity.visualscripting/Editor/VisualScripting.Core/Meta/PluginConfigurationItemMetadata.cs - Importer: ScriptedImporter/UnityEditor.QuickSearchModule:UnityEditor.Search:ASIAI0B' with importer (ScriptedImporter : UnityEditor.QuickSearchModule:UnityEditor.Search:ASIAI0B)
Imported 'GUID: 59291ff326ee143379f75390f501a2c6' -> (Import Result ID: '4f6e31dae21c3be76004c95dd2ed9899') in 0.002 seconds [static and dynamic dependencies]. Details - ImportResultOutputID=b05a58e3341c2efd45c66e93e6567bc9 DependenciesID=6ff0206d541ec7736418cce5e0c479c6 StaticDependenciesID=b64ecdab1fb72e2a49eb7712a0fa75f9 
Number of updated asset objects reloaded before import = 0
Number of asset objects unloaded after import = 0
========================================================================
Received Import Request.
  Time of request: 2026-09-30T12:28:08.6743998Z
  Time since last request: 0.0003013 seconds.
  importAddress: GUID: c07c6ad9af7e947a781fa5463f9b7165 - Path: Packages/com.unity.visualscripting/Editor/VisualScripting.Core/Inspection/ImplementationInspector.cs - Importer: ScriptedImporter/UnityEditor.QuickSearchModule:UnityEditor.Search:ASIAI0B
Importing 'GUID: c07c6ad9af7e947a781fa5463f9b7165 - Path: Packages/com.unity.visualscripting/Editor/VisualScripting.Core/Inspection/ImplementationInspector.cs - Importer: ScriptedImporter/UnityEditor.QuickSearchModule:UnityEditor.Search:ASIAI0B' with importer (ScriptedImporter : UnityEditor.QuickSearchModule:UnityEditor.Search:ASIAI0B)
Imported 'GUID: c07c6ad9af7e947a781fa5463f9b7165' -> (Import Result ID: '4a52f2482b2e85e2ac413c074e0ecbd7') in 0.002 seconds [static and dynamic dependencies]. Details - ImportResultOutputID=1838fb60f7d584be7f1addf872863c9c DependenciesID=c30bfda5f987d956736e0aff62ea98ce StaticDependenciesID=98df73b1deb5a493b1e5c1281d5697e1 
Number of updated asset objects reloaded before import = 0
Number of asset objects unloaded after import = 0
========================================================================
Received Import Request.
  Time of request: 2026-09-30T12:28:08.6764706Z
  Time since last request: 0.0003499 seconds.
  importAddress: GUID: 302bb00cbcc604835bb3999588d5113e - Path: Packages/com.unity.visualscripting/Editor/VisualScripting.Core/Plugin/BoltCoreManifest.cs - Importer: ScriptedImporter/UnityEditor.QuickSearchModule:UnityEditor.Search:ASIAI0B
Importing 'GUID: 302bb00cbcc604835bb3999588d5113e - Path: Packages/com.unity.visualscripting/Editor/VisualScripting.Core/Plugin/BoltCoreManifest.cs - Importer: ScriptedImporter/UnityEditor.QuickSearchModule:UnityEditor.Search:ASIAI0B' with importer (ScriptedImporter : UnityEditor.QuickSearchModule:UnityEditor.Search:ASIAI0B)
Imported 'GUID: 302bb00cbcc604835bb3999588d5113e' -> (Import Result ID: '86a32bd9f0710289fa05cd16fa195979') in 0.001 seconds [static and dynamic dependencies]. Details - ImportResultOutputID=ba256aaf6d2a75cd2ef35e218f3c0a08 DependenciesID=8e68803ff21884a1f20da9e1e3298ef4 StaticDependenciesID=67aad3757336979bc6bd66e099b98030 
Number of updated asset objects reloaded before import = 0
Number of asset objects unloaded after import = 0
========================================================================
Received Import Request.
  Time of request: 2026-09-30T12:28:08.6782856Z
  Time since last request: 0.0003427 seconds.
  importAddress: GUID: 9c106221dfdf249e8b6f3bb95e1969cd - Path: Packages/com.unity.visualscripting/Editor/VisualScripting.Core/Meta/IndexerMetadata.cs - Importer: ScriptedImporter/UnityEditor.QuickSearchModule:UnityEditor.Search:ASIAI0B
Importing 'GUID: 9c106221dfdf249e8b6f3bb95e1969cd - Path: Packages/com.unity.visualscripting/Editor/VisualScripting.Core/Meta/IndexerMetadata.cs - Importer: ScriptedImporter/UnityEditor.QuickSearchModule:UnityEditor.Search:ASIAI0B' with importer (ScriptedImporter : UnityEditor.QuickSearchModule:UnityEditor.Search:ASIAI0B)
Imported 'GUID: 9c106221dfdf249e8b6f3bb95e1969cd' -> (Import Result ID: 'bfda36fbf7f44292dfa968b4cbc86f33') in 0.002 seconds [static and dynamic dependencies]. Details - ImportResultOutputID=f15c4262353d75f759f772252e62cae7 DependenciesID=2edf1399f7f6060fd99e4a915cf40a64 StaticDependenciesID=2451b24f91366dd7fa22ab3f80bd9f21 
Number of updated asset objects reloaded before import = 0
Number of asset objects unloaded after import = 0
========================================================================
Received Import Request.
  Time of request: 2026-09-30T12:28:08.6805387Z
  Time since last request: 0.0002817 seconds.
  importAddress: GUID: 4b750756c927142e8a8977ac83c7361a - Path: Packages/com.unity.visualscripting/Editor/VisualScripting.Core/Interface/LudiqGUI.cs - Importer: ScriptedImporter/UnityEditor.QuickSearchModule:UnityEditor.Search:ASIAI0B
Importing 'GUID: 4b750756c927142e8a8977ac83c7361a - Path: Packages/com.unity.visualscripting/Editor/VisualScripting.Core/Interface/LudiqGUI.cs - Importer: ScriptedImporter/UnityEditor.QuickSearchModule:UnityEditor.Search:ASIAI0B' with importer (ScriptedImporter : UnityEditor.QuickSearchModule:UnityEditor.Search:ASIAI0B)
Imported 'GUID: 4b750756c927142e8a8977ac83c7361a' -> (Import Result ID: '4271850c7a22d6d34087c48d06761bbd') in 0.001 seconds [static and dynamic dependencies]. Details - ImportResultOutputID=047460030f5a9edc8868eafacf7cf8ec DependenciesID=5c1cd97bae03f4ad6c362cfece316c41 StaticDependenciesID=40ce382f46da2fd6544fbb571108c0ae 
Number of updated asset objects reloaded before import = 0
Number of asset objects unloaded after import = 0
========================================================================
Received Import Request.
  Time of request: 2026-09-30T12:28:08.6822651Z
  Time since last request: 0.000303 seconds.
  importAddress: GUID: cb9a4e6bf8e744587bf98ad2fce716e0 - Path: Packages/com.unity.visualscripting/Editor/VisualScripting.Core/Meta/RootMetadata.cs - Importer: ScriptedImporter/UnityEditor.QuickSearchModule:UnityEditor.Search:ASIAI0B
Importing 'GUID: cb9a4e6bf8e744587bf98ad2fce716e0 - Path: Packages/com.unity.visualscripting/Editor/VisualScripting.Core/Meta/RootMetadata.cs - Importer: ScriptedImporter/UnityEditor.QuickSearchModule:UnityEditor.Search:ASIAI0B' with importer (ScriptedImporter : UnityEditor.QuickSearchModule:UnityEditor.Search:ASIAI0B)
Imported 'GUID: cb9a4e6bf8e744587bf98ad2fce716e0' -> (Import Result ID: 'ae7e6e1955c8855faa8839825cff1ae5') in 0.001 seconds [static and dynamic dependencies]. Details - ImportResultOutputID=fbe8904ca5858488b91eb8d8cadac385 DependenciesID=3ea8d9193b6bd93bb4026a8acf7b8753 StaticDependenciesID=172d24206386059b5d9bdacde00f1c98 
Number of updated asset objects reloaded before import = 0
Number of asset objects unloaded after import = 0
========================================================================
Received Import Request.
  Time of request: 2026-09-30T12:28:08.6878644Z
  Time since last request: 0.0041985 seconds.
  importAddress: GUID: 7c34f20586bda4f8db3555113c6bd074 - Path: Packages/com.unity.visualscripting/Editor/VisualScripting.Core/Properties/AssemblyInfo.cs - Importer: ScriptedImporter/UnityEditor.QuickSearchModule:UnityEditor.Search:ASIAI0B
Importing 'GUID: 7c34f20586bda4f8db3555113c6bd074 - Path: Packages/com.unity.visualscripting/Editor/VisualScripting.Core/Properties/AssemblyInfo.cs - Importer: ScriptedImporter/UnityEditor.QuickSearchModule:UnityEditor.Search:ASIAI0B' with importer (ScriptedImporter : UnityEditor.QuickSearchModule:UnityEditor.Search:ASIAI0B)
Imported 'GUID: 7c34f20586bda4f8db3555113c6bd074' -> (Import Result ID: '7a55ece2fbbb13ece925b451cababbd3') in 0.002 seconds [static and dynamic dependencies]. Details - ImportResultOutputID=6fbaf35eba5b7221a2ecbe5ba64aa203 DependenciesID=3734683f2bd2164dbe9b5dfd5eed57ce StaticDependenciesID=1ec754d70ef15d41d1c5b1941fca6639 
Number of updated asset objects reloaded before import = 0
Number of asset objects unloaded after import = 0
========================================================================
Received Import Request.
  Time of request: 2026-09-30T12:28:08.6906458Z
  Time since last request: 0.000294 seconds.
  importAddress: GUID: 3f7d1c7200f234e23acfdb4c5813b7d1 - Path: Packages/com.unity.visualscripting/Editor/VisualScripting.Core/Threading/BackgroundWorker.cs - Importer: ScriptedImporter/UnityEditor.QuickSearchModule:UnityEditor.Search:ASIAI0B
Importing 'GUID: 3f7d1c7200f234e23acfdb4c5813b7d1 - Path: Packages/com.unity.visualscripting/Editor/VisualScripting.Core/Threading/BackgroundWorker.cs - Importer: ScriptedImporter/UnityEditor.QuickSearchModule:UnityEditor.Search:ASIAI0B' with importer (ScriptedImporter : UnityEditor.QuickSearchModule:UnityEditor.Search:ASIAI0B)
Imported 'GUID: 3f7d1c7200f234e23acfdb4c5813b7d1' -> (Import Result ID: 'dea6ba29c924417d102f65ab8e296a5b') in 0.002 seconds [static and dynamic dependencies]. Details - ImportResultOutputID=2b8474c7bce4d6fc627343b28e3ad5c3 DependenciesID=6df0791964e132dd24c01d1afe8deb76 StaticDependenciesID=0297c8b47a295a48cdfd64e4e9395e27 
Number of updated asset objects reloaded before import = 0
Number of asset objects unloaded after import = 0
========================================================================
Received Import Request.
  Time of request: 2026-09-30T12:28:08.6926562Z
  Time since last request: 0.0002643 seconds.
  importAddress: GUID: fa7c7cf84ce4a417fb95022b697c0909 - Path: Packages/com.unity.visualscripting/Editor/VisualScripting.Core/Product/LudiqProduct.cs - Importer: ScriptedImporter/UnityEditor.QuickSearchModule:UnityEditor.Search:ASIAI0B
Importing 'GUID: fa7c7cf84ce4a417fb95022b697c0909 - Path: Packages/com.unity.visualscripting/Editor/VisualScripting.Core/Product/LudiqProduct.cs - Importer: ScriptedImporter/UnityEditor.QuickSearchModule:UnityEditor.Search:ASIAI0B' with importer (ScriptedImporter : UnityEditor.QuickSearchModule:UnityEditor.Search:ASIAI0B)
Imported 'GUID: fa7c7cf84ce4a417fb95022b697c0909' -> (Import Result ID: 'af7896fd6ed1ad7442fc85c4d15c3b19') in 0.001 seconds [static and dynamic dependencies]. Details - ImportResultOutputID=b96b0da442b89da83bb50abb46a6d09a DependenciesID=52a96ffe59f8d96a5ab80cd43e6cf14a StaticDependenciesID=8ba76af73d5688d9348e33b4161fbe9f 
Number of updated asset objects reloaded before import = 0
Number of asset objects unloaded after import = 0
========================================================================
Received Import Request.
  Time of request: 2026-09-30T12:28:08.694547Z
  Time since last request: 0.0003549 seconds.
  importAddress: GUID: 74f2c853a758b4f8389946c50d690e37 - Path: Packages/com.unity.visualscripting/Editor/VisualScripting.Core/ResourceProviders/CreateTextureOptions.cs - Importer: ScriptedImporter/UnityEditor.QuickSearchModule:UnityEditor.Search:ASIAI0B
Importing 'GUID: 74f2c853a758b4f8389946c50d690e37 - Path: Packages/com.unity.visualscripting/Editor/VisualScripting.Core/ResourceProviders/CreateTextureOptions.cs - Importer: ScriptedImporter/UnityEditor.QuickSearchModule:UnityEditor.Search:ASIAI0B' with importer (ScriptedImporter : UnityEditor.QuickSearchModule:UnityEditor.Search:ASIAI0B)
Imported 'GUID: 74f2c853a758b4f8389946c50d690e37' -> (Import Result ID: '92678b8beeeb41cfd3cf7becf1b9cc61') in 0.002 seconds [static and dynamic dependencies]. Details - ImportResultOutputID=59a641b974d5bff8891b0e8b2276dbdc DependenciesID=602d3c84cf35447bec4012c678d10ad5 StaticDependenciesID=93330b209cf5c5fc663942238efbf3ca 
Number of updated asset objects reloaded before import = 0
Number of asset objects unloaded after import = 0
========================================================================
Received Import Request.
  Time of request: 2026-09-30T12:28:08.6970363Z
  Time since last request: 0.0002317 seconds.
  importAddress: GUID: 3f0082eee52d14623a54c1437122b8c4 - Path: Packages/com.unity.visualscripting/Editor/VisualScripting.Core/SerializedProperties/SerializedPropertyUtility.cs - Importer: ScriptedImporter/UnityEditor.QuickSearchModule:UnityEditor.Search:ASIAI0B
Importing 'GUID: 3f0082eee52d14623a54c1437122b8c4 - Path: Packages/com.unity.visualscripting/Editor/VisualScripting.Core/SerializedProperties/SerializedPropertyUtility.cs - Importer: ScriptedImporter/UnityEditor.QuickSearchModule:UnityEditor.Search:ASIAI0B' with importer (ScriptedImporter : UnityEditor.QuickSearchModule:UnityEditor.Search:ASIAI0B)
Imported 'GUID: 3f0082eee52d14623a54c1437122b8c4' -> (Import Result ID: '00fe76209c003cafc67409ba9c84de31') in 0.002 seconds [static and dynamic dependencies]. Details - ImportResultOutputID=aef8d53a5e073f1bac10130d93251cda DependenciesID=d6ec013f49015595f22b9dda0b10536b StaticDependenciesID=9a129cc0ec6bc9fd38f4c6883872eaaf 
Number of updated asset objects reloaded before import = 0
Number of asset objects unloaded after import = 0
========================================================================
Received Import Request.
  Time of request: 2026-09-30T12:28:08.6992082Z
  Time since last request: 0.000372 seconds.
  importAddress: GUID: e28521b22894e476190c9ead0cdaba03 - Path: Packages/com.unity.visualscripting/Editor/VisualScripting.Core/Utilities/DefineUtility.cs - Importer: ScriptedImporter/UnityEditor.QuickSearchModule:UnityEditor.Search:ASIAI0B
Importing 'GUID: e28521b22894e476190c9ead0cdaba03 - Path: Packages/com.unity.visualscripting/Editor/VisualScripting.Core/Utilities/DefineUtility.cs - Importer: ScriptedImporter/UnityEditor.QuickSearchModule:UnityEditor.Search:ASIAI0B' with importer (ScriptedImporter : UnityEditor.QuickSearchModule:UnityEditor.Search:ASIAI0B)
Imported 'GUID: e28521b22894e476190c9ead0cdaba03' -> (Import Result ID: '1d3f9281ee68dd77980ab30c3cb7fe31') in 0.002 seconds [static and dynamic dependencies]. Details - ImportResultOutputID=6d7ef4ac40218966b8e5338913c54e24 DependenciesID=ef77934ccf8753eb5036dd1ab8cb200b StaticDependenciesID=04770e8ac6fd26b3374684396e6b47be 
Number of updated asset objects reloaded before import = 0
Number of asset objects unloaded after import = 0
========================================================================
Received Import Request.
  Time of request: 2026-09-30T12:28:08.7020725Z
  Time since last request: 0.0003457 seconds.
  importAddress: GUID: 88f12974f4cc041f2918f56dbce364fb - Path: Packages/com.unity.visualscripting/Editor/VisualScripting.Core/Plugins/PluginChangelog.cs - Importer: ScriptedImporter/UnityEditor.QuickSearchModule:UnityEditor.Search:ASIAI0B
Importing 'GUID: 88f12974f4cc041f2918f56dbce364fb - Path: Packages/com.unity.visualscripting/Editor/VisualScripting.Core/Plugins/PluginChangelog.cs - Importer: ScriptedImporter/UnityEditor.QuickSearchModule:UnityEditor.Search:ASIAI0B' with importer (ScriptedImporter : UnityEditor.QuickSearchModule:UnityEditor.Search:ASIAI0B)
Imported 'GUID: 88f12974f4cc041f2918f56dbce364fb' -> (Import Result ID: '35cf0c718b1a11d140eccc06111becd1') in 0.002 seconds [static and dynamic dependencies]. Details - ImportResultOutputID=f8069de4a5022bfa8497ddfecce7f452 DependenciesID=d3486d137e6936c72da7125834e7e88c StaticDependenciesID=dfa25274d783221c719931713d04aa3d 
Number of updated asset objects reloaded before import = 0
Number of asset objects unloaded after import = 0
========================================================================
Received Import Request.
  Time of request: 2026-09-30T12:28:08.7040699Z
  Time since last request: 0.0003346 seconds.
  importAddress: GUID: 710ead06414b94d41bc48ae70c78e052 - Path: Packages/com.unity.visualscripting/Editor/VisualScripting.Core/Plugins/PluginModuleAttribute.cs - Importer: ScriptedImporter/UnityEditor.QuickSearchModule:UnityEditor.Search:ASIAI0B
Importing 'GUID: 710ead06414b94d41bc48ae70c78e052 - Path: Packages/com.unity.visualscripting/Editor/VisualScripting.Core/Plugins/PluginModuleAttribute.cs - Importer: ScriptedImporter/UnityEditor.QuickSearchModule:UnityEditor.Search:ASIAI0B' with importer (ScriptedImporter : UnityEditor.QuickSearchModule:UnityEditor.Search:ASIAI0B)
Imported 'GUID: 710ead06414b94d41bc48ae70c78e052' -> (Import Result ID: 'b2e54c434fa67f9cb0e62cf0dd871f63') in 0.003 seconds [static and dynamic dependencies]. Details - ImportResultOutputID=8a4453137456b500751366f1d7fc0131 DependenciesID=6deaf7b8c781ff0c4632f821c5f63aad StaticDependenciesID=549b3e07e6de55434d6c8e231817ed20 
Number of updated asset objects reloaded before import = 0
Number of asset objects unloaded after import = 0
========================================================================
Received Import Request.
  Time of request: 2026-09-30T12:28:08.7073744Z
  Time since last request: 0.0001913 seconds.
  importAddress: GUID: 4ac6c49828f594127a174e9ebb132050 - Path: Packages/com.unity.visualscripting/Editor/VisualScripting.Core/Products/ProductContainer.cs - Importer: ScriptedImporter/UnityEditor.QuickSearchModule:UnityEditor.Search:ASIAI0B
Importing 'GUID: 4ac6c49828f594127a174e9ebb132050 - Path: Packages/com.unity.visualscripting/Editor/VisualScripting.Core/Products/ProductContainer.cs - Importer: ScriptedImporter/UnityEditor.QuickSearchModule:UnityEditor.Search:ASIAI0B' with importer (ScriptedImporter : UnityEditor.QuickSearchModule:UnityEditor.Search:ASIAI0B)
Imported 'GUID: 4ac6c49828f594127a174e9ebb132050' -> (Import Result ID: '114ba80ee64787614f82b550596385f2') in 0.002 seconds [static and dynamic dependencies]. Details - ImportResultOutputID=cd75ca46a437de862c3361d04da91c16 DependenciesID=e6de57deaf9a27caddb9a4863ee45050 StaticDependenciesID=9351cde2d200b0d3939b0d4058b7ad21 
Number of updated asset objects reloaded before import = 0
Number of asset objects unloaded after import = 0
========================================================================
Received Import Request.
  Time of request: 2026-09-30T12:28:08.7103948Z
  Time since last request: 0.0003124 seconds.
  importAddress: GUID: e74f2cddfbfc488b82f5eee792f91cf2 - Path: Packages/com.unity.visualscripting/Editor/VisualScripting.Core/Serialization/TypeExtensions.cs - Importer: ScriptedImporter/UnityEditor.QuickSearchModule:UnityEditor.Search:ASIAI0B
Importing 'GUID: e74f2cddfbfc488b82f5eee792f91cf2 - Path: Packages/com.unity.visualscripting/Editor/VisualScripting.Core/Serialization/TypeExtensions.cs - Importer: ScriptedImporter/UnityEditor.QuickSearchModule:UnityEditor.Search:ASIAI0B' with importer (ScriptedImporter : UnityEditor.QuickSearchModule:UnityEditor.Search:ASIAI0B)
Imported 'GUID: e74f2cddfbfc488b82f5eee792f91cf2' -> (Import Result ID: 'ca49651ecf5af7658ed6c14537f0ca56') in 0.002 seconds [static and dynamic dependencies]. Details - ImportResultOutputID=3fe8f966d21f970faea773cd712bf22e DependenciesID=a3aade664c1adbf606c9e040c01d0d23 StaticDependenciesID=de16aabc366e975c4cf370140e1037eb 
Number of updated asset objects reloaded before import = 0
Number of asset objects unloaded after import = 0
========================================================================
Received Import Request.
  Time of request: 2026-09-30T12:28:08.7132092Z
  Time since last request: 0.000448 seconds.
  importAddress: GUID: e62f3163931274397b4b1f6c3315a63b - Path: Packages/com.unity.visualscripting/Editor/VisualScripting.Core/Utilities/AssetUtility.cs - Importer: ScriptedImporter/UnityEditor.QuickSearchModule:UnityEditor.Search:ASIAI0B
Importing 'GUID: e62f3163931274397b4b1f6c3315a63b - Path: Packages/com.unity.visualscripting/Editor/VisualScripting.Core/Utilities/AssetUtility.cs - Importer: ScriptedImporter/UnityEditor.QuickSearchModule:UnityEditor.Search:ASIAI0B' with importer (ScriptedImporter : UnityEditor.QuickSearchModule:UnityEditor.Search:ASIAI0B)
Imported 'GUID: e62f3163931274397b4b1f6c3315a63b' -> (Import Result ID: 'd9088da846173e2b477257905a4f156a') in 0.002 seconds [static and dynamic dependencies]. Details - ImportResultOutputID=821e21fc9a3fa89501d4c9fe0a27b9ba DependenciesID=d8a7c4d807c9450b78f6d8348fb1b855 StaticDependenciesID=f5531f5375b80a004959d18bbad475af 
Number of updated asset objects reloaded before import = 0
Number of asset objects unloaded after import = 0
========================================================================
Received Import Request.
  Time of request: 2026-09-30T12:28:08.7157011Z
  Time since last request: 0.0003581 seconds.
  importAddress: GUID: 1d000889126574fd08231d048f68b243 - Path: Packages/com.unity.visualscripting/Editor/VisualScripting.Core/Reflection/ParameterStringMode.cs - Importer: ScriptedImporter/UnityEditor.QuickSearchModule:UnityEditor.Search:ASIAI0B
Importing 'GUID: 1d000889126574fd08231d048f68b243 - Path: Packages/com.unity.visualscripting/Editor/VisualScripting.Core/Reflection/ParameterStringMode.cs - Importer: ScriptedImporter/UnityEditor.QuickSearchModule:UnityEditor.Search:ASIAI0B' with importer (ScriptedImporter : UnityEditor.QuickSearchModule:UnityEditor.Search:ASIAI0B)
Imported 'GUID: 1d000889126574fd08231d048f68b243' -> (Import Result ID: 'fae1c277e687fb5b56bba7f3cb803244') in 0.002 seconds [static and dynamic dependencies]. Details - ImportResultOutputID=c8236f33c99049dd9ea4c0885eb251cc DependenciesID=1e76145775917897ba95bfc719b6e7b5 StaticDependenciesID=17e1119ad8ddcf122ac651062df80dd9 
Number of updated asset objects reloaded before import = 0
Number of asset objects unloaded after import = 0
========================================================================
Received Import Request.
  Time of request: 2026-09-30T12:28:08.7184426Z
  Time since last request: 0.0003873 seconds.
  importAddress: GUID: ee52a717b505a4d66a47cc1a3b25e500 - Path: Packages/com.unity.visualscripting/Editor/VisualScripting.Core/Reflection/MemberOptionTree.cs - Importer: ScriptedImporter/UnityEditor.QuickSearchModule:UnityEditor.Search:ASIAI0B
Importing 'GUID: ee52a717b505a4d66a47cc1a3b25e500 - Path: Packages/com.unity.visualscripting/Editor/VisualScripting.Core/Reflection/MemberOptionTree.cs - Importer: ScriptedImporter/UnityEditor.QuickSearchModule:UnityEditor.Search:ASIAI0B' with importer (ScriptedImporter : UnityEditor.QuickSearchModule:UnityEditor.Search:ASIAI0B)
Imported 'GUID: ee52a717b505a4d66a47cc1a3b25e500' -> (Import Result ID: '0c6fae9e7d22d262c913917b5072ccf4') in 0.002 seconds [static and dynamic dependencies]. Details - ImportResultOutputID=4cbbf60d397dc45bbf549d7d269efc3c DependenciesID=bb0efcf1919cb9580bf71a80664bde42 StaticDependenciesID=8f4e8a3b86b769c19ff2bc2f0f4e0fa9 
Number of updated asset objects reloaded before import = 0
Number of asset objects unloaded after import = 0
========================================================================
Received Import Request.
  Time of request: 2026-09-30T12:28:08.7204102Z
  Time since last request: 0.0003161 seconds.
  importAddress: GUID: 2990b49fcb084b638368e29921da7dd7 - Path: Packages/com.unity.visualscripting/Editor/VisualScripting.Core/Serialization/MovedFromAttributeExtensions.cs - Importer: ScriptedImporter/UnityEditor.QuickSearchModule:UnityEditor.Search:ASIAI0B
Importing 'GUID: 2990b49fcb084b638368e29921da7dd7 - Path: Packages/com.unity.visualscripting/Editor/VisualScripting.Core/Serialization/MovedFromAttributeExtensions.cs - Importer: ScriptedImporter/UnityEditor.QuickSearchModule:UnityEditor.Search:ASIAI0B' with importer (ScriptedImporter : UnityEditor.QuickSearchModule:UnityEditor.Search:ASIAI0B)
Imported 'GUID: 2990b49fcb084b638368e29921da7dd7' -> (Import Result ID: '7470d650d7db1ec9ba1b73e5be2ca8c8') in 0.002 seconds [static and dynamic dependencies]. Details - ImportResultOutputID=4a1733834875ba8e37a20b2320f2aafc DependenciesID=c1d3e7f9228aa5a1fde25fe8fc53008a StaticDependenciesID=12c2a142c7fcdf2de69e500fef75032b 
Number of updated asset objects reloaded before import = 0
Number of asset objects unloaded after import = 0
========================================================================
Received Import Request.
  Time of request: 2026-09-30T12:28:08.7228515Z
  Time since last request: 0.0004337 seconds.
  importAddress: GUID: abe69038d9eec4c47895f7c0af6457f0 - Path: Packages/com.unity.visualscripting/Editor/VisualScripting.Core/Plugins/PluginManifest.cs - Importer: ScriptedImporter/UnityEditor.QuickSearchModule:UnityEditor.Search:ASIAI0B
Importing 'GUID: abe69038d9eec4c47895f7c0af6457f0 - Path: Packages/com.unity.visualscripting/Editor/VisualScripting.Core/Plugins/PluginManifest.cs - Importer: ScriptedImporter/UnityEditor.QuickSearchModule:UnityEditor.Search:ASIAI0B' with importer (ScriptedImporter : UnityEditor.QuickSearchModule:UnityEditor.Search:ASIAI0B)
Imported 'GUID: abe69038d9eec4c47895f7c0af6457f0' -> (Import Result ID: 'ceecf189aa4f8806d68c2894247c2a2e') in 0.002 seconds [static and dynamic dependencies]. Details - ImportResultOutputID=a71c50789be59918b5b4116f674751a9 DependenciesID=249bf05b8ce7419fd73119f7822fc026 StaticDependenciesID=eb22a18b83dec81f02d5319a2d7e93a4 
Number of updated asset objects reloaded before import = 0
Number of asset objects unloaded after import = 0
========================================================================
Received Import Request.
  Time of request: 2026-09-30T12:28:08.7252496Z
  Time since last request: 0.0003225 seconds.
  importAddress: GUID: a726a3ba28c3d49db99c54463ccdf7f9 - Path: Packages/com.unity.visualscripting/Editor/VisualScripting.Core/Utilities/Clipboard.cs - Importer: ScriptedImporter/UnityEditor.QuickSearchModule:UnityEditor.Search:ASIAI0B
Importing 'GUID: a726a3ba28c3d49db99c54463ccdf7f9 - Path: Packages/com.unity.visualscripting/Editor/VisualScripting.Core/Utilities/Clipboard.cs - Importer: ScriptedImporter/UnityEditor.QuickSearchModule:UnityEditor.Search:ASIAI0B' with importer (ScriptedImporter : UnityEditor.QuickSearchModule:UnityEditor.Search:ASIAI0B)
Imported 'GUID: a726a3ba28c3d49db99c54463ccdf7f9' -> (Import Result ID: '7695ddfb155fc9f9dc32ca7b142da67a') in 0.001 seconds [static and dynamic dependencies]. Details - ImportResultOutputID=6f011997cbe478dc49fc919ffbae983b DependenciesID=229054f0f7a68fea5ccaec90be85a7d1 StaticDependenciesID=75bfa9c367c51638bab13271623061ff 
Number of updated asset objects reloaded before import = 0
Number of asset objects unloaded after import = 0
========================================================================
Received Import Request.
  Time of request: 2026-09-30T12:28:08.7270284Z
  Time since last request: 0.0002959 seconds.
  importAddress: GUID: cab31d2af46be49abbe487999616bb68 - Path: Packages/com.unity.visualscripting/Editor/VisualScripting.Core/Plugins/PluginMigration.cs - Importer: ScriptedImporter/UnityEditor.QuickSearchModule:UnityEditor.Search:ASIAI0B
Importing 'GUID: cab31d2af46be49abbe487999616bb68 - Path: Packages/com.unity.visualscripting/Editor/VisualScripting.Core/Plugins/PluginMigration.cs - Importer: ScriptedImporter/UnityEditor.QuickSearchModule:UnityEditor.Search:ASIAI0B' with importer (ScriptedImporter : UnityEditor.QuickSearchModule:UnityEditor.Search:ASIAI0B)
Imported 'GUID: cab31d2af46be49abbe487999616bb68' -> (Import Result ID: '93c449f2413546f727ee29550b147cd4') in 0.002 seconds [static and dynamic dependencies]. Details - ImportResultOutputID=609334041079315d9ff7943d9c9c63ea DependenciesID=a9f0a87d4734fb1ba389bb6963c38293 StaticDependenciesID=f5178f33e70541a1088d05be549b6d70 
Number of updated asset objects reloaded before import = 0
Number of asset objects unloaded after import = 0
========================================================================
Received Import Request.
  Time of request: 2026-09-30T12:28:08.7292498Z
  Time since last request: 0.0004219 seconds.
  importAddress: GUID: 7e75690ae4464491ba4b599cd9fc1c4b - Path: Packages/com.unity.visualscripting/Editor/VisualScripting.Core/Utilities/EditorApplicationUtility.cs - Importer: ScriptedImporter/UnityEditor.QuickSearchModule:UnityEditor.Search:ASIAI0B
Importing 'GUID: 7e75690ae4464491ba4b599cd9fc1c4b - Path: Packages/com.unity.visualscripting/Editor/VisualScripting.Core/Utilities/EditorApplicationUtility.cs - Importer: ScriptedImporter/UnityEditor.QuickSearchModule:UnityEditor.Search:ASIAI0B' with importer (ScriptedImporter : UnityEditor.QuickSearchModule:UnityEditor.Search:ASIAI0B)
Imported 'GUID: 7e75690ae4464491ba4b599cd9fc1c4b' -> (Import Result ID: '685b4ff34d69f62f480dd7facec15184') in 0.002 seconds [static and dynamic dependencies]. Details - ImportResultOutputID=bd7cae739a97f29987021e6081f6d657 DependenciesID=1a5798911d0afa5afa1a643a61ef7357 StaticDependenciesID=db7551130e9a091e2b374e7b1b3da8ff 
Number of updated asset objects reloaded before import = 0
Number of asset objects unloaded after import = 0
========================================================================
Received Import Request.
  Time of request: 2026-09-30T12:28:08.7324615Z
  Time since last request: 0.000715 seconds.
  importAddress: GUID: 530aa310c26c242a69761236d9f71efd - Path: Packages/com.unity.visualscripting/Editor/VisualScripting.Core/Threading/BackgroundWorkerAttribute.cs - Importer: ScriptedImporter/UnityEditor.QuickSearchModule:UnityEditor.Search:ASIAI0B
Importing 'GUID: 530aa310c26c242a69761236d9f71efd - Path: Packages/com.unity.visualscripting/Editor/VisualScripting.Core/Threading/BackgroundWorkerAttribute.cs - Importer: ScriptedImporter/UnityEditor.QuickSearchModule:UnityEditor.Search:ASIAI0B' with importer (ScriptedImporter : UnityEditor.QuickSearchModule:UnityEditor.Search:ASIAI0B)
Imported 'GUID: 530aa310c26c242a69761236d9f71efd' -> (Import Result ID: '4be209d5c1068234e98766aebc6eca81') in 0.002 seconds [static and dynamic dependencies]. Details - ImportResultOutputID=1453e388566fe94a93a09e9a0ab485e6 DependenciesID=866bd7dd8da39c3c174846c9e0ddb5d1 StaticDependenciesID=216d0e526a8ee249e3a9f04c588c0473 
Number of updated asset objects reloaded before import = 0
Number of asset objects unloaded after import = 0
========================================================================
Received Import Request.
  Time of request: 2026-09-30T12:28:08.7352966Z
  Time since last request: 0.0003836 seconds.
  importAddress: GUID: 5cd9580d6fbdc42a1949c3ab27153048 - Path: Packages/com.unity.visualscripting/Editor/VisualScripting.Core/Utilities/EditorLinqUtility.cs - Importer: ScriptedImporter/UnityEditor.QuickSearchModule:UnityEditor.Search:ASIAI0B
Importing 'GUID: 5cd9580d6fbdc42a1949c3ab27153048 - Path: Packages/com.unity.visualscripting/Editor/VisualScripting.Core/Utilities/EditorLinqUtility.cs - Importer: ScriptedImporter/UnityEditor.QuickSearchModule:UnityEditor.Search:ASIAI0B' with importer (ScriptedImporter : UnityEditor.QuickSearchModule:UnityEditor.Search:ASIAI0B)
Imported 'GUID: 5cd9580d6fbdc42a1949c3ab27153048' -> (Import Result ID: '82cd676ca68ee5c55fc62097b1380d0e') in 0.001 seconds [static and dynamic dependencies]. Details - ImportResultOutputID=490427c89c48fe6f671b1b3c413270eb DependenciesID=960fd130d04b134093a8eb2d3e2dbe6c StaticDependenciesID=3f5a78774cb8b7dc3b20c39ac8786799 
Number of updated asset objects reloaded before import = 0
Number of asset objects unloaded after import = 0
========================================================================
Received Import Request.
  Time of request: 2026-09-30T12:28:08.736994Z
  Time since last request: 0.0002511 seconds.
  importAddress: GUID: 30afe544a75504d709c5ee91062345a1 - Path: Packages/com.unity.visualscripting/Editor/VisualScripting.Core/Products/ProductAttribute.cs - Importer: ScriptedImporter/UnityEditor.QuickSearchModule:UnityEditor.Search:ASIAI0B
Importing 'GUID: 30afe544a75504d709c5ee91062345a1 - Path: Packages/com.unity.visualscripting/Editor/VisualScripting.Core/Products/ProductAttribute.cs - Importer: ScriptedImporter/UnityEditor.QuickSearchModule:UnityEditor.Search:ASIAI0B' with importer (ScriptedImporter : UnityEditor.QuickSearchModule:UnityEditor.Search:ASIAI0B)
Imported 'GUID: 30afe544a75504d709c5ee91062345a1' -> (Import Result ID: '754cfa76bd99f5672d2c112104678eda') in 0.002 seconds [static and dynamic dependencies]. Details - ImportResultOutputID=e899dbacb9deec9dcef64295feb2ce23 DependenciesID=94d90b2bcd8e6b92be16eeed695d5b9d StaticDependenciesID=ceb6597d584826b2cd53c111933571e4 
Number of updated asset objects reloaded before import = 0
Number of asset objects unloaded after import = 0
========================================================================
Received Import Request.
  Time of request: 2026-09-30T12:28:08.757729Z
  Time since last request: 0.0188542 seconds.
  importAddress: GUID: 714e2db9523514f3d9996d88f3f53e7e - Path: Packages/com.unity.visualscripting/Editor/VisualScripting.Core/Windows/GraphInspectorPanel.cs - Importer: ScriptedImporter/UnityEditor.QuickSearchModule:UnityEditor.Search:ASIAI0B
Importing 'GUID: 714e2db9523514f3d9996d88f3f53e7e - Path: Packages/com.unity.visualscripting/Editor/VisualScripting.Core/Windows/GraphInspectorPanel.cs - Importer: ScriptedImporter/UnityEditor.QuickSearchModule:UnityEditor.Search:ASIAI0B' with importer (ScriptedImporter : UnityEditor.QuickSearchModule:UnityEditor.Search:ASIAI0B)
Imported 'GUID: 714e2db9523514f3d9996d88f3f53e7e' -> (Import Result ID: '8e4d9dd26789bb666c321531c612038a') in 0.002 seconds [static and dynamic dependencies]. Details - ImportResultOutputID=bb0c5cf845379ec37438012b814f379a DependenciesID=a7f34d7a2bb2facf72799bbf37348ba1 StaticDependenciesID=490b39f6f8770c4cc1730a19cd117cd7 
Number of updated asset objects reloaded before import = 0
Number of asset objects unloaded after import = 0
========================================================================
Received Import Request.
  Time of request: 2026-09-30T12:28:08.7607339Z
  Time since last request: 0.0004036 seconds.
  importAddress: GUID: e05ca79d074644ae1a746335d9328772 - Path: Packages/com.unity.visualscripting/Editor/VisualScripting.Core/Utilities/VSMigrationUtility.cs - Importer: ScriptedImporter/UnityEditor.QuickSearchModule:UnityEditor.Search:ASIAI0B
Importing 'GUID: e05ca79d074644ae1a746335d9328772 - Path: Packages/com.unity.visualscripting/Editor/VisualScripting.Core/Utilities/VSMigrationUtility.cs - Importer: ScriptedImporter/UnityEditor.QuickSearchModule:UnityEditor.Search:ASIAI0B' with importer (ScriptedImporter : UnityEditor.QuickSearchModule:UnityEditor.Search:ASIAI0B)
Imported 'GUID: e05ca79d074644ae1a746335d9328772' -> (Import Result ID: '7000d0fa00cf443a73f44ffdbec82041') in 0.002 seconds [static and dynamic dependencies]. Details - ImportResultOutputID=348650a709f37234627f0ebf2ca4e333 DependenciesID=59b1c65d6d7a5fceaa7b54c4936b99b3 StaticDependenciesID=253159002c7426d7c40cc22c0dd8b7f5 
Number of updated asset objects reloaded before import = 0
Number of asset objects unloaded after import = 0
========================================================================
Received Import Request.
  Time of request: 2026-09-30T12:28:08.7631675Z
  Time since last request: 0.0005044 seconds.
  importAddress: GUID: f6fc56e16558949f1920f60ef0a2b783 - Path: Packages/com.unity.visualscripting/Editor/VisualScripting.Core/Variables/VariableDeclarationsInspector.cs - Importer: ScriptedImporter/UnityEditor.QuickSearchModule:UnityEditor.Search:ASIAI0B
Importing 'GUID: f6fc56e16558949f1920f60ef0a2b783 - Path: Packages/com.unity.visualscripting/Editor/VisualScripting.Core/Variables/VariableDeclarationsInspector.cs - Importer: ScriptedImporter/UnityEditor.QuickSearchModule:UnityEditor.Search:ASIAI0B' with importer (ScriptedImporter : UnityEditor.QuickSearchModule:UnityEditor.Search:ASIAI0B)
Imported 'GUID: f6fc56e16558949f1920f60ef0a2b783' -> (Import Result ID: '9b760d5d2f7b1a41d9f6e9024c562cde') in 0.002 seconds [static and dynamic dependencies]. Details - ImportResultOutputID=2886a4ad6c0c4969430b15a153b34cc5 DependenciesID=e5eb23afdec4a653e455fa0cee86148f StaticDependenciesID=f20a6f3e966c7781f686eb39a5c0e4e1 
Number of updated asset objects reloaded before import = 0
Number of asset objects unloaded after import = 0
========================================================================
Received Import Request.
  Time of request: 2026-09-30T12:28:08.7652239Z
  Time since last request: 0.0003497 seconds.
  importAddress: GUID: ee1481c4a3175cc4fba56bbf1279cb37 - Path: Packages/com.unity.visualscripting/Editor/VisualScripting.Core/Utilities/PackageVersionUtility.cs - Importer: ScriptedImporter/UnityEditor.QuickSearchModule:UnityEditor.Search:ASIAI0B
Importing 'GUID: ee1481c4a3175cc4fba56bbf1279cb37 - Path: Packages/com.unity.visualscripting/Editor/VisualScripting.Core/Utilities/PackageVersionUtility.cs - Importer: ScriptedImporter/UnityEditor.QuickSearchModule:UnityEditor.Search:ASIAI0B' with importer (ScriptedImporter : UnityEditor.QuickSearchModule:UnityEditor.Search:ASIAI0B)
Imported 'GUID: ee1481c4a3175cc4fba56bbf1279cb37' -> (Import Result ID: '65334ae971c85ccf336d67b8a00d11e4') in 0.002 seconds [static and dynamic dependencies]. Details - ImportResultOutputID=1f953a8c1e939a797e0dfdb4f37e2842 DependenciesID=13535ed98078674a1ac6981b8488b651 StaticDependenciesID=c5c2c33a1c1372ce3846852e9d017129 
Number of updated asset objects reloaded before import = 0
Number of asset objects unloaded after import = 0
========================================================================
Received Import Request.
  Time of request: 2026-09-30T12:28:08.7672617Z
  Time since last request: 0.0002044 seconds.
  importAddress: GUID: 4b9a6b214affa42b79f66d4c087b1de5 - Path: Packages/com.unity.visualscripting/Editor/VisualScripting.Core/Widgets/WidgetProvider.cs - Importer: ScriptedImporter/UnityEditor.QuickSearchModule:UnityEditor.Search:ASIAI0B
Importing 'GUID: 4b9a6b214affa42b79f66d4c087b1de5 - Path: Packages/com.unity.visualscripting/Editor/VisualScripting.Core/Widgets/WidgetProvider.cs - Importer: ScriptedImporter/UnityEditor.QuickSearchModule:UnityEditor.Search:ASIAI0B' with importer (ScriptedImporter : UnityEditor.QuickSearchModule:UnityEditor.Search:ASIAI0B)
Imported 'GUID: 4b9a6b214affa42b79f66d4c087b1de5' -> (Import Result ID: 'a40784561346109224adafc74bb526ce') in 0.001 seconds [static and dynamic dependencies]. Details - ImportResultOutputID=cea1841bfa6ab0f1736a5623faf42203 DependenciesID=9fe86f0be864ba45406bdf7e46403cfb StaticDependenciesID=b5a69a2533ff3896cafa705882ba0364 
Number of updated asset objects reloaded before import = 0
Number of asset objects unloaded after import = 0
========================================================================
Received Import Request.
  Time of request: 2026-09-30T12:28:08.7690163Z
  Time since last request: 0.0003922 seconds.
  importAddress: GUID: 8f3e73ba2acf64cb1b0da8deb9ac1e46 - Path: Packages/com.unity.visualscripting/Editor/VisualScripting.Core/Utilities/ScriptReference.cs - Importer: ScriptedImporter/UnityEditor.QuickSearchModule:UnityEditor.Search:ASIAI0B
Importing 'GUID: 8f3e73ba2acf64cb1b0da8deb9ac1e46 - Path: Packages/com.unity.visualscripting/Editor/VisualScripting.Core/Utilities/ScriptReference.cs - Importer: ScriptedImporter/UnityEditor.QuickSearchModule:UnityEditor.Search:ASIAI0B' with importer (ScriptedImporter : UnityEditor.QuickSearchModule:UnityEditor.Search:ASIAI0B)
Imported 'GUID: 8f3e73ba2acf64cb1b0da8deb9ac1e46' -> (Import Result ID: '1da979b895b3a23bf0fba852e296b92f') in 0.002 seconds [static and dynamic dependencies]. Details - ImportResultOutputID=88e6eab3fb2ad69f61867e323e87c49d DependenciesID=d0cdc5d1509a5ae0c34b7ff002cd67ad StaticDependenciesID=9567cdd5e62038056e05694663d660e3 
Number of updated asset objects reloaded before import = 0
Number of asset objects unloaded after import = 0
========================================================================
Received Import Request.
  Time of request: 2026-09-30T12:28:08.7713928Z
  Time since last request: 0.0005044 seconds.
  importAddress: GUID: 162adbf5985084c5589956d384d44781 - Path: Packages/com.unity.visualscripting/Editor/VisualScripting.Core/Windows/TabbedPage.cs - Importer: ScriptedImporter/UnityEditor.QuickSearchModule:UnityEditor.Search:ASIAI0B
Importing 'GUID: 162adbf5985084c5589956d384d44781 - Path: Packages/com.unity.visualscripting/Editor/VisualScripting.Core/Windows/TabbedPage.cs - Importer: ScriptedImporter/UnityEditor.QuickSearchModule:UnityEditor.Search:ASIAI0B' with importer (ScriptedImporter : UnityEditor.QuickSearchModule:UnityEditor.Search:ASIAI0B)
Imported 'GUID: 162adbf5985084c5589956d384d44781' -> (Import Result ID: '02f53257c2a3c91baea21c4e8b034c66') in 0.002 seconds [static and dynamic dependencies]. Details - ImportResultOutputID=06887b07b0a0efad5c91cb6a74f2c7ba DependenciesID=f36bc7de605414ede0efbdf361e02f67 StaticDependenciesID=323cbbe53d8c3144ec998154c21fd440 
Number of updated asset objects reloaded before import = 0
Number of asset objects unloaded after import = 0
========================================================================
Received Import Request.
  Time of request: 2026-09-30T12:28:08.7738695Z
  Time since last request: 0.0002755 seconds.
  importAddress: GUID: 72aaa5a57453b4350bdaf6f5069e9c0b - Path: Packages/com.unity.visualscripting/Editor/VisualScripting.Core/Windows/Page.cs - Importer: ScriptedImporter/UnityEditor.QuickSearchModule:UnityEditor.Search:ASIAI0B
Importing 'GUID: 72aaa5a57453b4350bdaf6f5069e9c0b - Path: Packages/com.unity.visualscripting/Editor/VisualScripting.Core/Windows/Page.cs - Importer: ScriptedImporter/UnityEditor.QuickSearchModule:UnityEditor.Search:ASIAI0B' with importer (ScriptedImporter : UnityEditor.QuickSearchModule:UnityEditor.Search:ASIAI0B)
Imported 'GUID: 72aaa5a57453b4350bdaf6f5069e9c0b' -> (Import Result ID: '800a9336545fecf40389433b3b74e208') in 0.002 seconds [static and dynamic dependencies]. Details - ImportResultOutputID=c37d1afdcaefa54b624df3174e828a50 DependenciesID=b2d068f424284da898e992bb4a232f48 StaticDependenciesID=db27ee3cb97fe19481a4591cfc3495a1 
Number of updated asset objects reloaded before import = 0
Number of asset objects unloaded after import = 0
========================================================================
Received Import Request.
  Time of request: 2026-09-30T12:28:08.7759414Z
  Time since last request: 0.0003314 seconds.
  importAddress: GUID: 9daae74b98cf682418c22b5c2848941e - Path: Packages/com.unity.visualscripting/Editor/VisualScripting.Core/Utilities/VSBackupUtility.cs - Importer: ScriptedImporter/UnityEditor.QuickSearchModule:UnityEditor.Search:ASIAI0B
Importing 'GUID: 9daae74b98cf682418c22b5c2848941e - Path: Packages/com.unity.visualscripting/Editor/VisualScripting.Core/Utilities/VSBackupUtility.cs - Importer: ScriptedImporter/UnityEditor.QuickSearchModule:UnityEditor.Search:ASIAI0B' with importer (ScriptedImporter : UnityEditor.QuickSearchModule:UnityEditor.Search:ASIAI0B)
Imported 'GUID: 9daae74b98cf682418c22b5c2848941e' -> (Import Result ID: '96b917e260cf94c7ab05a947f73542bf') in 0.001 seconds [static and dynamic dependencies]. Details - ImportResultOutputID=75f1a62bd3dbd46704da4dc1fb8e1346 DependenciesID=4ad2f3e4043803df2dab4599ff6b8ed6 StaticDependenciesID=31c93d4c99cca0ad9dbf07028d005a5c 
Number of updated asset objects reloaded before import = 0
Number of asset objects unloaded after import = 0
========================================================================
Received Import Request.
  Time of request: 2026-09-30T12:28:08.7777595Z
  Time since last request: 0.0002441 seconds.
  importAddress: GUID: 4deba91afdf784ad39d54372fbd81bad - Path: Packages/com.unity.visualscripting/Editor/VisualScripting.Core/Utilities/Warning.cs - Importer: ScriptedImporter/UnityEditor.QuickSearchModule:UnityEditor.Search:ASIAI0B
Importing 'GUID: 4deba91afdf784ad39d54372fbd81bad - Path: Packages/com.unity.visualscripting/Editor/VisualScripting.Core/Utilities/Warning.cs - Importer: ScriptedImporter/UnityEditor.QuickSearchModule:UnityEditor.Search:ASIAI0B' with importer (ScriptedImporter : UnityEditor.QuickSearchModule:UnityEditor.Search:ASIAI0B)
Imported 'GUID: 4deba91afdf784ad39d54372fbd81bad' -> (Import Result ID: 'dc490b94b9a048453ac90adbd9c03a8c') in 0.001 seconds [static and dynamic dependencies]. Details - ImportResultOutputID=1ddd289739bd0ff1719ff99f943f7ee2 DependenciesID=a27e701fa43cdfb9fdd1c345fde8604d StaticDependenciesID=add12db7e3521c394fe627d48e1c13e0 
Number of updated asset objects reloaded before import = 0
Number of asset objects unloaded after import = 0
========================================================================
Received Import Request.
  Time of request: 2026-09-30T12:28:08.779476Z
  Time since last request: 0.0002841 seconds.
  importAddress: GUID: d11d8156e1fe44e4ba4931e52e7e8a62 - Path: Packages/com.unity.visualscripting/Editor/VisualScripting.Core/Utilities/VSUsageUtility.cs - Importer: ScriptedImporter/UnityEditor.QuickSearchModule:UnityEditor.Search:ASIAI0B
Importing 'GUID: d11d8156e1fe44e4ba4931e52e7e8a62 - Path: Packages/com.unity.visualscripting/Editor/VisualScripting.Core/Utilities/VSUsageUtility.cs - Importer: ScriptedImporter/UnityEditor.QuickSearchModule:UnityEditor.Search:ASIAI0B' with importer (ScriptedImporter : UnityEditor.QuickSearchModule:UnityEditor.Search:ASIAI0B)
Imported 'GUID: d11d8156e1fe44e4ba4931e52e7e8a62' -> (Import Result ID: '1a1aa3f488bc7e2517b16d088bfe2408') in 0.002 seconds [static and dynamic dependencies]. Details - ImportResultOutputID=dfb9c8af545c797dccd0862c429eed8e DependenciesID=ea41351e50bd8a5cdedbc937ef108f18 StaticDependenciesID=1146b84dd61e3c4e7b6520e8a158456c 
Number of updated asset objects reloaded before import = 0
Number of asset objects unloaded after import = 0
========================================================================
Received Import Request.
  Time of request: 2026-09-30T12:28:08.7816117Z
  Time since last request: 0.0003655 seconds.
  importAddress: GUID: 789f126463cb24b1d94217787be2f7c1 - Path: Packages/com.unity.visualscripting/Editor/VisualScripting.Core/Widgets/IGraphElementWidget.cs - Importer: ScriptedImporter/UnityEditor.QuickSearchModule:UnityEditor.Search:ASIAI0B
Importing 'GUID: 789f126463cb24b1d94217787be2f7c1 - Path: Packages/com.unity.visualscripting/Editor/VisualScripting.Core/Widgets/IGraphElementWidget.cs - Importer: ScriptedImporter/UnityEditor.QuickSearchModule:UnityEditor.Search:ASIAI0B' with importer (ScriptedImporter : UnityEditor.QuickSearchModule:UnityEditor.Search:ASIAI0B)
Imported 'GUID: 789f126463cb24b1d94217787be2f7c1' -> (Import Result ID: '8a51e6804a793917377e138f89a8d456') in 0.003 seconds [static and dynamic dependencies]. Details - ImportResultOutputID=735ecc05423f8ae9aa1233dde95ba951 DependenciesID=d01e9ded4f908cb567a4089c5bfb3540 StaticDependenciesID=1e4bc4e75468a2b0d99edd901f59b03d 
Number of updated asset objects reloaded before import = 0
Number of asset objects unloaded after import = 0
========================================================================
Received Import Request.
  Time of request: 2026-09-30T12:28:08.7853053Z
  Time since last request: 0.0004104 seconds.
  importAddress: GUID: 1cb1f41a31da547e593cfa8b58184bc0 - Path: Packages/com.unity.visualscripting/Editor/VisualScripting.Core/Utilities/NativeUtility.cs - Importer: ScriptedImporter/UnityEditor.QuickSearchModule:UnityEditor.Search:ASIAI0B
Importing 'GUID: 1cb1f41a31da547e593cfa8b58184bc0 - Path: Packages/com.unity.visualscripting/Editor/VisualScripting.Core/Utilities/NativeUtility.cs - Importer: ScriptedImporter/UnityEditor.QuickSearchModule:UnityEditor.Search:ASIAI0B' with importer (ScriptedImporter : UnityEditor.QuickSearchModule:UnityEditor.Search:ASIAI0B)
Imported 'GUID: 1cb1f41a31da547e593cfa8b58184bc0' -> (Import Result ID: '5fce6cb827f1d52ec02ab552e0f20b4c') in 0.002 seconds [static and dynamic dependencies]. Details - ImportResultOutputID=2292603348a980bcd767ae8bf98b00b5 DependenciesID=3abc81d68a2440d91124fb39a9f822ad StaticDependenciesID=b81341dae8dff225079541063792143d 
Number of updated asset objects reloaded before import = 0
Number of asset objects unloaded after import = 0
========================================================================
Received Import Request.
  Time of request: 2026-09-30T12:28:08.7876524Z
  Time since last request: 0.0003733 seconds.
  importAddress: GUID: f7fbf7894024a473ab12d0bec2b9b5e9 - Path: Packages/com.unity.visualscripting/Editor/VisualScripting.Flow/Connections/UnitConnectionStyles.cs - Importer: ScriptedImporter/UnityEditor.QuickSearchModule:UnityEditor.Search:ASIAI0B
Importing 'GUID: f7fbf7894024a473ab12d0bec2b9b5e9 - Path: Packages/com.unity.visualscripting/Editor/VisualScripting.Flow/Connections/UnitConnectionStyles.cs - Importer: ScriptedImporter/UnityEditor.QuickSearchModule:UnityEditor.Search:ASIAI0B' with importer (ScriptedImporter : UnityEditor.QuickSearchModule:UnityEditor.Search:ASIAI0B)
Imported 'GUID: f7fbf7894024a473ab12d0bec2b9b5e9' -> (Import Result ID: '770e60adf2271a8f2fcf126396a4414c') in 0.001 seconds [static and dynamic dependencies]. Details - ImportResultOutputID=e5601d95dfd83383a7fce0964b1fb880 DependenciesID=0e4782b0690084f0db45243e2f32cc83 StaticDependenciesID=4b2de376af43f4e7e5067945854e114f 
Number of updated asset objects reloaded before import = 0
Number of asset objects unloaded after import = 0
========================================================================
Received Import Request.
  Time of request: 2026-09-30T12:28:08.7894537Z
  Time since last request: 0.0002644 seconds.
  importAddress: GUID: d88c7deff78ad4226b20ab4dfc84f89c - Path: Packages/com.unity.visualscripting/Editor/VisualScripting.Flow/Connections/ControlConnectionWidget.cs - Importer: ScriptedImporter/UnityEditor.QuickSearchModule:UnityEditor.Search:ASIAI0B
Importing 'GUID: d88c7deff78ad4226b20ab4dfc84f89c - Path: Packages/com.unity.visualscripting/Editor/VisualScripting.Flow/Connections/ControlConnectionWidget.cs - Importer: ScriptedImporter/UnityEditor.QuickSearchModule:UnityEditor.Search:ASIAI0B' with importer (ScriptedImporter : UnityEditor.QuickSearchModule:UnityEditor.Search:ASIAI0B)
Imported 'GUID: d88c7deff78ad4226b20ab4dfc84f89c' -> (Import Result ID: 'c002fdaa1cc34648dbeede26a82ca85a') in 0.002 seconds [static and dynamic dependencies]. Details - ImportResultOutputID=863e76f20582b2da61ef6b4343b1a6e3 DependenciesID=3b12b455cb93f9729cbfd8fd78093157 StaticDependenciesID=d83324f26cda03f580885abf421e3afb 
Number of updated asset objects reloaded before import = 0
Number of asset objects unloaded after import = 0
========================================================================
Received Import Request.
  Time of request: 2026-09-30T12:28:08.7914829Z
  Time since last request: 0.0003019 seconds.
  importAddress: GUID: 99874854aae104d37ad15e394c0f5c41 - Path: Packages/com.unity.visualscripting/Editor/VisualScripting.Core/Variables/VariableNameInspector.cs - Importer: ScriptedImporter/UnityEditor.QuickSearchModule:UnityEditor.Search:ASIAI0B
Importing 'GUID: 99874854aae104d37ad15e394c0f5c41 - Path: Packages/com.unity.visualscripting/Editor/VisualScripting.Core/Variables/VariableNameInspector.cs - Importer: ScriptedImporter/UnityEditor.QuickSearchModule:UnityEditor.Search:ASIAI0B' with importer (ScriptedImporter : UnityEditor.QuickSearchModule:UnityEditor.Search:ASIAI0B)
Imported 'GUID: 99874854aae104d37ad15e394c0f5c41' -> (Import Result ID: 'ba95dad8f46218e60c0266a81884acb6') in 0.002 seconds [static and dynamic dependencies]. Details - ImportResultOutputID=1ae45f9d81e1d0538c9750411adff70c DependenciesID=018791448aa6d1bdcd795949fbd18e10 StaticDependenciesID=199ca616db92e001b40f2d250e28eecb 
Number of updated asset objects reloaded before import = 0
Number of asset objects unloaded after import = 0
========================================================================
Received Import Request.
  Time of request: 2026-09-30T12:28:08.7938931Z
  Time since last request: 0.0005424 seconds.
  importAddress: GUID: 42ff2b3640dea47c1bcb2863082b6ba2 - Path: Packages/com.unity.visualscripting/Editor/VisualScripting.Core/Widgets/GraphElementWidget.cs - Importer: ScriptedImporter/UnityEditor.QuickSearchModule:UnityEditor.Search:ASIAI0B
Importing 'GUID: 42ff2b3640dea47c1bcb2863082b6ba2 - Path: Packages/com.unity.visualscripting/Editor/VisualScripting.Core/Widgets/GraphElementWidget.cs - Importer: ScriptedImporter/UnityEditor.QuickSearchModule:UnityEditor.Search:ASIAI0B' with importer (ScriptedImporter : UnityEditor.QuickSearchModule:UnityEditor.Search:ASIAI0B)
Imported 'GUID: 42ff2b3640dea47c1bcb2863082b6ba2' -> (Import Result ID: '38a019210ff345b15047b2db633fef14') in 0.001 seconds [static and dynamic dependencies]. Details - ImportResultOutputID=1542ddea083cd5dc74d12c7ae02276bf DependenciesID=5069baa112d82e0e1c0baca54c59010d StaticDependenciesID=b0af599ab1f734c0ff3bbadae22b2e67 
Number of updated asset objects reloaded before import = 0
Number of asset objects unloaded after import = 0
========================================================================
Received Import Request.
  Time of request: 2026-09-30T12:28:08.7957233Z
  Time since last request: 0.0002629 seconds.
  importAddress: GUID: 4450df258c9194ab384abed0b7e64d23 - Path: Packages/com.unity.visualscripting/Editor/VisualScripting.Core/Utilities/UnityAPI.cs - Importer: ScriptedImporter/UnityEditor.QuickSearchModule:UnityEditor.Search:ASIAI0B
Importing 'GUID: 4450df258c9194ab384abed0b7e64d23 - Path: Packages/com.unity.visualscripting/Editor/VisualScripting.Core/Utilities/UnityAPI.cs - Importer: ScriptedImporter/UnityEditor.QuickSearchModule:UnityEditor.Search:ASIAI0B' with importer (ScriptedImporter : UnityEditor.QuickSearchModule:UnityEditor.Search:ASIAI0B)
Imported 'GUID: 4450df258c9194ab384abed0b7e64d23' -> (Import Result ID: 'a27c886b2c8ecf753f522be86346f4fb') in 0.002 seconds [static and dynamic dependencies]. Details - ImportResultOutputID=56ac4e0c96a0ebdd785ed0670737f21e DependenciesID=b0b316fb922ef504ae476342b5549df0 StaticDependenciesID=052a768777453a587191720fdd8675bc 
Number of updated asset objects reloaded before import = 0
Number of asset objects unloaded after import = 0
========================================================================
Received Import Request.
  Time of request: 2026-09-30T12:28:08.7979346Z
  Time since last request: 0.0002514 seconds.
  importAddress: GUID: 7f42d0d167a7f4de598875889223bdd6 - Path: Packages/com.unity.visualscripting/Editor/VisualScripting.Core/Variables/VariablesAssetEditor.cs - Importer: ScriptedImporter/UnityEditor.QuickSearchModule:UnityEditor.Search:ASIAI0B
Importing 'GUID: 7f42d0d167a7f4de598875889223bdd6 - Path: Packages/com.unity.visualscripting/Editor/VisualScripting.Core/Variables/VariablesAssetEditor.cs - Importer: ScriptedImporter/UnityEditor.QuickSearchModule:UnityEditor.Search:ASIAI0B' with importer (ScriptedImporter : UnityEditor.QuickSearchModule:UnityEditor.Search:ASIAI0B)
Imported 'GUID: 7f42d0d167a7f4de598875889223bdd6' -> (Import Result ID: '585d97779599cac2e042b07de7244223') in 0.002 seconds [static and dynamic dependencies]. Details - ImportResultOutputID=d04e4c6dfa84d80fa38a4d9d7e5559f8 DependenciesID=f635fd5c2cfba413216aacd0e4afecd5 StaticDependenciesID=fd0b9d1185dadf434d22f88a41eddae1 
Number of updated asset objects reloaded before import = 0
Number of asset objects unloaded after import = 0
========================================================================
Received Import Request.
  Time of request: 2026-09-30T12:28:08.8005308Z
  Time since last request: 0.0002195 seconds.
  importAddress: GUID: 72db0f694a910471fb1e5559331bcc01 - Path: Packages/com.unity.visualscripting/Editor/VisualScripting.Core/Widgets/IWidget.cs - Importer: ScriptedImporter/UnityEditor.QuickSearchModule:UnityEditor.Search:ASIAI0B
Importing 'GUID: 72db0f694a910471fb1e5559331bcc01 - Path: Packages/com.unity.visualscripting/Editor/VisualScripting.Core/Widgets/IWidget.cs - Importer: ScriptedImporter/UnityEditor.QuickSearchModule:UnityEditor.Search:ASIAI0B' with importer (ScriptedImporter : UnityEditor.QuickSearchModule:UnityEditor.Search:ASIAI0B)
Imported 'GUID: 72db0f694a910471fb1e5559331bcc01' -> (Import Result ID: '35c441f9177ec7d117121ca18cf08779') in 0.001 seconds [static and dynamic dependencies]. Details - ImportResultOutputID=1efdaebf2c2f735fec81e06c8d72eeba DependenciesID=894850d2716aaa8f262c3403cfa6de2e StaticDependenciesID=60f048ed4e0e1dd7d6c96dcd3ab74673 
Number of updated asset objects reloaded before import = 0
Number of asset objects unloaded after import = 0
========================================================================
Received Import Request.
  Time of request: 2026-09-30T12:28:08.8024267Z
  Time since last request: 0.0003003 seconds.
  importAddress: GUID: 76b20087e6bf14ffd9a3403742ccd98c - Path: Packages/com.unity.visualscripting/Editor/VisualScripting.Core/Utilities/MathfEx.cs - Importer: ScriptedImporter/UnityEditor.QuickSearchModule:UnityEditor.Search:ASIAI0B
Importing 'GUID: 76b20087e6bf14ffd9a3403742ccd98c - Path: Packages/com.unity.visualscripting/Editor/VisualScripting.Core/Utilities/MathfEx.cs - Importer: ScriptedImporter/UnityEditor.QuickSearchModule:UnityEditor.Search:ASIAI0B' with importer (ScriptedImporter : UnityEditor.QuickSearchModule:UnityEditor.Search:ASIAI0B)
Imported 'GUID: 76b20087e6bf14ffd9a3403742ccd98c' -> (Import Result ID: '7eb6f84c1ea098a748331c3fa2fb0f13') in 0.002 seconds [static and dynamic dependencies]. Details - ImportResultOutputID=2e7a9a14f854dfce8865b4e27d5068fd DependenciesID=56d3430422809285a5c3665cd7ebc1d8 StaticDependenciesID=05da85fe20d1ed3e8d7d0b033b48b6e3 
Number of updated asset objects reloaded before import = 0
Number of asset objects unloaded after import = 0
========================================================================
Received Import Request.
  Time of request: 2026-09-30T12:28:08.8103039Z
  Time since last request: 0.0059885 seconds.
  importAddress: GUID: 66a77230ee8e44f3f917beab188d7ba2 - Path: Packages/com.unity.visualscripting/Editor/VisualScripting.Flow/Description/UnitDescriptor.cs - Importer: ScriptedImporter/UnityEditor.QuickSearchModule:UnityEditor.Search:ASIAI0B
Importing 'GUID: 66a77230ee8e44f3f917beab188d7ba2 - Path: Packages/com.unity.visualscripting/Editor/VisualScripting.Flow/Description/UnitDescriptor.cs - Importer: ScriptedImporter/UnityEditor.QuickSearchModule:UnityEditor.Search:ASIAI0B' with importer (ScriptedImporter : UnityEditor.QuickSearchModule:UnityEditor.Search:ASIAI0B)
Imported 'GUID: 66a77230ee8e44f3f917beab188d7ba2' -> (Import Result ID: '21af4c85f4839303cbf548bdd74d77b5') in 0.002 seconds [static and dynamic dependencies]. Details - ImportResultOutputID=cf58fd3490667a49b89091bf574f1672 DependenciesID=97fa59233854f809e189027003f05ed6 StaticDependenciesID=cae7332a43b729d86d0afde3f5a549d7 
Number of updated asset objects reloaded before import = 0
Number of asset objects unloaded after import = 0
========================================================================
Received Import Request.
  Time of request: 2026-09-30T12:28:08.8131336Z
  Time since last request: 0.0002568 seconds.
  importAddress: GUID: ca12711a98bb548dc9eaa87d8d4d7263 - Path: Packages/com.unity.visualscripting/Editor/VisualScripting.Flow/Ports/ControlOutputWidget.cs - Importer: ScriptedImporter/UnityEditor.QuickSearchModule:UnityEditor.Search:ASIAI0B
Importing 'GUID: ca12711a98bb548dc9eaa87d8d4d7263 - Path: Packages/com.unity.visualscripting/Editor/VisualScripting.Flow/Ports/ControlOutputWidget.cs - Importer: ScriptedImporter/UnityEditor.QuickSearchModule:UnityEditor.Search:ASIAI0B' with importer (ScriptedImporter : UnityEditor.QuickSearchModule:UnityEditor.Search:ASIAI0B)
Imported 'GUID: ca12711a98bb548dc9eaa87d8d4d7263' -> (Import Result ID: '904adbd986f38dd63503dbf8f7357493') in 0.002 seconds [static and dynamic dependencies]. Details - ImportResultOutputID=8cb35b67c708a3c3f998271f7546c139 DependenciesID=3ad30980b7384550b71b2e317d61e3e5 StaticDependenciesID=4cb985755dde301cc5d4686e99af08eb 
Number of updated asset objects reloaded before import = 0
Number of asset objects unloaded after import = 0
========================================================================
Received Import Request.
  Time of request: 2026-09-30T12:28:08.8152916Z
  Time since last request: 0.0004817 seconds.
  importAddress: GUID: f8e71549dfa4c490293edb249f48fccb - Path: Packages/com.unity.visualscripting/Editor/VisualScripting.Flow/Ports/UnitOutputPortWidget.cs - Importer: ScriptedImporter/UnityEditor.QuickSearchModule:UnityEditor.Search:ASIAI0B
Importing 'GUID: f8e71549dfa4c490293edb249f48fccb - Path: Packages/com.unity.visualscripting/Editor/VisualScripting.Flow/Ports/UnitOutputPortWidget.cs - Importer: ScriptedImporter/UnityEditor.QuickSearchModule:UnityEditor.Search:ASIAI0B' with importer (ScriptedImporter : UnityEditor.QuickSearchModule:UnityEditor.Search:ASIAI0B)
Imported 'GUID: f8e71549dfa4c490293edb249f48fccb' -> (Import Result ID: 'baf7cf586da69507456ed27bad0eb29c') in 0.002 seconds [static and dynamic dependencies]. Details - ImportResultOutputID=e4d5469e34529f91c1928945db0f49f5 DependenciesID=590fcb21bc7cdea2fd861379fedf9c67 StaticDependenciesID=82836c61363aa2f349c6b85ad11a4e33 
Number of updated asset objects reloaded before import = 0
Number of asset objects unloaded after import = 0
========================================================================
Received Import Request.
  Time of request: 2026-09-30T12:28:08.8175057Z
  Time since last request: 0.0003552 seconds.
  importAddress: GUID: 2945371b70d5248c29fba485e0f535f3 - Path: Packages/com.unity.visualscripting/Editor/VisualScripting.Flow/Description/FlowGraphDescriptor.cs - Importer: ScriptedImporter/UnityEditor.QuickSearchModule:UnityEditor.Search:ASIAI0B
Importing 'GUID: 2945371b70d5248c29fba485e0f535f3 - Path: Packages/com.unity.visualscripting/Editor/VisualScripting.Flow/Description/FlowGraphDescriptor.cs - Importer: ScriptedImporter/UnityEditor.QuickSearchModule:UnityEditor.Search:ASIAI0B' with importer (ScriptedImporter : UnityEditor.QuickSearchModule:UnityEditor.Search:ASIAI0B)
Imported 'GUID: 2945371b70d5248c29fba485e0f535f3' -> (Import Result ID: '80dc94ee83c160aad36fc97e84e7048c') in 0.001 seconds [static and dynamic dependencies]. Details - ImportResultOutputID=452c1461da2cb07cea011e71798dec0c DependenciesID=40b1c23623a434cea4a44cba575a09e1 StaticDependenciesID=2fa4f62ff64091a1e752eb3b0457fe84 
Number of updated asset objects reloaded before import = 0
Number of asset objects unloaded after import = 0
========================================================================
Received Import Request.
  Time of request: 2026-09-30T12:28:08.8193889Z
  Time since last request: 0.0004075 seconds.
  importAddress: GUID: a2b9227c78ca546fcb92bb352fcab92d - Path: Packages/com.unity.visualscripting/Editor/VisualScripting.Flow/Options/UnitOptionProvider.cs - Importer: ScriptedImporter/UnityEditor.QuickSearchModule:UnityEditor.Search:ASIAI0B
Importing 'GUID: a2b9227c78ca546fcb92bb352fcab92d - Path: Packages/com.unity.visualscripting/Editor/VisualScripting.Flow/Options/UnitOptionProvider.cs - Importer: ScriptedImporter/UnityEditor.QuickSearchModule:UnityEditor.Search:ASIAI0B' with importer (ScriptedImporter : UnityEditor.QuickSearchModule:UnityEditor.Search:ASIAI0B)
Imported 'GUID: a2b9227c78ca546fcb92bb352fcab92d' -> (Import Result ID: 'dc098cc8e7e2de403284446f7d959f69') in 0.001 seconds [static and dynamic dependencies]. Details - ImportResultOutputID=137b44e047e71f516fba4c1664aa87e2 DependenciesID=b8c07a97f56cdf1606378cfa453b4152 StaticDependenciesID=c0e00df466c759cad344e22411e712cb 
Number of updated asset objects reloaded before import = 0
Number of asset objects unloaded after import = 0
========================================================================
Received Import Request.
  Time of request: 2026-09-30T12:28:08.8212994Z
  Time since last request: 0.0003103 seconds.
  importAddress: GUID: a03c32ec404b64125b88769f42e5b8a5 - Path: Packages/com.unity.visualscripting/Editor/VisualScripting.Flow/Options/UnitBase.cs - Importer: ScriptedImporter/UnityEditor.QuickSearchModule:UnityEditor.Search:ASIAI0B
Importing 'GUID: a03c32ec404b64125b88769f42e5b8a5 - Path: Packages/com.unity.visualscripting/Editor/VisualScripting.Flow/Options/UnitBase.cs - Importer: ScriptedImporter/UnityEditor.QuickSearchModule:UnityEditor.Search:ASIAI0B' with importer (ScriptedImporter : UnityEditor.QuickSearchModule:UnityEditor.Search:ASIAI0B)
Imported 'GUID: a03c32ec404b64125b88769f42e5b8a5' -> (Import Result ID: 'dfb312e7f83284880fd817ef5b708f4b') in 0.001 seconds [static and dynamic dependencies]. Details - ImportResultOutputID=75723645f46aac90501a8d2b1c24cc88 DependenciesID=95ccca82972fa3d491781c22794b2851 StaticDependenciesID=fbafd5237f2c3975a833c18189b0c53c 
Number of updated asset objects reloaded before import = 0
Number of asset objects unloaded after import = 0
========================================================================
Received Import Request.
  Time of request: 2026-09-30T12:28:08.823031Z
  Time since last request: 0.0002693 seconds.
  importAddress: GUID: 9a608417e8e4b45678ccec3fec1ff1e7 - Path: Packages/com.unity.visualscripting/Editor/VisualScripting.Flow/Ports/ControlInputWidget.cs - Importer: ScriptedImporter/UnityEditor.QuickSearchModule:UnityEditor.Search:ASIAI0B
Importing 'GUID: 9a608417e8e4b45678ccec3fec1ff1e7 - Path: Packages/com.unity.visualscripting/Editor/VisualScripting.Flow/Ports/ControlInputWidget.cs - Importer: ScriptedImporter/UnityEditor.QuickSearchModule:UnityEditor.Search:ASIAI0B' with importer (ScriptedImporter : UnityEditor.QuickSearchModule:UnityEditor.Search:ASIAI0B)
Imported 'GUID: 9a608417e8e4b45678ccec3fec1ff1e7' -> (Import Result ID: '9e2bf59951d2733b7b1b5c5d631e78ea') in 0.002 seconds [static and dynamic dependencies]. Details - ImportResultOutputID=011b526287b8e2b4a6e042f1355ef71e DependenciesID=a0153ae8b2721e93bbc2c5745fceb79d StaticDependenciesID=fbace84f7ca72f604d93cf6af3a8491f 
Number of updated asset objects reloaded before import = 0
Number of asset objects unloaded after import = 0
========================================================================
Received Import Request.
  Time of request: 2026-09-30T12:28:08.825519Z
  Time since last request: 0.000214 seconds.
  importAddress: GUID: 99c3d3d722538449ea1c09230a82c731 - Path: Packages/com.unity.visualscripting/Editor/VisualScripting.Flow/Invocations/InvocationInspector.cs - Importer: ScriptedImporter/UnityEditor.QuickSearchModule:UnityEditor.Search:ASIAI0B
Importing 'GUID: 99c3d3d722538449ea1c09230a82c731 - Path: Packages/com.unity.visualscripting/Editor/VisualScripting.Flow/Invocations/InvocationInspector.cs - Importer: ScriptedImporter/UnityEditor.QuickSearchModule:UnityEditor.Search:ASIAI0B' with importer (ScriptedImporter : UnityEditor.QuickSearchModule:UnityEditor.Search:ASIAI0B)
Imported 'GUID: 99c3d3d722538449ea1c09230a82c731' -> (Import Result ID: '9f6af475bbd6f2f4ccb38936f36867f6') in 0.002 seconds [static and dynamic dependencies]. Details - ImportResultOutputID=ffb45f183aa00d55efdcaf579a123a58 DependenciesID=ca355a5625bf26a2312a2409b9a7f93a StaticDependenciesID=32fdbf00565907a3aefe3af4d2f688c4 
Number of updated asset objects reloaded before import = 0
Number of asset objects unloaded after import = 0
========================================================================
Received Import Request.
  Time of request: 2026-09-30T12:28:08.8278704Z
  Time since last request: 0.0002813 seconds.
  importAddress: GUID: 2e3a4e8e44db34ad48e5221d4f5db61a - Path: Packages/com.unity.visualscripting/Editor/VisualScripting.Flow/Units/UnitInspector.cs - Importer: ScriptedImporter/UnityEditor.QuickSearchModule:UnityEditor.Search:ASIAI0B
Importing 'GUID: 2e3a4e8e44db34ad48e5221d4f5db61a - Path: Packages/com.unity.visualscripting/Editor/VisualScripting.Flow/Units/UnitInspector.cs - Importer: ScriptedImporter/UnityEditor.QuickSearchModule:UnityEditor.Search:ASIAI0B' with importer (ScriptedImporter : UnityEditor.QuickSearchModule:UnityEditor.Search:ASIAI0B)
Imported 'GUID: 2e3a4e8e44db34ad48e5221d4f5db61a' -> (Import Result ID: 'b1b1a4a9c681bb8789e9d71fc3e6778c') in 0.002 seconds [static and dynamic dependencies]. Details - ImportResultOutputID=1f5a66b7453a9485c44d170c773d8ea8 DependenciesID=d349b0dfdf9119122d035e2234f996ad StaticDependenciesID=02124cd0e21c925373cd240e6c817887 
Number of updated asset objects reloaded before import = 0
Number of asset objects unloaded after import = 0
========================================================================
Received Import Request.
  Time of request: 2026-09-30T12:28:08.8304694Z
  Time since last request: 0.0003639 seconds.
  importAddress: GUID: c79884e53b00447fd8a9abe4b2a581a7 - Path: Packages/com.unity.visualscripting/Editor/VisualScripting.Flow/Properties/AssemblyInfo.cs - Importer: ScriptedImporter/UnityEditor.QuickSearchModule:UnityEditor.Search:ASIAI0B
Importing 'GUID: c79884e53b00447fd8a9abe4b2a581a7 - Path: Packages/com.unity.visualscripting/Editor/VisualScripting.Flow/Properties/AssemblyInfo.cs - Importer: ScriptedImporter/UnityEditor.QuickSearchModule:UnityEditor.Search:ASIAI0B' with importer (ScriptedImporter : UnityEditor.QuickSearchModule:UnityEditor.Search:ASIAI0B)
Imported 'GUID: c79884e53b00447fd8a9abe4b2a581a7' -> (Import Result ID: '3896db4674001164db1951984eb21fbe') in 0.002 seconds [static and dynamic dependencies]. Details - ImportResultOutputID=af42c6ed92b5f3c8113585cece7a888c DependenciesID=5bacc33b5386138cc4d375a92f25797e StaticDependenciesID=cba3d6f26fda049b82f9afaaa24dfb8a 
Number of updated asset objects reloaded before import = 0
Number of asset objects unloaded after import = 0
========================================================================
Received Import Request.
  Time of request: 2026-09-30T12:28:08.8324588Z
  Time since last request: 0.0002071 seconds.
  importAddress: GUID: 55b2c0b7bf4f34c8d957d908911e5f4f - Path: Packages/com.unity.visualscripting/Editor/VisualScripting.Flow/Events/GlobalMessageListenerEditor.cs - Importer: ScriptedImporter/UnityEditor.QuickSearchModule:UnityEditor.Search:ASIAI0B
Importing 'GUID: 55b2c0b7bf4f34c8d957d908911e5f4f - Path: Packages/com.unity.visualscripting/Editor/VisualScripting.Flow/Events/GlobalMessageListenerEditor.cs - Importer: ScriptedImporter/UnityEditor.QuickSearchModule:UnityEditor.Search:ASIAI0B' with importer (ScriptedImporter : UnityEditor.QuickSearchModule:UnityEditor.Search:ASIAI0B)
Imported 'GUID: 55b2c0b7bf4f34c8d957d908911e5f4f' -> (Import Result ID: '5dfc944c22617fc70d4de2e9a6d6d0da') in 0.002 seconds [static and dynamic dependencies]. Details - ImportResultOutputID=15b24fe6d539eab5a45a8921420dee03 DependenciesID=8bc1f02cc67e2b8a9fc16ce5e43ab6b9 StaticDependenciesID=b8759b893956b225ba20ff6a398acc2b 
Number of updated asset objects reloaded before import = 0
Number of asset objects unloaded after import = 0
========================================================================
Received Import Request.
  Time of request: 2026-09-30T12:28:08.8348738Z
  Time since last request: 0.0003514 seconds.
  importAddress: GUID: 8547e7db1fc234a80b57c9d30108abac - Path: Packages/com.unity.visualscripting/Editor/VisualScripting.Flow/Ports/ValuePortDefinitionInspector.cs - Importer: ScriptedImporter/UnityEditor.QuickSearchModule:UnityEditor.Search:ASIAI0B
Importing 'GUID: 8547e7db1fc234a80b57c9d30108abac - Path: Packages/com.unity.visualscripting/Editor/VisualScripting.Flow/Ports/ValuePortDefinitionInspector.cs - Importer: ScriptedImporter/UnityEditor.QuickSearchModule:UnityEditor.Search:ASIAI0B' with importer (ScriptedImporter : UnityEditor.QuickSearchModule:UnityEditor.Search:ASIAI0B)
Imported 'GUID: 8547e7db1fc234a80b57c9d30108abac' -> (Import Result ID: '8e262b633ea02f3be6b65ad5b7c3d4a2') in 0.001 seconds [static and dynamic dependencies]. Details - ImportResultOutputID=db988f654f6d62ecadc11fea54e67330 DependenciesID=8d2085979e67a4423b7f015df4e2b29d StaticDependenciesID=c837c4c446fbf294784a6f0d61f784de 
Number of updated asset objects reloaded before import = 0
Number of asset objects unloaded after import = 0
========================================================================
Received Import Request.
  Time of request: 2026-09-30T12:28:08.8366129Z
  Time since last request: 0.0002798 seconds.
  importAddress: GUID: 3727f69e733244d983f1ff2b65d27413 - Path: Packages/com.unity.visualscripting/Editor/VisualScripting.Flow/Framework/InputActionInspector.cs - Importer: ScriptedImporter/UnityEditor.QuickSearchModule:UnityEditor.Search:ASIAI0B
Importing 'GUID: 3727f69e733244d983f1ff2b65d27413 - Path: Packages/com.unity.visualscripting/Editor/VisualScripting.Flow/Framework/InputActionInspector.cs - Importer: ScriptedImporter/UnityEditor.QuickSearchModule:UnityEditor.Search:ASIAI0B' with importer (ScriptedImporter : UnityEditor.QuickSearchModule:UnityEditor.Search:ASIAI0B)
Imported 'GUID: 3727f69e733244d983f1ff2b65d27413' -> (Import Result ID: 'e1b8c8da76883f394e75b17ed52e1524') in 0.002 seconds [static and dynamic dependencies]. Details - ImportResultOutputID=e4417546672d27dfbc7a6d973ae86604 DependenciesID=f4efc4d967295754cc6b20026a08c01a StaticDependenciesID=18607ac4ba80318a1953cecda5fb608a 
Number of updated asset objects reloaded before import = 0
Number of asset objects unloaded after import = 0
========================================================================
Received Import Request.
  Time of request: 2026-09-30T12:28:08.8386668Z
  Time since last request: 0.0004031 seconds.
  importAddress: GUID: 59cd7f950ffc142d997761f2547b6bfb - Path: Packages/com.unity.visualscripting/Editor/VisualScripting.Flow/Description/UnitAnalyser.cs - Importer: ScriptedImporter/UnityEditor.QuickSearchModule:UnityEditor.Search:ASIAI0B
Importing 'GUID: 59cd7f950ffc142d997761f2547b6bfb - Path: Packages/com.unity.visualscripting/Editor/VisualScripting.Flow/Description/UnitAnalyser.cs - Importer: ScriptedImporter/UnityEditor.QuickSearchModule:UnityEditor.Search:ASIAI0B' with importer (ScriptedImporter : UnityEditor.QuickSearchModule:UnityEditor.Search:ASIAI0B)
Imported 'GUID: 59cd7f950ffc142d997761f2547b6bfb' -> (Import Result ID: 'c500058d18ac47b6b83abc41a4761b1d') in 0.001 seconds [static and dynamic dependencies]. Details - ImportResultOutputID=98960c384e55d330509d6189ff1e3edc DependenciesID=7dcb607f0e2d8a216def35bd4c3c8d09 StaticDependenciesID=bc4651a6f2bf459deb84f2fa55ca567c 
Number of updated asset objects reloaded before import = 0
Number of asset objects unloaded after import = 0
========================================================================
Received Import Request.
  Time of request: 2026-09-30T12:28:08.840572Z
  Time since last request: 0.0002982 seconds.
  importAddress: GUID: 34eb0a13fb8094c65ae91104772ab043 - Path: Packages/com.unity.visualscripting/Editor/VisualScripting.Flow/Plugin/BoltFlowPaths.cs - Importer: ScriptedImporter/UnityEditor.QuickSearchModule:UnityEditor.Search:ASIAI0B
Importing 'GUID: 34eb0a13fb8094c65ae91104772ab043 - Path: Packages/com.unity.visualscripting/Editor/VisualScripting.Flow/Plugin/BoltFlowPaths.cs - Importer: ScriptedImporter/UnityEditor.QuickSearchModule:UnityEditor.Search:ASIAI0B' with importer (ScriptedImporter : UnityEditor.QuickSearchModule:UnityEditor.Search:ASIAI0B)
Imported 'GUID: 34eb0a13fb8094c65ae91104772ab043' -> (Import Result ID: 'd99dcd14c4cc4fc146008207b1040edf') in 0.001 seconds [static and dynamic dependencies]. Details - ImportResultOutputID=02f70d3fe4f0e84df7926c3a4089930d DependenciesID=e5539b6cb6a578287c154d0a2828da46 StaticDependenciesID=75e20f5b86e39d3c5037481ba13d4870 
Number of updated asset objects reloaded before import = 0
Number of asset objects unloaded after import = 0
========================================================================
Received Import Request.
  Time of request: 2026-09-30T12:28:08.842427Z
  Time since last request: 0.0002464 seconds.
  importAddress: GUID: 2c1bdc9069f004a5f96a18d68a450d49 - Path: Packages/com.unity.visualscripting/Editor/VisualScripting.Flow/Description/UnitAnalysis.cs - Importer: ScriptedImporter/UnityEditor.QuickSearchModule:UnityEditor.Search:ASIAI0B
Importing 'GUID: 2c1bdc9069f004a5f96a18d68a450d49 - Path: Packages/com.unity.visualscripting/Editor/VisualScripting.Flow/Description/UnitAnalysis.cs - Importer: ScriptedImporter/UnityEditor.QuickSearchModule:UnityEditor.Search:ASIAI0B' with importer (ScriptedImporter : UnityEditor.QuickSearchModule:UnityEditor.Search:ASIAI0B)
Imported 'GUID: 2c1bdc9069f004a5f96a18d68a450d49' -> (Import Result ID: '6e286ad40714c8bf6f22753cfd03ad9e') in 0.001 seconds [static and dynamic dependencies]. Details - ImportResultOutputID=0dca2b7168178ea0a43ec90084f50840 DependenciesID=d900acbda2e9fa5ab6aa2f03a58446af StaticDependenciesID=5c7e7a7514a50c97b9678a5c3de20833 
Number of updated asset objects reloaded before import = 0
Number of asset objects unloaded after import = 0
========================================================================
Received Import Request.
  Time of request: 2026-09-30T12:28:08.8444085Z
  Time since last request: 0.000475 seconds.
  importAddress: GUID: 41f5d158b421e44c78e95341ab945c13 - Path: Packages/com.unity.visualscripting/Editor/VisualScripting.Flow/Invocations/MemberInvocationInspector.cs - Importer: ScriptedImporter/UnityEditor.QuickSearchModule:UnityEditor.Search:ASIAI0B
Importing 'GUID: 41f5d158b421e44c78e95341ab945c13 - Path: Packages/com.unity.visualscripting/Editor/VisualScripting.Flow/Invocations/MemberInvocationInspector.cs - Importer: ScriptedImporter/UnityEditor.QuickSearchModule:UnityEditor.Search:ASIAI0B' with importer (ScriptedImporter : UnityEditor.QuickSearchModule:UnityEditor.Search:ASIAI0B)
Imported 'GUID: 41f5d158b421e44c78e95341ab945c13' -> (Import Result ID: 'd84f1fd213fa21ffa5222c4d156e534f') in 0.002 seconds [static and dynamic dependencies]. Details - ImportResultOutputID=31583b8534cc9aa1f78df543c488aa50 DependenciesID=b1d75585d26683e449346079dbcead7f StaticDependenciesID=3c452542d93cef7ebbe5496b29b67287 
Number of updated asset objects reloaded before import = 0
Number of asset objects unloaded after import = 0
========================================================================
Received Import Request.
  Time of request: 2026-09-30T12:28:08.8463548Z
  Time since last request: 0.0002933 seconds.
  importAddress: GUID: 8946f8274f03d4448a452d58da80d1cd - Path: Packages/com.unity.visualscripting/Editor/VisualScripting.State/Analytics/StateMacroSavedEvent.cs - Importer: ScriptedImporter/UnityEditor.QuickSearchModule:UnityEditor.Search:ASIAI0B
Importing 'GUID: 8946f8274f03d4448a452d58da80d1cd - Path: Packages/com.unity.visualscripting/Editor/VisualScripting.State/Analytics/StateMacroSavedEvent.cs - Importer: ScriptedImporter/UnityEditor.QuickSearchModule:UnityEditor.Search:ASIAI0B' with importer (ScriptedImporter : UnityEditor.QuickSearchModule:UnityEditor.Search:ASIAI0B)
Imported 'GUID: 8946f8274f03d4448a452d58da80d1cd' -> (Import Result ID: '43f830e4bfe953ae1a64202805e90a0e') in 0.003 seconds [static and dynamic dependencies]. Details - ImportResultOutputID=43012997f47fb61cfed86c7b10a6da71 DependenciesID=847ab22c36cc76abb696896f9447f6fe StaticDependenciesID=d6018bd7fcaa318bd76fe74a4f301608 
Number of updated asset objects reloaded before import = 0
Number of asset objects unloaded after import = 0
========================================================================
Received Import Request.
  Time of request: 2026-09-30T12:28:08.8500703Z
  Time since last request: 0.0004362 seconds.
  importAddress: GUID: 046d84976aadf4fa58001515d8167521 - Path: Packages/com.unity.visualscripting/Editor/VisualScripting.Flow/Description/UnitDescription.cs - Importer: ScriptedImporter/UnityEditor.QuickSearchModule:UnityEditor.Search:ASIAI0B
Importing 'GUID: 046d84976aadf4fa58001515d8167521 - Path: Packages/com.unity.visualscripting/Editor/VisualScripting.Flow/Description/UnitDescription.cs - Importer: ScriptedImporter/UnityEditor.QuickSearchModule:UnityEditor.Search:ASIAI0B' with importer (ScriptedImporter : UnityEditor.QuickSearchModule:UnityEditor.Search:ASIAI0B)
Imported 'GUID: 046d84976aadf4fa58001515d8167521' -> (Import Result ID: 'b64eac3db8461ca01e5627395d9e8cff') in 0.002 seconds [static and dynamic dependencies]. Details - ImportResultOutputID=708a8c1ddc265a20267bb5f9444f8816 DependenciesID=41e859c97b829ab08e2380f7444ac1f3 StaticDependenciesID=3dd2568d1a2e3c836c88271c98c467af 
Number of updated asset objects reloaded before import = 0
Number of asset objects unloaded after import = 0
========================================================================
Received Import Request.
  Time of request: 2026-09-30T12:28:08.8527893Z
  Time since last request: 0.0003439 seconds.
  importAddress: GUID: fa26083bb17a34b52b1fee6afd411506 - Path: Packages/com.unity.visualscripting/Editor/VisualScripting.Flow/Ports/UnitPortDefinitionInspector.cs - Importer: ScriptedImporter/UnityEditor.QuickSearchModule:UnityEditor.Search:ASIAI0B
Importing 'GUID: fa26083bb17a34b52b1fee6afd411506 - Path: Packages/com.unity.visualscripting/Editor/VisualScripting.Flow/Ports/UnitPortDefinitionInspector.cs - Importer: ScriptedImporter/UnityEditor.QuickSearchModule:UnityEditor.Search:ASIAI0B' with importer (ScriptedImporter : UnityEditor.QuickSearchModule:UnityEditor.Search:ASIAI0B)
Imported 'GUID: fa26083bb17a34b52b1fee6afd411506' -> (Import Result ID: '035b80b448137be806a887656aa50d17') in 0.001 seconds [static and dynamic dependencies]. Details - ImportResultOutputID=528b379471b250727c35321db1e216a9 DependenciesID=83b76464e572ca395e02b7947a3f217f StaticDependenciesID=417cf9ce111e7bf09b43cc702e7eff67 
Number of updated asset objects reloaded before import = 0
Number of asset objects unloaded after import = 0
========================================================================
Received Import Request.
  Time of request: 2026-09-30T12:28:08.8547159Z
  Time since last request: 0.0004183 seconds.
  importAddress: GUID: 35120fe15be16499ca078be48d042be0 - Path: Packages/com.unity.visualscripting/Editor/VisualScripting.Flow/Plugin/BoltFlow.cs - Importer: ScriptedImporter/UnityEditor.QuickSearchModule:UnityEditor.Search:ASIAI0B
Importing 'GUID: 35120fe15be16499ca078be48d042be0 - Path: Packages/com.unity.visualscripting/Editor/VisualScripting.Flow/Plugin/BoltFlow.cs - Importer: ScriptedImporter/UnityEditor.QuickSearchModule:UnityEditor.Search:ASIAI0B' with importer (ScriptedImporter : UnityEditor.QuickSearchModule:UnityEditor.Search:ASIAI0B)
Imported 'GUID: 35120fe15be16499ca078be48d042be0' -> (Import Result ID: '024608c2a6d4cb95404e67edd5c6387b') in 0.002 seconds [static and dynamic dependencies]. Details - ImportResultOutputID=fb8fdfb83596958830ae325b3c6cf807 DependenciesID=87a09d85cb1be1ce08f6a681a651ffef StaticDependenciesID=6245fc522b597d84b2b4d1259b44313d 
Number of updated asset objects reloaded before import = 0
Number of asset objects unloaded after import = 0
========================================================================
Received Import Request.
  Time of request: 2026-09-30T12:28:08.8572891Z
  Time since last request: 0.0003119 seconds.
  importAddress: GUID: 0a272fe91f6be43dfb94b0c752db3a9c - Path: Packages/com.unity.visualscripting/Editor/VisualScripting.Flow/Description/UnitPortDescriptor.cs - Importer: ScriptedImporter/UnityEditor.QuickSearchModule:UnityEditor.Search:ASIAI0B
Importing 'GUID: 0a272fe91f6be43dfb94b0c752db3a9c - Path: Packages/com.unity.visualscripting/Editor/VisualScripting.Flow/Description/UnitPortDescriptor.cs - Importer: ScriptedImporter/UnityEditor.QuickSearchModule:UnityEditor.Search:ASIAI0B' with importer (ScriptedImporter : UnityEditor.QuickSearchModule:UnityEditor.Search:ASIAI0B)
Imported 'GUID: 0a272fe91f6be43dfb94b0c752db3a9c' -> (Import Result ID: '2f42b8c3b84207b56270c5ce92199542') in 0.002 seconds [static and dynamic dependencies]. Details - ImportResultOutputID=4902d4a636a050a204155ea57b1d1780 DependenciesID=2efce2d15163cef5d123162f7944c72d StaticDependenciesID=f964371a63594e665b9cb6147d3465ed 
Number of updated asset objects reloaded before import = 0
Number of asset objects unloaded after import = 0
========================================================================
Received Import Request.
  Time of request: 2026-09-30T12:28:08.8597608Z
  Time since last request: 0.0004103 seconds.
  importAddress: GUID: f05c1fcce075f4c758b4b36f491dd0b8 - Path: Packages/com.unity.visualscripting/Editor/VisualScripting.State/Description/StateGraphDescriptor.cs - Importer: ScriptedImporter/UnityEditor.QuickSearchModule:UnityEditor.Search:ASIAI0B
Importing 'GUID: f05c1fcce075f4c758b4b36f491dd0b8 - Path: Packages/com.unity.visualscripting/Editor/VisualScripting.State/Description/StateGraphDescriptor.cs - Importer: ScriptedImporter/UnityEditor.QuickSearchModule:UnityEditor.Search:ASIAI0B' with importer (ScriptedImporter : UnityEditor.QuickSearchModule:UnityEditor.Search:ASIAI0B)
Imported 'GUID: f05c1fcce075f4c758b4b36f491dd0b8' -> (Import Result ID: 'c01ea7fdeecbfeac763eab1db51d14f6') in 0.002 seconds [static and dynamic dependencies]. Details - ImportResultOutputID=ddce3f7472fc2afd91d7318d924880ff DependenciesID=8bdfbc3ddfa9c20a582b601253fc937a StaticDependenciesID=9728ac36c58b6dcdac7cd4ed5c83bb87 
Number of updated asset objects reloaded before import = 0
Number of asset objects unloaded after import = 0
========================================================================
Received Import Request.
  Time of request: 2026-09-30T12:28:08.8762052Z
  Time since last request: 0.0144775 seconds.
  importAddress: GUID: e7f4def392c07401096915e803a01ebf - Path: Packages/com.unity.visualscripting/Editor/VisualScripting.State/States/AnyStateWidget.cs - Importer: ScriptedImporter/UnityEditor.QuickSearchModule:UnityEditor.Search:ASIAI0B
Importing 'GUID: e7f4def392c07401096915e803a01ebf - Path: Packages/com.unity.visualscripting/Editor/VisualScripting.State/States/AnyStateWidget.cs - Importer: ScriptedImporter/UnityEditor.QuickSearchModule:UnityEditor.Search:ASIAI0B' with importer (ScriptedImporter : UnityEditor.QuickSearchModule:UnityEditor.Search:ASIAI0B)
Imported 'GUID: e7f4def392c07401096915e803a01ebf' -> (Import Result ID: '4eb0429e0377a1d0f2f7d0ce5accab39') in 0.002 seconds [static and dynamic dependencies]. Details - ImportResultOutputID=52596458ff36f14346c4c61f3c8c78f5 DependenciesID=021572e8c36ab54e2edeb8cb7aa042f1 StaticDependenciesID=98e7bbf52b592fd113df9d7654030c5c 
Number of updated asset objects reloaded before import = 0
Number of asset objects unloaded after import = 0
========================================================================
Received Import Request.
  Time of request: 2026-09-30T12:28:08.8789733Z
  Time since last request: 0.0005955 seconds.
  importAddress: GUID: b9b7b894041594292acd8c04daf20f83 - Path: Packages/com.unity.visualscripting/Runtime/VisualScripting.Core/Cloning/ICloner.cs - Importer: ScriptedImporter/UnityEditor.QuickSearchModule:UnityEditor.Search:ASIAI0B
Importing 'GUID: b9b7b894041594292acd8c04daf20f83 - Path: Packages/com.unity.visualscripting/Runtime/VisualScripting.Core/Cloning/ICloner.cs - Importer: ScriptedImporter/UnityEditor.QuickSearchModule:UnityEditor.Search:ASIAI0B' with importer (ScriptedImporter : UnityEditor.QuickSearchModule:UnityEditor.Search:ASIAI0B)
Imported 'GUID: b9b7b894041594292acd8c04daf20f83' -> (Import Result ID: '6583ec4420179d4799ffbffd6e723443') in 0.002 seconds [static and dynamic dependencies]. Details - ImportResultOutputID=8cc9c7c1cf4e6cb801eae794db90d7e6 DependenciesID=de0f2a44200de1d952879561a85e866a StaticDependenciesID=c7fb0b46e72ec38dfee8b2a580c2eecf 
Number of updated asset objects reloaded before import = 0
Number of asset objects unloaded after import = 0
========================================================================
Received Import Request.
  Time of request: 2026-09-30T12:28:08.8815722Z
  Time since last request: 0.0002933 seconds.
  importAddress: GUID: e0381bb4e0f05444598e51b5a33edf4d - Path: Packages/com.unity.visualscripting/Runtime/VisualScripting.Core/Collections/MergedCollection.cs - Importer: ScriptedImporter/UnityEditor.QuickSearchModule:UnityEditor.Search:ASIAI0B
Importing 'GUID: e0381bb4e0f05444598e51b5a33edf4d - Path: Packages/com.unity.visualscripting/Runtime/VisualScripting.Core/Collections/MergedCollection.cs - Importer: ScriptedImporter/UnityEditor.QuickSearchModule:UnityEditor.Search:ASIAI0B' with importer (ScriptedImporter : UnityEditor.QuickSearchModule:UnityEditor.Search:ASIAI0B)
Imported 'GUID: e0381bb4e0f05444598e51b5a33edf4d' -> (Import Result ID: '0b20b14c4f292907db851f560326e564') in 0.001 seconds [static and dynamic dependencies]. Details - ImportResultOutputID=d561e839a974dbdded856ce740c51feb DependenciesID=48d01e5cd2b18c9f0453f25b2ca80b55 StaticDependenciesID=c2131f384a8f75e1d960d154a33c7a94 
Number of updated asset objects reloaded before import = 0
Number of asset objects unloaded after import = 0
========================================================================
Received Import Request.
  Time of request: 2026-09-30T12:28:08.8834937Z
  Time since last request: 0.000343 seconds.
  importAddress: GUID: eb1a4bbdbfdb14545866ce6d30badb33 - Path: Packages/com.unity.visualscripting/Editor/VisualScripting.State/States/StateAnalyser.cs - Importer: ScriptedImporter/UnityEditor.QuickSearchModule:UnityEditor.Search:ASIAI0B
Importing 'GUID: eb1a4bbdbfdb14545866ce6d30badb33 - Path: Packages/com.unity.visualscripting/Editor/VisualScripting.State/States/StateAnalyser.cs - Importer: ScriptedImporter/UnityEditor.QuickSearchModule:UnityEditor.Search:ASIAI0B' with importer (ScriptedImporter : UnityEditor.QuickSearchModule:UnityEditor.Search:ASIAI0B)
Imported 'GUID: eb1a4bbdbfdb14545866ce6d30badb33' -> (Import Result ID: '4946f7ac91c8fa79cdb01b351c86e0a8') in 0.002 seconds [static and dynamic dependencies]. Details - ImportResultOutputID=346f1df481afbd7d759696eb46d92ea6 DependenciesID=fa3512fc57cc263caa2ccb3c117db49e StaticDependenciesID=a25aae269030eabeb2ffa8dcae6f4d37 
Number of updated asset objects reloaded before import = 0
Number of asset objects unloaded after import = 0
========================================================================
Received Import Request.
  Time of request: 2026-09-30T12:28:08.8861992Z
  Time since last request: 0.0003197 seconds.
  importAddress: GUID: 50985218b7f8c4670b61869830f5ff7f - Path: Packages/com.unity.visualscripting/Runtime/VisualScripting.Core/Cloning/Cloner.cs - Importer: ScriptedImporter/UnityEditor.QuickSearchModule:UnityEditor.Search:ASIAI0B
Importing 'GUID: 50985218b7f8c4670b61869830f5ff7f - Path: Packages/com.unity.visualscripting/Runtime/VisualScripting.Core/Cloning/Cloner.cs - Importer: ScriptedImporter/UnityEditor.QuickSearchModule:UnityEditor.Search:ASIAI0B' with importer (ScriptedImporter : UnityEditor.QuickSearchModule:UnityEditor.Search:ASIAI0B)
Imported 'GUID: 50985218b7f8c4670b61869830f5ff7f' -> (Import Result ID: '9e9993fadc1d3c65227c73158e88857c') in 0.002 seconds [static and dynamic dependencies]. Details - ImportResultOutputID=f05585b038b3436d6484c1aa611603da DependenciesID=dabcd1e11d2f876e5e76d54696a36b9b StaticDependenciesID=f627beef8b700b9d78536152d6d17691 
Number of updated asset objects reloaded before import = 0
Number of asset objects unloaded after import = 0
========================================================================
Received Import Request.
  Time of request: 2026-09-30T12:28:08.8889452Z
  Time since last request: 0.0003821 seconds.
  importAddress: GUID: 106fdba61aee041bb848696298f2a0cb - Path: Packages/com.unity.visualscripting/Runtime/VisualScripting.Core/Collections/GuidCollection.cs - Importer: ScriptedImporter/UnityEditor.QuickSearchModule:UnityEditor.Search:ASIAI0B
Importing 'GUID: 106fdba61aee041bb848696298f2a0cb - Path: Packages/com.unity.visualscripting/Runtime/VisualScripting.Core/Collections/GuidCollection.cs - Importer: ScriptedImporter/UnityEditor.QuickSearchModule:UnityEditor.Search:ASIAI0B' with importer (ScriptedImporter : UnityEditor.QuickSearchModule:UnityEditor.Search:ASIAI0B)
Imported 'GUID: 106fdba61aee041bb848696298f2a0cb' -> (Import Result ID: 'afff2260e99a8225cfa428fcd27f0839') in 0.006 seconds [static and dynamic dependencies]. Details - ImportResultOutputID=51d832035353eac5f53a76901ad0fd1f DependenciesID=e3f3196a87c17975f96d15e68ce2f0f3 StaticDependenciesID=5ad27e893f5ed7b1a6cf94259587a8a9 
Number of updated asset objects reloaded before import = 0
Number of asset objects unloaded after import = 0
========================================================================
Received Import Request.
  Time of request: 2026-09-30T12:28:08.8971454Z
  Time since last request: 0.0014921 seconds.
  importAddress: GUID: 6a1240097a06b411090f9cb6c29cf64a - Path: Packages/com.unity.visualscripting/Editor/VisualScripting.State/Transitions/FlowStateTransitionEditor.cs - Importer: ScriptedImporter/UnityEditor.QuickSearchModule:UnityEditor.Search:ASIAI0B
Importing 'GUID: 6a1240097a06b411090f9cb6c29cf64a - Path: Packages/com.unity.visualscripting/Editor/VisualScripting.State/Transitions/FlowStateTransitionEditor.cs - Importer: ScriptedImporter/UnityEditor.QuickSearchModule:UnityEditor.Search:ASIAI0B' with importer (ScriptedImporter : UnityEditor.QuickSearchModule:UnityEditor.Search:ASIAI0B)
Imported 'GUID: 6a1240097a06b411090f9cb6c29cf64a' -> (Import Result ID: '9be83bc2eb30c243a96a081c33e0d920') in 0.004 seconds [static and dynamic dependencies]. Details - ImportResultOutputID=30f539eacfaecd3391f7f40e6d9535ef DependenciesID=c14ff009a05c6ed8b247cb4c6afa4d0e StaticDependenciesID=5b4b3c0fa773e479fcea53f125e1ce79 
Number of updated asset objects reloaded before import = 0
Number of asset objects unloaded after import = 0
========================================================================
Received Import Request.
  Time of request: 2026-09-30T12:28:08.9022336Z
  Time since last request: 0.0006193 seconds.
  importAddress: GUID: af7367866b51441ce9687566c007cb62 - Path: Packages/com.unity.visualscripting/Editor/VisualScripting.State/States/StateEditor.cs - Importer: ScriptedImporter/UnityEditor.QuickSearchModule:UnityEditor.Search:ASIAI0B
Importing 'GUID: af7367866b51441ce9687566c007cb62 - Path: Packages/com.unity.visualscripting/Editor/VisualScripting.State/States/StateEditor.cs - Importer: ScriptedImporter/UnityEditor.QuickSearchModule:UnityEditor.Search:ASIAI0B' with importer (ScriptedImporter : UnityEditor.QuickSearchModule:UnityEditor.Search:ASIAI0B)
Imported 'GUID: af7367866b51441ce9687566c007cb62' -> (Import Result ID: '56b57fec8385b7a5dfe11b49949cbe3e') in 0.002 seconds [static and dynamic dependencies]. Details - ImportResultOutputID=332ec892d0c563b2f7b4e87d0be7d7e3 DependenciesID=058256e5d596edbf0467bc585f14617f StaticDependenciesID=ec800742d4551ec29ff01af32fd58223 
Number of updated asset objects reloaded before import = 0
Number of asset objects unloaded after import = 0
========================================================================
Received Import Request.
  Time of request: 2026-09-30T12:28:08.9070191Z
  Time since last request: 0.0026094 seconds.
  importAddress: GUID: 3d4c55a931854453da3c5a0466ef9fb8 - Path: Packages/com.unity.visualscripting/Editor/VisualScripting.State/Transitions/StateTransitionWidget.cs - Importer: ScriptedImporter/UnityEditor.QuickSearchModule:UnityEditor.Search:ASIAI0B
Importing 'GUID: 3d4c55a931854453da3c5a0466ef9fb8 - Path: Packages/com.unity.visualscripting/Editor/VisualScripting.State/Transitions/StateTransitionWidget.cs - Importer: ScriptedImporter/UnityEditor.QuickSearchModule:UnityEditor.Search:ASIAI0B' with importer (ScriptedImporter : UnityEditor.QuickSearchModule:UnityEditor.Search:ASIAI0B)
Imported 'GUID: 3d4c55a931854453da3c5a0466ef9fb8' -> (Import Result ID: '0edc87b56535e77e94c6ecec64245c69') in 0.004 seconds [static and dynamic dependencies]. Details - ImportResultOutputID=593296e1894189ab990722e643f7529f DependenciesID=56dd10c1c34d4388d59f70f018a3a29e StaticDependenciesID=f126190a8e55d96561b86c86a6e3583d 
Number of updated asset objects reloaded before import = 0
Number of asset objects unloaded after import = 0
========================================================================
Received Import Request.
  Time of request: 2026-09-30T12:28:08.9153265Z
  Time since last request: 0.0037482 seconds.
  importAddress: GUID: d891a8dfd0a4d464897c1598d1a0f5a0 - Path: Packages/com.unity.visualscripting/Editor/VisualScripting.State/States/FlowStateWidget.cs - Importer: ScriptedImporter/UnityEditor.QuickSearchModule:UnityEditor.Search:ASIAI0B
Importing 'GUID: d891a8dfd0a4d464897c1598d1a0f5a0 - Path: Packages/com.unity.visualscripting/Editor/VisualScripting.State/States/FlowStateWidget.cs - Importer: ScriptedImporter/UnityEditor.QuickSearchModule:UnityEditor.Search:ASIAI0B' with importer (ScriptedImporter : UnityEditor.QuickSearchModule:UnityEditor.Search:ASIAI0B)
Imported 'GUID: d891a8dfd0a4d464897c1598d1a0f5a0' -> (Import Result ID: '98b39b3728b17094771c81b3da5c1bd8') in 0.004 seconds [static and dynamic dependencies]. Details - ImportResultOutputID=20dad3d8255acfa91499606ab1297204 DependenciesID=d183580c200984bb4667184b691e1757 StaticDependenciesID=4774a78752ea41bf87f0b478913660ac 
Number of updated asset objects reloaded before import = 0
Number of asset objects unloaded after import = 0
========================================================================
Received Import Request.
  Time of request: 2026-09-30T12:28:08.9206661Z
  Time since last request: 0.0006018 seconds.
  importAddress: GUID: 2cf1e35e2ea20404cb31e0153aec76c7 - Path: Packages/com.unity.visualscripting/Editor/VisualScripting.State/Transitions/StateTransitionDescription.cs - Importer: ScriptedImporter/UnityEditor.QuickSearchModule:UnityEditor.Search:ASIAI0B
Importing 'GUID: 2cf1e35e2ea20404cb31e0153aec76c7 - Path: Packages/com.unity.visualscripting/Editor/VisualScripting.State/Transitions/StateTransitionDescription.cs - Importer: ScriptedImporter/UnityEditor.QuickSearchModule:UnityEditor.Search:ASIAI0B' with importer (ScriptedImporter : UnityEditor.QuickSearchModule:UnityEditor.Search:ASIAI0B)
Imported 'GUID: 2cf1e35e2ea20404cb31e0153aec76c7' -> (Import Result ID: '8451769a0f72679852ad8e47531cfa6f') in 0.002 seconds [static and dynamic dependencies]. Details - ImportResultOutputID=fdc986b59ae1c7243c9fbc229fe4b3d4 DependenciesID=1665375f28de292b3badd5bd77db83b8 StaticDependenciesID=61d6a9aea9d7444f149be729c906c70c 
Number of updated asset objects reloaded before import = 0
Number of asset objects unloaded after import = 0
========================================================================
Received Import Request.
  Time of request: 2026-09-30T12:28:08.9263755Z
  Time since last request: 0.0004034 seconds.
  importAddress: GUID: e8bad27d2153d44cba7a1fa7e451d5e6 - Path: Packages/com.unity.visualscripting/Runtime/VisualScripting.Core/Collections/ISet.cs - Importer: ScriptedImporter/UnityEditor.QuickSearchModule:UnityEditor.Search:ASIAI0B
Importing 'GUID: e8bad27d2153d44cba7a1fa7e451d5e6 - Path: Packages/com.unity.visualscripting/Runtime/VisualScripting.Core/Collections/ISet.cs - Importer: ScriptedImporter/UnityEditor.QuickSearchModule:UnityEditor.Search:ASIAI0B' with importer (ScriptedImporter : UnityEditor.QuickSearchModule:UnityEditor.Search:ASIAI0B)
Imported 'GUID: e8bad27d2153d44cba7a1fa7e451d5e6' -> (Import Result ID: '0cf07fe255abeb89e6386626b992525c') in 0.004 seconds [static and dynamic dependencies]. Details - ImportResultOutputID=667eeddeffa5576b2a8412d193d2b9ae DependenciesID=068b16bcda9ab3c18c28474df0672d6f StaticDependenciesID=fac2a51db89d8286fa4344902d6d45d0 
Number of updated asset objects reloaded before import = 0
Number of asset objects unloaded after import = 0
========================================================================
Received Import Request.
  Time of request: 2026-09-30T12:28:08.9308988Z
  Time since last request: 0.0007117 seconds.
  importAddress: GUID: 1fa37d86e69c94da48f72c38e85a25f7 - Path: Packages/com.unity.visualscripting/Editor/VisualScripting.State/Flow/StateUnitEditor.cs - Importer: ScriptedImporter/UnityEditor.QuickSearchModule:UnityEditor.Search:ASIAI0B
Importing 'GUID: 1fa37d86e69c94da48f72c38e85a25f7 - Path: Packages/com.unity.visualscripting/Editor/VisualScripting.State/Flow/StateUnitEditor.cs - Importer: ScriptedImporter/UnityEditor.QuickSearchModule:UnityEditor.Search:ASIAI0B' with importer (ScriptedImporter : UnityEditor.QuickSearchModule:UnityEditor.Search:ASIAI0B)
Imported 'GUID: 1fa37d86e69c94da48f72c38e85a25f7' -> (Import Result ID: '926691ae93742c60de5effd5361db62d') in 0.002 seconds [static and dynamic dependencies]. Details - ImportResultOutputID=48920f5bd619b415b3b6cee43aabd596 DependenciesID=58a7f68342edd864131315009c35bc7a StaticDependenciesID=c30e9beb1987a4a5ea497d392175872e 
Number of updated asset objects reloaded before import = 0
Number of asset objects unloaded after import = 0
========================================================================
Received Import Request.
  Time of request: 2026-09-30T12:28:08.9335267Z
  Time since last request: 0.0003906 seconds.
  importAddress: GUID: 8143bcca23d9e4377b5974c05f42e6dc - Path: Packages/com.unity.visualscripting/Editor/VisualScripting.State/States/NesterStateWidget.cs - Importer: ScriptedImporter/UnityEditor.QuickSearchModule:UnityEditor.Search:ASIAI0B
Importing 'GUID: 8143bcca23d9e4377b5974c05f42e6dc - Path: Packages/com.unity.visualscripting/Editor/VisualScripting.State/States/NesterStateWidget.cs - Importer: ScriptedImporter/UnityEditor.QuickSearchModule:UnityEditor.Search:ASIAI0B' with importer (ScriptedImporter : UnityEditor.QuickSearchModule:UnityEditor.Search:ASIAI0B)
Imported 'GUID: 8143bcca23d9e4377b5974c05f42e6dc' -> (Import Result ID: '83f3a0d42b216004756d82eafdbebcff') in 0.002 seconds [static and dynamic dependencies]. Details - ImportResultOutputID=f093b86650379d95e6aa0dba9d0b0efd DependenciesID=01ff8f23d5ce78e1614484b6eba74ef1 StaticDependenciesID=a90a240647a8d09e351296575c42c479 
Number of updated asset objects reloaded before import = 0
Number of asset objects unloaded after import = 0
========================================================================
Received Import Request.
  Time of request: 2026-09-30T12:28:08.9364222Z
  Time since last request: 0.0007066 seconds.
  importAddress: GUID: 9d4e73ed999c34cb3ae93178fcb08712 - Path: Packages/com.unity.visualscripting/Editor/VisualScripting.State/Transitions/StateTransitionEditor.cs - Importer: ScriptedImporter/UnityEditor.QuickSearchModule:UnityEditor.Search:ASIAI0B
Importing 'GUID: 9d4e73ed999c34cb3ae93178fcb08712 - Path: Packages/com.unity.visualscripting/Editor/VisualScripting.State/Transitions/StateTransitionEditor.cs - Importer: ScriptedImporter/UnityEditor.QuickSearchModule:UnityEditor.Search:ASIAI0B' with importer (ScriptedImporter : UnityEditor.QuickSearchModule:UnityEditor.Search:ASIAI0B)
Imported 'GUID: 9d4e73ed999c34cb3ae93178fcb08712' -> (Import Result ID: '07e098c380d2418103ef01f8ce56bf26') in 0.002 seconds [static and dynamic dependencies]. Details - ImportResultOutputID=7d78dd88a41919427de0b69365ab3ccc DependenciesID=5e8c649446872a0e4b7fcc77d70971dc StaticDependenciesID=a3cac2fdbd8392c13cbb0776cd684760 
Number of updated asset objects reloaded before import = 0
Number of asset objects unloaded after import = 0
========================================================================
Received Import Request.
  Time of request: 2026-09-30T12:28:08.9391272Z
  Time since last request: 0.0004533 seconds.
  importAddress: GUID: 03a1be6398ca64d4fa9e4810eb77c472 - Path: Packages/com.unity.visualscripting/Editor/VisualScripting.State/States/StateWidget.cs - Importer: ScriptedImporter/UnityEditor.QuickSearchModule:UnityEditor.Search:ASIAI0B
Importing 'GUID: 03a1be6398ca64d4fa9e4810eb77c472 - Path: Packages/com.unity.visualscripting/Editor/VisualScripting.State/States/StateWidget.cs - Importer: ScriptedImporter/UnityEditor.QuickSearchModule:UnityEditor.Search:ASIAI0B' with importer (ScriptedImporter : UnityEditor.QuickSearchModule:UnityEditor.Search:ASIAI0B)
Imported 'GUID: 03a1be6398ca64d4fa9e4810eb77c472' -> (Import Result ID: '9dcd6ae155c5ca029ff3a2be6487e2e7') in 0.002 seconds [static and dynamic dependencies]. Details - ImportResultOutputID=12f556105ff398e210fef2a730535b54 DependenciesID=b77ad0949a3326a7ba798e5593056b23 StaticDependenciesID=e93fc74cf3d9a5189adf3af4896d876c 
Number of updated asset objects reloaded before import = 0
Number of asset objects unloaded after import = 0
========================================================================
Received Import Request.
  Time of request: 2026-09-30T12:28:08.941706Z
  Time since last request: 0.0004052 seconds.
  importAddress: GUID: c3bcf9b19dcb40cdad778458b50003a8 - Path: Packages/com.unity.visualscripting/Runtime/VisualScripting.Core/Attributes/VisualScriptingHelpURLAttribute.cs - Importer: ScriptedImporter/UnityEditor.QuickSearchModule:UnityEditor.Search:ASIAI0B
Importing 'GUID: c3bcf9b19dcb40cdad778458b50003a8 - Path: Packages/com.unity.visualscripting/Runtime/VisualScripting.Core/Attributes/VisualScriptingHelpURLAttribute.cs - Importer: ScriptedImporter/UnityEditor.QuickSearchModule:UnityEditor.Search:ASIAI0B' with importer (ScriptedImporter : UnityEditor.QuickSearchModule:UnityEditor.Search:ASIAI0B)
Imported 'GUID: c3bcf9b19dcb40cdad778458b50003a8' -> (Import Result ID: '2df771a1cd50f8e8afce018797b24e2d') in 0.002 seconds [static and dynamic dependencies]. Details - ImportResultOutputID=7211cfccf0593ac4c5a1192fc5dab8ba DependenciesID=a7053a449ab83ca66cb17b02c304c5a8 StaticDependenciesID=e589b4f6c88efd8db9b48f3d729243d4 
Number of updated asset objects reloaded before import = 0
Number of asset objects unloaded after import = 0
========================================================================
Received Import Request.
  Time of request: 2026-09-30T12:28:08.944172Z
  Time since last request: 0.0003468 seconds.
  importAddress: GUID: 82e797f2fea594d6f89e0146757d0ed6 - Path: Packages/com.unity.visualscripting/Editor/VisualScripting.State/Transitions/StateTransitionDescriptor.cs - Importer: ScriptedImporter/UnityEditor.QuickSearchModule:UnityEditor.Search:ASIAI0B
Importing 'GUID: 82e797f2fea594d6f89e0146757d0ed6 - Path: Packages/com.unity.visualscripting/Editor/VisualScripting.State/Transitions/StateTransitionDescriptor.cs - Importer: ScriptedImporter/UnityEditor.QuickSearchModule:UnityEditor.Search:ASIAI0B' with importer (ScriptedImporter : UnityEditor.QuickSearchModule:UnityEditor.Search:ASIAI0B)
Imported 'GUID: 82e797f2fea594d6f89e0146757d0ed6' -> (Import Result ID: '7dea7ce3bc9b00b236af1931cdf08fd2') in 0.005 seconds [static and dynamic dependencies]. Details - ImportResultOutputID=162642ad2c12fd5f6710f854fe283f25 DependenciesID=9ffea8ad1891f305423bc031b2d48442 StaticDependenciesID=c4ba51f05a2f3c65e1b524cc0acf451f 
Number of updated asset objects reloaded before import = 0
Number of asset objects unloaded after import = 0
========================================================================
Received Import Request.
  Time of request: 2026-09-30T12:28:08.9519119Z
  Time since last request: 0.0025863 seconds.
  importAddress: GUID: 07e0926bb74a646ad92846ce48b5074e - Path: Packages/com.unity.visualscripting/Editor/VisualScripting.State/Flow/StateUnitWidget.cs - Importer: ScriptedImporter/UnityEditor.QuickSearchModule:UnityEditor.Search:ASIAI0B
Importing 'GUID: 07e0926bb74a646ad92846ce48b5074e - Path: Packages/com.unity.visualscripting/Editor/VisualScripting.State/Flow/StateUnitWidget.cs - Importer: ScriptedImporter/UnityEditor.QuickSearchModule:UnityEditor.Search:ASIAI0B' with importer (ScriptedImporter : UnityEditor.QuickSearchModule:UnityEditor.Search:ASIAI0B)
Imported 'GUID: 07e0926bb74a646ad92846ce48b5074e' -> (Import Result ID: 'f258bcc4b802c77eea396fbc191a19f4') in 0.002 seconds [static and dynamic dependencies]. Details - ImportResultOutputID=22850a57558e92eb4f856246d7ab9b4a DependenciesID=589a6a551dc1c95c60e89af9a070ea47 StaticDependenciesID=17ffe989cdb3d7bee507ca0db87fdfd6 
Number of updated asset objects reloaded before import = 0
Number of asset objects unloaded after import = 0
========================================================================
Received Import Request.
  Time of request: 2026-09-30T12:28:08.9547678Z
  Time since last request: 0.0002728 seconds.
  importAddress: GUID: e2102ddc23fbd412ca4aaec620483938 - Path: Packages/com.unity.visualscripting/Editor/VisualScripting.State/States/StateDescription.cs - Importer: ScriptedImporter/UnityEditor.QuickSearchModule:UnityEditor.Search:ASIAI0B
Importing 'GUID: e2102ddc23fbd412ca4aaec620483938 - Path: Packages/com.unity.visualscripting/Editor/VisualScripting.State/States/StateDescription.cs - Importer: ScriptedImporter/UnityEditor.QuickSearchModule:UnityEditor.Search:ASIAI0B' with importer (ScriptedImporter : UnityEditor.QuickSearchModule:UnityEditor.Search:ASIAI0B)
Imported 'GUID: e2102ddc23fbd412ca4aaec620483938' -> (Import Result ID: '4be04088950a1a8b13da8c4d05dbb017') in 0.002 seconds [static and dynamic dependencies]. Details - ImportResultOutputID=9132aebb5efc47771455268d534e088e DependenciesID=e0bc9206d7ce7e1945da519ba87a3627 StaticDependenciesID=f6138f1bccce4154102c58e43a5557b3 
Number of updated asset objects reloaded before import = 0
Number of asset objects unloaded after import = 0
========================================================================
Received Import Request.
  Time of request: 2026-09-30T12:28:08.9570192Z
  Time since last request: 0.0003873 seconds.
  importAddress: GUID: e5353b3c45ba346d2ae924e8c15518cd - Path: Packages/com.unity.visualscripting/Editor/VisualScripting.State/States/NesterStateDescriptor.cs - Importer: ScriptedImporter/UnityEditor.QuickSearchModule:UnityEditor.Search:ASIAI0B
Importing 'GUID: e5353b3c45ba346d2ae924e8c15518cd - Path: Packages/com.unity.visualscripting/Editor/VisualScripting.State/States/NesterStateDescriptor.cs - Importer: ScriptedImporter/UnityEditor.QuickSearchModule:UnityEditor.Search:ASIAI0B' with importer (ScriptedImporter : UnityEditor.QuickSearchModule:UnityEditor.Search:ASIAI0B)
Imported 'GUID: e5353b3c45ba346d2ae924e8c15518cd' -> (Import Result ID: 'b5046833488b216abcfccfc3150e9497') in 0.002 seconds [static and dynamic dependencies]. Details - ImportResultOutputID=48cf68cfde11fa7409fa6ac725dab124 DependenciesID=baae1c3f06ddf44518b8ed2d93ee0eb5 StaticDependenciesID=9d96cddb94e4ee03c6229f1125baf716 
Number of updated asset objects reloaded before import = 0
Number of asset objects unloaded after import = 0
========================================================================
Received Import Request.
  Time of request: 2026-09-30T12:28:08.9598647Z
  Time since last request: 0.0004775 seconds.
  importAddress: GUID: f097bbb63a5fa43369651ebaf0812b0f - Path: Packages/com.unity.visualscripting/Runtime/VisualScripting.Core/Collections/AotDictionary.cs - Importer: ScriptedImporter/UnityEditor.QuickSearchModule:UnityEditor.Search:ASIAI0B
Importing 'GUID: f097bbb63a5fa43369651ebaf0812b0f - Path: Packages/com.unity.visualscripting/Runtime/VisualScripting.Core/Collections/AotDictionary.cs - Importer: ScriptedImporter/UnityEditor.QuickSearchModule:UnityEditor.Search:ASIAI0B' with importer (ScriptedImporter : UnityEditor.QuickSearchModule:UnityEditor.Search:ASIAI0B)
Imported 'GUID: f097bbb63a5fa43369651ebaf0812b0f' -> (Import Result ID: '8d4be0effcba7a54a62b15f773aee6da') in 0.002 seconds [static and dynamic dependencies]. Details - ImportResultOutputID=8335090c9c2c64804c186d6092fa58a3 DependenciesID=580acb232037405376958f3407c2afd9 StaticDependenciesID=ac32099c3f328526b696a9291278c139 
Number of updated asset objects reloaded before import = 0
Number of asset objects unloaded after import = 0
========================================================================
Received Import Request.
  Time of request: 2026-09-30T12:28:08.9771384Z
  Time since last request: 0.0148378 seconds.
  importAddress: GUID: 8ef1aa7bad824d558b8d03c83a9ad2f0 - Path: Packages/com.unity.visualscripting/Runtime/VisualScripting.Core/Decorators/ValueAttribute.cs - Importer: ScriptedImporter/UnityEditor.QuickSearchModule:UnityEditor.Search:ASIAI0B
Importing 'GUID: 8ef1aa7bad824d558b8d03c83a9ad2f0 - Path: Packages/com.unity.visualscripting/Runtime/VisualScripting.Core/Decorators/ValueAttribute.cs - Importer: ScriptedImporter/UnityEditor.QuickSearchModule:UnityEditor.Search:ASIAI0B' with importer (ScriptedImporter : UnityEditor.QuickSearchModule:UnityEditor.Search:ASIAI0B)
Imported 'GUID: 8ef1aa7bad824d558b8d03c83a9ad2f0' -> (Import Result ID: '9d5d675b35333a55f7d6ac731728e7e7') in 0.004 seconds [static and dynamic dependencies]. Details - ImportResultOutputID=df1cdc67018bbd01253998e87e5281b2 DependenciesID=778861bb7ef77b463e4a628a26eb9690 StaticDependenciesID=931858c1e30980f3b763618027bcbd25 
Number of updated asset objects reloaded before import = 0
Number of asset objects unloaded after import = 0
========================================================================
Received Import Request.
  Time of request: 2026-09-30T12:28:08.9818969Z
  Time since last request: 0.0004829 seconds.
  importAddress: GUID: 4fae8bb7c6499466c8e4b78650b40808 - Path: Packages/com.unity.visualscripting/Runtime/VisualScripting.Core/Ensure/EnsureThat.Strings.cs - Importer: ScriptedImporter/UnityEditor.QuickSearchModule:UnityEditor.Search:ASIAI0B
Importing 'GUID: 4fae8bb7c6499466c8e4b78650b40808 - Path: Packages/com.unity.visualscripting/Runtime/VisualScripting.Core/Ensure/EnsureThat.Strings.cs - Importer: ScriptedImporter/UnityEditor.QuickSearchModule:UnityEditor.Search:ASIAI0B' with importer (ScriptedImporter : UnityEditor.QuickSearchModule:UnityEditor.Search:ASIAI0B)
Imported 'GUID: 4fae8bb7c6499466c8e4b78650b40808' -> (Import Result ID: '59c214d640ae755d2b53a992589ababc') in 0.002 seconds [static and dynamic dependencies]. Details - ImportResultOutputID=661eb42e2188015e06e9fa1968d89133 DependenciesID=32d68b4553d470674343911ff0b141d9 StaticDependenciesID=7db2d9a47bc1bedb3cca4e579ee3ed17 
Number of updated asset objects reloaded before import = 0
Number of asset objects unloaded after import = 0
========================================================================
Received Import Request.
  Time of request: 2026-09-30T12:28:08.9849211Z
  Time since last request: 0.0003944 seconds.
  importAddress: GUID: 08c4d2f0974804ab59eaab5c9d78ae27 - Path: Packages/com.unity.visualscripting/Runtime/VisualScripting.Core/EditorBinding/IInspectableAttribute.cs - Importer: ScriptedImporter/UnityEditor.QuickSearchModule:UnityEditor.Search:ASIAI0B
Importing 'GUID: 08c4d2f0974804ab59eaab5c9d78ae27 - Path: Packages/com.unity.visualscripting/Runtime/VisualScripting.Core/EditorBinding/IInspectableAttribute.cs - Importer: ScriptedImporter/UnityEditor.QuickSearchModule:UnityEditor.Search:ASIAI0B' with importer (ScriptedImporter : UnityEditor.QuickSearchModule:UnityEditor.Search:ASIAI0B)
Imported 'GUID: 08c4d2f0974804ab59eaab5c9d78ae27' -> (Import Result ID: '580c023e44b42487093a6eed4ec24255') in 0.002 seconds [static and dynamic dependencies]. Details - ImportResultOutputID=b31cd37a3f4e10b51556aefc465be67c DependenciesID=573b034f0ef9cdbb5825fb14f7e0b0ee StaticDependenciesID=352b9a5b237dcafa146856e9c80d5958 
Number of updated asset objects reloaded before import = 0
Number of asset objects unloaded after import = 0
========================================================================
Received Import Request.
  Time of request: 2026-09-30T12:28:08.9879992Z
  Time since last request: 0.0006698 seconds.
  importAddress: GUID: 43726dbe3dc9b43e7b7757fe847b033a - Path: Packages/com.unity.visualscripting/Runtime/VisualScripting.Core/Collections/NonNullableList.cs - Importer: ScriptedImporter/UnityEditor.QuickSearchModule:UnityEditor.Search:ASIAI0B
Importing 'GUID: 43726dbe3dc9b43e7b7757fe847b033a - Path: Packages/com.unity.visualscripting/Runtime/VisualScripting.Core/Collections/NonNullableList.cs - Importer: ScriptedImporter/UnityEditor.QuickSearchModule:UnityEditor.Search:ASIAI0B' with importer (ScriptedImporter : UnityEditor.QuickSearchModule:UnityEditor.Search:ASIAI0B)
Imported 'GUID: 43726dbe3dc9b43e7b7757fe847b033a' -> (Import Result ID: '86f47043b68a30e7c7a4bb41a3be929b') in 0.002 seconds [static and dynamic dependencies]. Details - ImportResultOutputID=15ffc65bffc0a620b7c638e3c927fb11 DependenciesID=a343e289d71ecb5c9402aba48cdd6e9b StaticDependenciesID=791e841f859434b52953c12acebb06bc 
Number of updated asset objects reloaded before import = 0
Number of asset objects unloaded after import = 0
========================================================================
Received Import Request.
  Time of request: 2026-09-30T12:28:08.9910999Z
  Time since last request: 0.0004034 seconds.
  importAddress: GUID: 368daf4a364944876be0fc2560e3b6ca - Path: Packages/com.unity.visualscripting/Runtime/VisualScripting.Core/EditorBinding/WarnBeforeRemovingAttribute.cs - Importer: ScriptedImporter/UnityEditor.QuickSearchModule:UnityEditor.Search:ASIAI0B
Importing 'GUID: 368daf4a364944876be0fc2560e3b6ca - Path: Packages/com.unity.visualscripting/Runtime/VisualScripting.Core/EditorBinding/WarnBeforeRemovingAttribute.cs - Importer: ScriptedImporter/UnityEditor.QuickSearchModule:UnityEditor.Search:ASIAI0B' with importer (ScriptedImporter : UnityEditor.QuickSearchModule:UnityEditor.Search:ASIAI0B)
Imported 'GUID: 368daf4a364944876be0fc2560e3b6ca' -> (Import Result ID: '2b5c8198044042ce84951989b8e7acb3') in 0.002 seconds [static and dynamic dependencies]. Details - ImportResultOutputID=0d9e0774fe4bf51fb5aea82748e7c7c8 DependenciesID=3eaa80932813bbf4b54c9cbe61e9cb66 StaticDependenciesID=5b7ce6de8f4ed3844bc53e94aec46d71 
Number of updated asset objects reloaded before import = 0
Number of asset objects unloaded after import = 0
========================================================================
Received Import Request.
  Time of request: 2026-09-30T12:28:08.9940582Z
  Time since last request: 0.0005271 seconds.
  importAddress: GUID: 725c1ccd191c1427fb11a5eab7d26b3b - Path: Packages/com.unity.visualscripting/Runtime/VisualScripting.Core/Collections/MergedList.cs - Importer: ScriptedImporter/UnityEditor.QuickSearchModule:UnityEditor.Search:ASIAI0B
Importing 'GUID: 725c1ccd191c1427fb11a5eab7d26b3b - Path: Packages/com.unity.visualscripting/Runtime/VisualScripting.Core/Collections/MergedList.cs - Importer: ScriptedImporter/UnityEditor.QuickSearchModule:UnityEditor.Search:ASIAI0B' with importer (ScriptedImporter : UnityEditor.QuickSearchModule:UnityEditor.Search:ASIAI0B)
Imported 'GUID: 725c1ccd191c1427fb11a5eab7d26b3b' -> (Import Result ID: 'bda980fa5b02d897f6648f53c3b09ddc') in 0.004 seconds [static and dynamic dependencies]. Details - ImportResultOutputID=795afcc122a90aab2a11497342c23b99 DependenciesID=c478ac77b3176a5a24b1697696cd144c StaticDependenciesID=97bc7d9f2bede726d2924f4d438de4e4 
Number of updated asset objects reloaded before import = 0
Number of asset objects unloaded after import = 0
========================================================================
Received Import Request.
  Time of request: 2026-09-30T12:28:08.9991507Z
  Time since last request: 0.0005153 seconds.
  importAddress: GUID: 520c9222b31ec4f5aa5951b64ab04a93 - Path: Packages/com.unity.visualscripting/Runtime/VisualScripting.Core/Collections/MergedKeyedCollection.cs - Importer: ScriptedImporter/UnityEditor.QuickSearchModule:UnityEditor.Search:ASIAI0B
Importing 'GUID: 520c9222b31ec4f5aa5951b64ab04a93 - Path: Packages/com.unity.visualscripting/Runtime/VisualScripting.Core/Collections/MergedKeyedCollection.cs - Importer: ScriptedImporter/UnityEditor.QuickSearchModule:UnityEditor.Search:ASIAI0B' with importer (ScriptedImporter : UnityEditor.QuickSearchModule:UnityEditor.Search:ASIAI0B)
Imported 'GUID: 520c9222b31ec4f5aa5951b64ab04a93' -> (Import Result ID: '36f06d1e68bcb9233f1cbebdbd72887f') in 0.003 seconds [static and dynamic dependencies]. Details - ImportResultOutputID=73f11a376d0436caa65e961b763aa1a2 DependenciesID=cc9751fc07a46e622d2cdaa3cc49319d StaticDependenciesID=568f1203719646572f6658e11dd5a82d 
Number of updated asset objects reloaded before import = 0
Number of asset objects unloaded after import = 0
========================================================================
Received Import Request.
  Time of request: 2026-09-30T12:28:09.0031112Z
  Time since last request: 0.0004597 seconds.
  importAddress: GUID: 151f0a13a53cb44ae83db5361508f233 - Path: Packages/com.unity.visualscripting/Runtime/VisualScripting.Core/Collections/VariantCollection.cs - Importer: ScriptedImporter/UnityEditor.QuickSearchModule:UnityEditor.Search:ASIAI0B
Importing 'GUID: 151f0a13a53cb44ae83db5361508f233 - Path: Packages/com.unity.visualscripting/Runtime/VisualScripting.Core/Collections/VariantCollection.cs - Importer: ScriptedImporter/UnityEditor.QuickSearchModule:UnityEditor.Search:ASIAI0B' with importer (ScriptedImporter : UnityEditor.QuickSearchModule:UnityEditor.Search:ASIAI0B)
Imported 'GUID: 151f0a13a53cb44ae83db5361508f233' -> (Import Result ID: 'be0d63e1bbfd84e6f09609e749cc2aa1') in 0.002 seconds [static and dynamic dependencies]. Details - ImportResultOutputID=5c2fc8163e6927b33a2506614813a326 DependenciesID=23df9954bddbf9c2cc1f2ff4d9f15184 StaticDependenciesID=8640f81f1c691175b166972b076679f7 
Number of updated asset objects reloaded before import = 0
Number of asset objects unloaded after import = 0
========================================================================
Received Import Request.
  Time of request: 2026-09-30T12:28:09.0063261Z
  Time since last request: 0.0005054 seconds.
  importAddress: GUID: 650036ff826f64479bd924a78dab1057 - Path: Packages/com.unity.visualscripting/Runtime/VisualScripting.Core/Connections/GraphConnectionCollection.cs - Importer: ScriptedImporter/UnityEditor.QuickSearchModule:UnityEditor.Search:ASIAI0B
Importing 'GUID: 650036ff826f64479bd924a78dab1057 - Path: Packages/com.unity.visualscripting/Runtime/VisualScripting.Core/Connections/GraphConnectionCollection.cs - Importer: ScriptedImporter/UnityEditor.QuickSearchModule:UnityEditor.Search:ASIAI0B' with importer (ScriptedImporter : UnityEditor.QuickSearchModule:UnityEditor.Search:ASIAI0B)
Imported 'GUID: 650036ff826f64479bd924a78dab1057' -> (Import Result ID: 'bc15466911a95d018c574e62964a1a5c') in 0.002 seconds [static and dynamic dependencies]. Details - ImportResultOutputID=59bf53fe0ddc6404b2d54ec0bc32a857 DependenciesID=ca7260d4e371a874ef0afba9302ead45 StaticDependenciesID=3c6642cfc480fd0fee528c07f5804dd7 
Number of updated asset objects reloaded before import = 0
Number of asset objects unloaded after import = 0
========================================================================
Received Import Request.
  Time of request: 2026-09-30T12:28:09.0093745Z
  Time since last request: 0.0004349 seconds.
  importAddress: GUID: c992c99fb037a4d95b03cd290f6c3856 - Path: Packages/com.unity.visualscripting/Runtime/VisualScripting.Core/EditorBinding/ExpectedTypeAttribute.cs - Importer: ScriptedImporter/UnityEditor.QuickSearchModule:UnityEditor.Search:ASIAI0B
Importing 'GUID: c992c99fb037a4d95b03cd290f6c3856 - Path: Packages/com.unity.visualscripting/Runtime/VisualScripting.Core/EditorBinding/ExpectedTypeAttribute.cs - Importer: ScriptedImporter/UnityEditor.QuickSearchModule:UnityEditor.Search:ASIAI0B' with importer (ScriptedImporter : UnityEditor.QuickSearchModule:UnityEditor.Search:ASIAI0B)
Imported 'GUID: c992c99fb037a4d95b03cd290f6c3856' -> (Import Result ID: '6e0030cf8a9652ceacc4296c0ebb5377') in 0.003 seconds [static and dynamic dependencies]. Details - ImportResultOutputID=abf1dbd2085fde7fdcf17b88ec44ec0b DependenciesID=e987eb248bbe9cc79a2bd0ca1bf54084 StaticDependenciesID=7eefe5a4f00aacb072644cb6ef881851 
Number of updated asset objects reloaded before import = 0
Number of asset objects unloaded after import = 0
========================================================================
Received Import Request.
  Time of request: 2026-09-30T12:28:09.013165Z
  Time since last request: 0.0005559 seconds.
  importAddress: GUID: 8dc2791b3a1a24557addbdc57a45b5bd - Path: Packages/com.unity.visualscripting/Runtime/VisualScripting.Core/Connections/InvalidConnectionException.cs - Importer: ScriptedImporter/UnityEditor.QuickSearchModule:UnityEditor.Search:ASIAI0B
Importing 'GUID: 8dc2791b3a1a24557addbdc57a45b5bd - Path: Packages/com.unity.visualscripting/Runtime/VisualScripting.Core/Connections/InvalidConnectionException.cs - Importer: ScriptedImporter/UnityEditor.QuickSearchModule:UnityEditor.Search:ASIAI0B' with importer (ScriptedImporter : UnityEditor.QuickSearchModule:UnityEditor.Search:ASIAI0B)
Imported 'GUID: 8dc2791b3a1a24557addbdc57a45b5bd' -> (Import Result ID: 'bca5f35ed4e01ddb95d106a07e702df8') in 0.002 seconds [static and dynamic dependencies]. Details - ImportResultOutputID=3512b9452c1194c8862a4a6da916bbc1 DependenciesID=9ceececaee8179b51fac39d7eec6ac2a StaticDependenciesID=717bdc6a930b62c1c97e178ee8499cef 
Number of updated asset objects reloaded before import = 0
Number of asset objects unloaded after import = 0
========================================================================
Received Import Request.
  Time of request: 2026-09-30T12:28:09.0165346Z
  Time since last request: 0.0007193 seconds.
  importAddress: GUID: f63e64e83be93471eb84fcc9606ebff1 - Path: Packages/com.unity.visualscripting/Runtime/VisualScripting.Core/EditorBinding/NullMeansSelfAttribute.cs - Importer: ScriptedImporter/UnityEditor.QuickSearchModule:UnityEditor.Search:ASIAI0B
Importing 'GUID: f63e64e83be93471eb84fcc9606ebff1 - Path: Packages/com.unity.visualscripting/Runtime/VisualScripting.Core/EditorBinding/NullMeansSelfAttribute.cs - Importer: ScriptedImporter/UnityEditor.QuickSearchModule:UnityEditor.Search:ASIAI0B' with importer (ScriptedImporter : UnityEditor.QuickSearchModule:UnityEditor.Search:ASIAI0B)
Imported 'GUID: f63e64e83be93471eb84fcc9606ebff1' -> (Import Result ID: '99805b75a74fc99124f2c6789a9900c1') in 0.002 seconds [static and dynamic dependencies]. Details - ImportResultOutputID=26cc4f9a75b39cad255b016264c9ce57 DependenciesID=0b60777256744c3b69d5b7faf2aed99a StaticDependenciesID=eb51c53bed1932cf63b082d5ff1b1b12 
Number of updated asset objects reloaded before import = 0
Number of asset objects unloaded after import = 0
========================================================================
Received Import Request.
  Time of request: 2026-09-30T12:28:09.0237886Z
  Time since last request: 0.0048949 seconds.
  importAddress: GUID: 1c8eee4ffafe34c72bac99573462a6cc - Path: Packages/com.unity.visualscripting/Runtime/VisualScripting.Core/EditorBinding/InspectableAttribute.cs - Importer: ScriptedImporter/UnityEditor.QuickSearchModule:UnityEditor.Search:ASIAI0B
Importing 'GUID: 1c8eee4ffafe34c72bac99573462a6cc - Path: Packages/com.unity.visualscripting/Runtime/VisualScripting.Core/EditorBinding/InspectableAttribute.cs - Importer: ScriptedImporter/UnityEditor.QuickSearchModule:UnityEditor.Search:ASIAI0B' with importer (ScriptedImporter : UnityEditor.QuickSearchModule:UnityEditor.Search:ASIAI0B)
Imported 'GUID: 1c8eee4ffafe34c72bac99573462a6cc' -> (Import Result ID: '8907129523797537f3e9da9ef9b29ff6') in 0.003 seconds [static and dynamic dependencies]. Details - ImportResultOutputID=a7258dab9b3421a738d27b87bd04b069 DependenciesID=5efc646ee26769825efb1b2998d67283 StaticDependenciesID=5d469f128d73d10801376557ed0f3c01 
Number of updated asset objects reloaded before import = 0
Number of asset objects unloaded after import = 0
========================================================================
Received Import Request.
  Time of request: 2026-09-30T12:28:09.0279859Z
  Time since last request: 0.0009068 seconds.
  importAddress: GUID: 3af658b760ac04b8ea3f040f301bbc1d - Path: Packages/com.unity.visualscripting/Runtime/VisualScripting.Core/Graphs/Graph.cs - Importer: ScriptedImporter/UnityEditor.QuickSearchModule:UnityEditor.Search:ASIAI0B
Importing 'GUID: 3af658b760ac04b8ea3f040f301bbc1d - Path: Packages/com.unity.visualscripting/Runtime/VisualScripting.Core/Graphs/Graph.cs - Importer: ScriptedImporter/UnityEditor.QuickSearchModule:UnityEditor.Search:ASIAI0B' with importer (ScriptedImporter : UnityEditor.QuickSearchModule:UnityEditor.Search:ASIAI0B)
Imported 'GUID: 3af658b760ac04b8ea3f040f301bbc1d' -> (Import Result ID: 'e642683e0248a578d707a11913c6f68a') in 0.004 seconds [static and dynamic dependencies]. Details - ImportResultOutputID=3221fabb5bb01bf91c395776308e6cdc DependenciesID=3287fb2ebc7df2fcf4ceca4b97d808a3 StaticDependenciesID=8e3077f1ddebc8ccf475654179ea8dd4 
Number of updated asset objects reloaded before import = 0
Number of asset objects unloaded after import = 0
========================================================================
Received Import Request.
  Time of request: 2026-09-30T12:28:09.0330943Z
  Time since last request: 0.0013544 seconds.
  importAddress: GUID: 8f5ba353976e54c5ca51dd1873135abe - Path: Packages/com.unity.visualscripting/Runtime/VisualScripting.Core/Decorators/IDecoratorAttribute.cs - Importer: ScriptedImporter/UnityEditor.QuickSearchModule:UnityEditor.Search:ASIAI0B
Importing 'GUID: 8f5ba353976e54c5ca51dd1873135abe - Path: Packages/com.unity.visualscripting/Runtime/VisualScripting.Core/Decorators/IDecoratorAttribute.cs - Importer: ScriptedImporter/UnityEditor.QuickSearchModule:UnityEditor.Search:ASIAI0B' with importer (ScriptedImporter : UnityEditor.QuickSearchModule:UnityEditor.Search:ASIAI0B)
Imported 'GUID: 8f5ba353976e54c5ca51dd1873135abe' -> (Import Result ID: '10e0a3d30ca935d9417cea9b26e9447b') in 0.005 seconds [static and dynamic dependencies]. Details - ImportResultOutputID=2aad55b7a04b4eac3ecc7d0b6ca9145b DependenciesID=f1fedbaa3c448287b944b9e6d5626ba8 StaticDependenciesID=fb0628ffad610ee094a94047618d1627 
Number of updated asset objects reloaded before import = 0
Number of asset objects unloaded after import = 0
========================================================================
Received Import Request.
  Time of request: 2026-09-30T12:28:09.0396994Z
  Time since last request: 0.0004807 seconds.
  importAddress: GUID: 6f2162496fe3847ca8389e55d36b6640 - Path: Packages/com.unity.visualscripting/Runtime/VisualScripting.Core/Events/EventHook.cs - Importer: ScriptedImporter/UnityEditor.QuickSearchModule:UnityEditor.Search:ASIAI0B
Importing 'GUID: 6f2162496fe3847ca8389e55d36b6640 - Path: Packages/com.unity.visualscripting/Runtime/VisualScripting.Core/Events/EventHook.cs - Importer: ScriptedImporter/UnityEditor.QuickSearchModule:UnityEditor.Search:ASIAI0B' with importer (ScriptedImporter : UnityEditor.QuickSearchModule:UnityEditor.Search:ASIAI0B)
Imported 'GUID: 6f2162496fe3847ca8389e55d36b6640' -> (Import Result ID: '557ef898ca69a5d20bcb9d549f23a3bc') in 0.004 seconds [static and dynamic dependencies]. Details - ImportResultOutputID=8841599336063f9d83bfda13a872d7c0 DependenciesID=6ce11d63cc926f122619f3e456c1473d StaticDependenciesID=4661d3ccd5a0f66c4bdb4cdf488a30f8 
Number of updated asset objects reloaded before import = 0
Number of asset objects unloaded after import = 0
========================================================================
Received Import Request.
  Time of request: 2026-09-30T12:28:09.045286Z
  Time since last request: 0.0010155 seconds.
  importAddress: GUID: adc1a9ac3adb54e8aac2ea044801ea5e - Path: Packages/com.unity.visualscripting/Runtime/VisualScripting.Core/Ensure/EnsureThat.Guids.cs - Importer: ScriptedImporter/UnityEditor.QuickSearchModule:UnityEditor.Search:ASIAI0B
Importing 'GUID: adc1a9ac3adb54e8aac2ea044801ea5e - Path: Packages/com.unity.visualscripting/Runtime/VisualScripting.Core/Ensure/EnsureThat.Guids.cs - Importer: ScriptedImporter/UnityEditor.QuickSearchModule:UnityEditor.Search:ASIAI0B' with importer (ScriptedImporter : UnityEditor.QuickSearchModule:UnityEditor.Search:ASIAI0B)
Imported 'GUID: adc1a9ac3adb54e8aac2ea044801ea5e' -> (Import Result ID: 'd4b8f252ffce4b870b455386ba84b6ba') in 0.002 seconds [static and dynamic dependencies]. Details - ImportResultOutputID=3aebaaf9b020c0d013be414bf7229283 DependenciesID=d672a98c9f8428599758caea80d03313 StaticDependenciesID=1bb7bc46b4c45fe03d97fb4fc36d4e52 
Number of updated asset objects reloaded before import = 0
Number of asset objects unloaded after import = 0
========================================================================
Received Import Request.
  Time of request: 2026-09-30T12:28:09.0479012Z
  Time since last request: 0.0004201 seconds.
  importAddress: GUID: 82da3913de0aa495bbc9f0ea9a106808 - Path: Packages/com.unity.visualscripting/Runtime/VisualScripting.Core/Ensure/EnsureThat.Booleans.cs - Importer: ScriptedImporter/UnityEditor.QuickSearchModule:UnityEditor.Search:ASIAI0B
Importing 'GUID: 82da3913de0aa495bbc9f0ea9a106808 - Path: Packages/com.unity.visualscripting/Runtime/VisualScripting.Core/Ensure/EnsureThat.Booleans.cs - Importer: ScriptedImporter/UnityEditor.QuickSearchModule:UnityEditor.Search:ASIAI0B' with importer (ScriptedImporter : UnityEditor.QuickSearchModule:UnityEditor.Search:ASIAI0B)
Imported 'GUID: 82da3913de0aa495bbc9f0ea9a106808' -> (Import Result ID: '2adb32f45cb19f082d5e33e7fdbfbc96') in 0.003 seconds [static and dynamic dependencies]. Details - ImportResultOutputID=cfbaa1f259bfeb61653ab0b846c7cccd DependenciesID=3b3f77381197fe389bcec45331e079d6 StaticDependenciesID=7a10ab27e61d78f4356691d8ff9502e4 
Number of updated asset objects reloaded before import = 0
Number of asset objects unloaded after import = 0
========================================================================
Received Import Request.
  Time of request: 2026-09-30T12:28:09.0543737Z
  Time since last request: 0.0027121 seconds.
  importAddress: GUID: ed948b29f5fab40c2b0a902e8248cc20 - Path: Packages/com.unity.visualscripting/Runtime/VisualScripting.Core/Events/IEventGraph.cs - Importer: ScriptedImporter/UnityEditor.QuickSearchModule:UnityEditor.Search:ASIAI0B
Importing 'GUID: ed948b29f5fab40c2b0a902e8248cc20 - Path: Packages/com.unity.visualscripting/Runtime/VisualScripting.Core/Events/IEventGraph.cs - Importer: ScriptedImporter/UnityEditor.QuickSearchModule:UnityEditor.Search:ASIAI0B' with importer (ScriptedImporter : UnityEditor.QuickSearchModule:UnityEditor.Search:ASIAI0B)
Imported 'GUID: ed948b29f5fab40c2b0a902e8248cc20' -> (Import Result ID: 'ebd516d1671758eca502874957465b24') in 0.005 seconds [static and dynamic dependencies]. Details - ImportResultOutputID=9ef95e6355cfe5db770e59d1a1b70e34 DependenciesID=330453f685e90969beacd5a1b81e67d1 StaticDependenciesID=687e27e4c7cfa8ba508e94790573727b 
Number of updated asset objects reloaded before import = 0
Number of asset objects unloaded after import = 0
========================================================================
Received Import Request.
  Time of request: 2026-09-30T12:28:09.0608902Z
  Time since last request: 0.0008203 seconds.
  importAddress: GUID: 0a69171d7129543bf9453c8c22067cfe - Path: Packages/com.unity.visualscripting/Runtime/VisualScripting.Core/Exceptions/InvalidImplementationException.cs - Importer: ScriptedImporter/UnityEditor.QuickSearchModule:UnityEditor.Search:ASIAI0B
Importing 'GUID: 0a69171d7129543bf9453c8c22067cfe - Path: Packages/com.unity.visualscripting/Runtime/VisualScripting.Core/Exceptions/InvalidImplementationException.cs - Importer: ScriptedImporter/UnityEditor.QuickSearchModule:UnityEditor.Search:ASIAI0B' with importer (ScriptedImporter : UnityEditor.QuickSearchModule:UnityEditor.Search:ASIAI0B)
Imported 'GUID: 0a69171d7129543bf9453c8c22067cfe' -> (Import Result ID: '81bfc8c3248fa4e4acda2d559f7acb8d') in 0.002 seconds [static and dynamic dependencies]. Details - ImportResultOutputID=9d835689581a9dbce08a9735f275ea60 DependenciesID=82e1e2fd110fbde7e44c6e271aead0a1 StaticDependenciesID=2bd01085c8353e48983596f160a47a20 
Number of updated asset objects reloaded before import = 0
Number of asset objects unloaded after import = 0
========================================================================
Received Import Request.
  Time of request: 2026-09-30T12:28:09.0642806Z
  Time since last request: 0.0003509 seconds.
  importAddress: GUID: 174d73813488e4011b9b46d8a59ae9d9 - Path: Packages/com.unity.visualscripting/Runtime/VisualScripting.Core/Collections/NoAllocEnumerator.cs - Importer: ScriptedImporter/UnityEditor.QuickSearchModule:UnityEditor.Search:ASIAI0B
Importing 'GUID: 174d73813488e4011b9b46d8a59ae9d9 - Path: Packages/com.unity.visualscripting/Runtime/VisualScripting.Core/Collections/NoAllocEnumerator.cs - Importer: ScriptedImporter/UnityEditor.QuickSearchModule:UnityEditor.Search:ASIAI0B' with importer (ScriptedImporter : UnityEditor.QuickSearchModule:UnityEditor.Search:ASIAI0B)
Imported 'GUID: 174d73813488e4011b9b46d8a59ae9d9' -> (Import Result ID: '9207f6f8fb18c952409aaa7414e7d9ce') in 0.002 seconds [static and dynamic dependencies]. Details - ImportResultOutputID=1d3711b235dba2620bbcc703a395d103 DependenciesID=e3e3342ee1bf5be5363f5d6e44943560 StaticDependenciesID=821ffbf6ed95933a80f4a1ad5f04bc9a 
Number of updated asset objects reloaded before import = 0
Number of asset objects unloaded after import = 0
========================================================================
Received Import Request.
  Time of request: 2026-09-30T12:28:09.0777131Z
  Time since last request: 0.0112104 seconds.
  importAddress: GUID: 4da0cf276f0824701b16235437b01c34 - Path: Packages/com.unity.visualscripting/Runtime/VisualScripting.Core/Graphs/IGraphItem.cs - Importer: ScriptedImporter/UnityEditor.QuickSearchModule:UnityEditor.Search:ASIAI0B
Importing 'GUID: 4da0cf276f0824701b16235437b01c34 - Path: Packages/com.unity.visualscripting/Runtime/VisualScripting.Core/Graphs/IGraphItem.cs - Importer: ScriptedImporter/UnityEditor.QuickSearchModule:UnityEditor.Search:ASIAI0B' with importer (ScriptedImporter : UnityEditor.QuickSearchModule:UnityEditor.Search:ASIAI0B)
Imported 'GUID: 4da0cf276f0824701b16235437b01c34' -> (Import Result ID: 'c03facd916453c83d4c8544d764fd225') in 0.002 seconds [static and dynamic dependencies]. Details - ImportResultOutputID=adea69290cf319801321107fd8c170a8 DependenciesID=1efbb67a09d7de29eb7d1d6aaa2cbf1c StaticDependenciesID=b363d586f40d14889840bd414f8df048 
Number of updated asset objects reloaded before import = 0
Number of asset objects unloaded after import = 0
========================================================================
Received Import Request.
  Time of request: 2026-09-30T12:28:09.0803573Z
  Time since last request: 0.000555 seconds.
  importAddress: GUID: fa6f472bdcf96422aabee9d2cd19a386 - Path: Packages/com.unity.visualscripting/Runtime/VisualScripting.Core/Reflection/ConversionUtility.cs - Importer: ScriptedImporter/UnityEditor.QuickSearchModule:UnityEditor.Search:ASIAI0B
Importing 'GUID: fa6f472bdcf96422aabee9d2cd19a386 - Path: Packages/com.unity.visualscripting/Runtime/VisualScripting.Core/Reflection/ConversionUtility.cs - Importer: ScriptedImporter/UnityEditor.QuickSearchModule:UnityEditor.Search:ASIAI0B' with importer (ScriptedImporter : UnityEditor.QuickSearchModule:UnityEditor.Search:ASIAI0B)
Imported 'GUID: fa6f472bdcf96422aabee9d2cd19a386' -> (Import Result ID: '7a61eb9bfd967f4770c66e5097d76bb3') in 0.002 seconds [static and dynamic dependencies]. Details - ImportResultOutputID=bfff130e1d12845c5084d1d3f7c51f52 DependenciesID=6f231aae02832c3adea76263dedf196f StaticDependenciesID=c712e803a483a96590680d5ab4677e23 
Number of updated asset objects reloaded before import = 0
Number of asset objects unloaded after import = 0
========================================================================
Received Import Request.
  Time of request: 2026-09-30T12:28:09.0832218Z
  Time since last request: 0.0006716 seconds.
  importAddress: GUID: 49fa2e46fd0be40b7939430e5ff3bf98 - Path: Packages/com.unity.visualscripting/Runtime/VisualScripting.Core/Graphs/IGraphNest.cs - Importer: ScriptedImporter/UnityEditor.QuickSearchModule:UnityEditor.Search:ASIAI0B
Importing 'GUID: 49fa2e46fd0be40b7939430e5ff3bf98 - Path: Packages/com.unity.visualscripting/Runtime/VisualScripting.Core/Graphs/IGraphNest.cs - Importer: ScriptedImporter/UnityEditor.QuickSearchModule:UnityEditor.Search:ASIAI0B' with importer (ScriptedImporter : UnityEditor.QuickSearchModule:UnityEditor.Search:ASIAI0B)
Imported 'GUID: 49fa2e46fd0be40b7939430e5ff3bf98' -> (Import Result ID: '825e9a1d8af42c408b34936c75e53e7a') in 0.001 seconds [static and dynamic dependencies]. Details - ImportResultOutputID=d0fa3cb6923633bd079ae1a7d0e93ce7 DependenciesID=e197e1a44f40ad2c614734164a7179a9 StaticDependenciesID=4a797c9b40f853ee24b6fa28ccd17132 
Number of updated asset objects reloaded before import = 0
Number of asset objects unloaded after import = 0
========================================================================
Received Import Request.
  Time of request: 2026-09-30T12:28:09.0852574Z
  Time since last request: 0.0005415 seconds.
  importAddress: GUID: b217cb060732b439ab2575423ca7eb5d - Path: Packages/com.unity.visualscripting/Runtime/VisualScripting.Core/Graphs/GraphPointerException.cs - Importer: ScriptedImporter/UnityEditor.QuickSearchModule:UnityEditor.Search:ASIAI0B
Importing 'GUID: b217cb060732b439ab2575423ca7eb5d - Path: Packages/com.unity.visualscripting/Runtime/VisualScripting.Core/Graphs/GraphPointerException.cs - Importer: ScriptedImporter/UnityEditor.QuickSearchModule:UnityEditor.Search:ASIAI0B' with importer (ScriptedImporter : UnityEditor.QuickSearchModule:UnityEditor.Search:ASIAI0B)
Imported 'GUID: b217cb060732b439ab2575423ca7eb5d' -> (Import Result ID: 'd423ed384d0d8481e13ccb299431a27c') in 0.001 seconds [static and dynamic dependencies]. Details - ImportResultOutputID=59171419595e4d4881adde7047bdc286 DependenciesID=2bc02e712838ecd8ffdaa946c81c9f6a StaticDependenciesID=4d377541e507ba9b056ffd5c2f41a712 
Number of updated asset objects reloaded before import = 0
Number of asset objects unloaded after import = 0
========================================================================
Received Import Request.
  Time of request: 2026-09-30T12:28:09.0870025Z
  Time since last request: 0.0002533 seconds.
  importAddress: GUID: 82f21756470a44b4a9e0bb6021481946 - Path: Packages/com.unity.visualscripting/Runtime/VisualScripting.Core/Reflection/GenericClosingException.cs - Importer: ScriptedImporter/UnityEditor.QuickSearchModule:UnityEditor.Search:ASIAI0B
Importing 'GUID: 82f21756470a44b4a9e0bb6021481946 - Path: Packages/com.unity.visualscripting/Runtime/VisualScripting.Core/Reflection/GenericClosingException.cs - Importer: ScriptedImporter/UnityEditor.QuickSearchModule:UnityEditor.Search:ASIAI0B' with importer (ScriptedImporter : UnityEditor.QuickSearchModule:UnityEditor.Search:ASIAI0B)
Imported 'GUID: 82f21756470a44b4a9e0bb6021481946' -> (Import Result ID: '0efe33e651639ec0cc3eea6d6b69ae95') in 0.002 seconds [static and dynamic dependencies]. Details - ImportResultOutputID=0ff98fe1c124bf4c7f2a9647c8a1015c DependenciesID=7121be6a8b5195fae36f343a59f2002e StaticDependenciesID=b061fdbe2d0ee9e791e18fdc8f100ce1 
Number of updated asset objects reloaded before import = 0
Number of asset objects unloaded after import = 0
========================================================================
Received Import Request.
  Time of request: 2026-09-30T12:28:09.0890422Z
  Time since last request: 0.0002816 seconds.
  importAddress: GUID: 3285d7e90c0424169943385822822d8a - Path: Packages/com.unity.visualscripting/Runtime/VisualScripting.Core/Pooling/ManualPool.cs - Importer: ScriptedImporter/UnityEditor.QuickSearchModule:UnityEditor.Search:ASIAI0B
Importing 'GUID: 3285d7e90c0424169943385822822d8a - Path: Packages/com.unity.visualscripting/Runtime/VisualScripting.Core/Pooling/ManualPool.cs - Importer: ScriptedImporter/UnityEditor.QuickSearchModule:UnityEditor.Search:ASIAI0B' with importer (ScriptedImporter : UnityEditor.QuickSearchModule:UnityEditor.Search:ASIAI0B)
Imported 'GUID: 3285d7e90c0424169943385822822d8a' -> (Import Result ID: '8dd2315214315155659d759b80e5e39a') in 0.001 seconds [static and dynamic dependencies]. Details - ImportResultOutputID=0cd2309954a33dc266e534dc5994cb56 DependenciesID=c0a3e8c6a1fd5f27a7b2ac1861aa8040 StaticDependenciesID=f8cc634f73883073ea8021ac25ed15b7 
Number of updated asset objects reloaded before import = 0
Number of asset objects unloaded after import = 0
========================================================================
Received Import Request.
  Time of request: 2026-09-30T12:28:09.0906379Z
  Time since last request: 0.0002293 seconds.
  importAddress: GUID: 0f2e37837e186461599a6f4cdf5af046 - Path: Packages/com.unity.visualscripting/Runtime/VisualScripting.Core/Properties/AssemblyInfo.cs - Importer: ScriptedImporter/UnityEditor.QuickSearchModule:UnityEditor.Search:ASIAI0B
Importing 'GUID: 0f2e37837e186461599a6f4cdf5af046 - Path: Packages/com.unity.visualscripting/Runtime/VisualScripting.Core/Properties/AssemblyInfo.cs - Importer: ScriptedImporter/UnityEditor.QuickSearchModule:UnityEditor.Search:ASIAI0B' with importer (ScriptedImporter : UnityEditor.QuickSearchModule:UnityEditor.Search:ASIAI0B)
Imported 'GUID: 0f2e37837e186461599a6f4cdf5af046' -> (Import Result ID: 'ac2db33ee79bcc5702576c18cfb6f794') in 0.001 seconds [static and dynamic dependencies]. Details - ImportResultOutputID=fa2c5b559eae13018bfdc40f5ac5b6f6 DependenciesID=8b322f13710c5632d6a37c4a71d398f7 StaticDependenciesID=c92789f6eb61d90715bc1f9b2d39f71b 
Number of updated asset objects reloaded before import = 0
Number of asset objects unloaded after import = 0
========================================================================
Received Import Request.
  Time of request: 2026-09-30T12:28:09.0925719Z
  Time since last request: 0.0004862 seconds.
  importAddress: GUID: aac53a58d9e78493d916ada4ed9e309e - Path: Packages/com.unity.visualscripting/Runtime/VisualScripting.Core/Graphs/IGraphElementData.cs - Importer: ScriptedImporter/UnityEditor.QuickSearchModule:UnityEditor.Search:ASIAI0B
Importing 'GUID: aac53a58d9e78493d916ada4ed9e309e - Path: Packages/com.unity.visualscripting/Runtime/VisualScripting.Core/Graphs/IGraphElementData.cs - Importer: ScriptedImporter/UnityEditor.QuickSearchModule:UnityEditor.Search:ASIAI0B' with importer (ScriptedImporter : UnityEditor.QuickSearchModule:UnityEditor.Search:ASIAI0B)
Imported 'GUID: aac53a58d9e78493d916ada4ed9e309e' -> (Import Result ID: 'f847725c70da2fbbcdb0539baad7581e') in 0.003 seconds [static and dynamic dependencies]. Details - ImportResultOutputID=dcac25ab951091cef901141f0102dfd2 DependenciesID=323e98032dc1c74ba85c24319a65b387 StaticDependenciesID=a39d2963501ad92672b2466e21aeaa37 
Number of updated asset objects reloaded before import = 0
Number of asset objects unloaded after import = 0
========================================================================
Received Import Request.
  Time of request: 2026-09-30T12:28:09.0961182Z
  Time since last request: 0.0003212 seconds.
  importAddress: GUID: 5faf689298912435b9ba1070bfec8484 - Path: Packages/com.unity.visualscripting/Runtime/VisualScripting.Core/Listeners/UnityMessageListener.cs - Importer: ScriptedImporter/UnityEditor.QuickSearchModule:UnityEditor.Search:ASIAI0B
Importing 'GUID: 5faf689298912435b9ba1070bfec8484 - Path: Packages/com.unity.visualscripting/Runtime/VisualScripting.Core/Listeners/UnityMessageListener.cs - Importer: ScriptedImporter/UnityEditor.QuickSearchModule:UnityEditor.Search:ASIAI0B' with importer (ScriptedImporter : UnityEditor.QuickSearchModule:UnityEditor.Search:ASIAI0B)
Imported 'GUID: 5faf689298912435b9ba1070bfec8484' -> (Import Result ID: '8ab60bde8d1ce59c36c810851387db04') in 0.002 seconds [static and dynamic dependencies]. Details - ImportResultOutputID=366fe82bcfe9960a51380e9d54a46e5a DependenciesID=ffcec34d2fba04a7e6e804b156cacda4 StaticDependenciesID=cff4c743b16c46f9da446dc06795f83c 
Number of updated asset objects reloaded before import = 0
Number of asset objects unloaded after import = 1
========================================================================
Received Import Request.
  Time of request: 2026-09-30T12:28:09.0991311Z
  Time since last request: 0.0004904 seconds.
  importAddress: GUID: 55b94feb6833e4cb4a7f7ed332598d2d - Path: Packages/com.unity.visualscripting/Runtime/VisualScripting.Core/Graphs/IGraphRoot.cs - Importer: ScriptedImporter/UnityEditor.QuickSearchModule:UnityEditor.Search:ASIAI0B
Importing 'GUID: 55b94feb6833e4cb4a7f7ed332598d2d - Path: Packages/com.unity.visualscripting/Runtime/VisualScripting.Core/Graphs/IGraphRoot.cs - Importer: ScriptedImporter/UnityEditor.QuickSearchModule:UnityEditor.Search:ASIAI0B' with importer (ScriptedImporter : UnityEditor.QuickSearchModule:UnityEditor.Search:ASIAI0B)
Imported 'GUID: 55b94feb6833e4cb4a7f7ed332598d2d' -> (Import Result ID: '6a748c687d2653370757cd8baebc6399') in 0.002 seconds [static and dynamic dependencies]. Details - ImportResultOutputID=55c5bb6070dbb8415ae9cb461aefa9ba DependenciesID=fbb8cb1370a9232ef6693d24daf5b5a4 StaticDependenciesID=6c76110d9311172fea157fd02f57fc7d 
Number of updated asset objects reloaded before import = 0
Number of asset objects unloaded after import = 0
========================================================================
Received Import Request.
  Time of request: 2026-09-30T12:28:09.1017572Z
  Time since last request: 0.0004692 seconds.
  importAddress: GUID: e82ba0da11a744d4aa13044f972bf8f0 - Path: Packages/com.unity.visualscripting/Runtime/VisualScripting.Core/Graphs/GraphData.cs - Importer: ScriptedImporter/UnityEditor.QuickSearchModule:UnityEditor.Search:ASIAI0B
Importing 'GUID: e82ba0da11a744d4aa13044f972bf8f0 - Path: Packages/com.unity.visualscripting/Runtime/VisualScripting.Core/Graphs/GraphData.cs - Importer: ScriptedImporter/UnityEditor.QuickSearchModule:UnityEditor.Search:ASIAI0B' with importer (ScriptedImporter : UnityEditor.QuickSearchModule:UnityEditor.Search:ASIAI0B)
Imported 'GUID: e82ba0da11a744d4aa13044f972bf8f0' -> (Import Result ID: '40c41ce2105c2fa6c0deb5dbf56ad99c') in 0.002 seconds [static and dynamic dependencies]. Details - ImportResultOutputID=5395bc7d3916534c910253a6bb3f6d93 DependenciesID=b8393097e380443d88057da3a67bd507 StaticDependenciesID=e15141dde2a36cf0e007fd57ab6fceba 
Number of updated asset objects reloaded before import = 0
Number of asset objects unloaded after import = 0
========================================================================
Received Import Request.
  Time of request: 2026-09-30T12:28:09.1041625Z
  Time since last request: 0.0002213 seconds.
  importAddress: GUID: 92c60cd2ee9a34aad9589f1acd79ed02 - Path: Packages/com.unity.visualscripting/Runtime/VisualScripting.Core/Listeners/GlobalMessageListener.cs - Importer: ScriptedImporter/UnityEditor.QuickSearchModule:UnityEditor.Search:ASIAI0B
Importing 'GUID: 92c60cd2ee9a34aad9589f1acd79ed02 - Path: Packages/com.unity.visualscripting/Runtime/VisualScripting.Core/Listeners/GlobalMessageListener.cs - Importer: ScriptedImporter/UnityEditor.QuickSearchModule:UnityEditor.Search:ASIAI0B' with importer (ScriptedImporter : UnityEditor.QuickSearchModule:UnityEditor.Search:ASIAI0B)
Imported 'GUID: 92c60cd2ee9a34aad9589f1acd79ed02' -> (Import Result ID: '20f50d10b99ebec7cb1591a3c61cd756') in 0.002 seconds [static and dynamic dependencies]. Details - ImportResultOutputID=8d30f225c1fffbc89d4f16e9290b44b0 DependenciesID=60f23f4c55af634a31aab772098d7bd4 StaticDependenciesID=79706dee127b63983bb3468d7eb1a1e9 
Number of updated asset objects reloaded before import = 0
Number of asset objects unloaded after import = 1
========================================================================
Received Import Request.
  Time of request: 2026-09-30T12:28:09.106512Z
  Time since last request: 0.0002721 seconds.
  importAddress: GUID: 44ee32ab645b1426bbe97848d0f17b67 - Path: Packages/com.unity.visualscripting/Runtime/VisualScripting.Core/Pooling/IPoolable.cs - Importer: ScriptedImporter/UnityEditor.QuickSearchModule:UnityEditor.Search:ASIAI0B
Importing 'GUID: 44ee32ab645b1426bbe97848d0f17b67 - Path: Packages/com.unity.visualscripting/Runtime/VisualScripting.Core/Pooling/IPoolable.cs - Importer: ScriptedImporter/UnityEditor.QuickSearchModule:UnityEditor.Search:ASIAI0B' with importer (ScriptedImporter : UnityEditor.QuickSearchModule:UnityEditor.Search:ASIAI0B)
Imported 'GUID: 44ee32ab645b1426bbe97848d0f17b67' -> (Import Result ID: '919c285ae6843a5a0d3d0495f701d06f') in 0.002 seconds [static and dynamic dependencies]. Details - ImportResultOutputID=bd48f02c6e38110a2be21dfb2d3ec72b DependenciesID=430ac38e43700e7eecfb5a41e3f2c225 StaticDependenciesID=d00f5032bd4f194882e0eb271d397ec0 
Number of updated asset objects reloaded before import = 0
Number of asset objects unloaded after import = 0
========================================================================
Received Import Request.
  Time of request: 2026-09-30T12:28:09.1084978Z
  Time since last request: 0.0002494 seconds.
  importAddress: GUID: c5795dc78e5854c17819ad00986647fb - Path: Packages/com.unity.visualscripting/Runtime/VisualScripting.Core/Reflection/ActionDirection.cs - Importer: ScriptedImporter/UnityEditor.QuickSearchModule:UnityEditor.Search:ASIAI0B
Importing 'GUID: c5795dc78e5854c17819ad00986647fb - Path: Packages/com.unity.visualscripting/Runtime/VisualScripting.Core/Reflection/ActionDirection.cs - Importer: ScriptedImporter/UnityEditor.QuickSearchModule:UnityEditor.Search:ASIAI0B' with importer (ScriptedImporter : UnityEditor.QuickSearchModule:UnityEditor.Search:ASIAI0B)
Imported 'GUID: c5795dc78e5854c17819ad00986647fb' -> (Import Result ID: '76c37180898f8675c0e7047bcfc8889a') in 0.001 seconds [static and dynamic dependencies]. Details - ImportResultOutputID=a0b22d12a9bde7c72cea0cd3a0335692 DependenciesID=31fdef87628c7b0989b11e434f050f13 StaticDependenciesID=d77c52593ea1a69fd28936f40a650fd6 
Number of updated asset objects reloaded before import = 0
Number of asset objects unloaded after import = 0
========================================================================
Received Import Request.
  Time of request: 2026-09-30T12:28:09.1104105Z
  Time since last request: 0.0003325 seconds.
  importAddress: GUID: 33947f447eea3434e9c61e7975f2c9b5 - Path: Packages/com.unity.visualscripting/Runtime/VisualScripting.Core/Graphs/GraphStack.cs - Importer: ScriptedImporter/UnityEditor.QuickSearchModule:UnityEditor.Search:ASIAI0B
Importing 'GUID: 33947f447eea3434e9c61e7975f2c9b5 - Path: Packages/com.unity.visualscripting/Runtime/VisualScripting.Core/Graphs/GraphStack.cs - Importer: ScriptedImporter/UnityEditor.QuickSearchModule:UnityEditor.Search:ASIAI0B' with importer (ScriptedImporter : UnityEditor.QuickSearchModule:UnityEditor.Search:ASIAI0B)
Imported 'GUID: 33947f447eea3434e9c61e7975f2c9b5' -> (Import Result ID: 'ee5cbed2f8b5863b43b930a6a6f2a3b0') in 0.001 seconds [static and dynamic dependencies]. Details - ImportResultOutputID=b091085f21779a9222a78d889402415a DependenciesID=c478371bb670da73eea8ee28a4196fc2 StaticDependenciesID=093e6b4f17a8f74108939fc43d931623 
Number of updated asset objects reloaded before import = 0
Number of asset objects unloaded after import = 0
========================================================================
Received Import Request.
  Time of request: 2026-09-30T12:28:09.1122735Z
  Time since last request: 0.0003619 seconds.
  importAddress: GUID: 647aea73c3dcd42329217119e305ea8a - Path: Packages/com.unity.visualscripting/Runtime/VisualScripting.Core/Pooling/ListPool.cs - Importer: ScriptedImporter/UnityEditor.QuickSearchModule:UnityEditor.Search:ASIAI0B
Importing 'GUID: 647aea73c3dcd42329217119e305ea8a - Path: Packages/com.unity.visualscripting/Runtime/VisualScripting.Core/Pooling/ListPool.cs - Importer: ScriptedImporter/UnityEditor.QuickSearchModule:UnityEditor.Search:ASIAI0B' with importer (ScriptedImporter : UnityEditor.QuickSearchModule:UnityEditor.Search:ASIAI0B)
Imported 'GUID: 647aea73c3dcd42329217119e305ea8a' -> (Import Result ID: '7c011db4ec55da7261adf7ff29bf2988') in 0.002 seconds [static and dynamic dependencies]. Details - ImportResultOutputID=c84924a2718bbab59d3c2541ff665ffa DependenciesID=2bc59b7223f0e87077b566e400ea3e79 StaticDependenciesID=f39cdf0ab0cd6db3b6b1dac764f141eb 
Number of updated asset objects reloaded before import = 0
Number of asset objects unloaded after import = 0
========================================================================
Received Import Request.
  Time of request: 2026-09-30T12:28:09.1146Z
  Time since last request: 0.0005344 seconds.
  importAddress: GUID: 35e9f44c540fa4c21ae094155fec787e - Path: Packages/com.unity.visualscripting/Runtime/VisualScripting.Core/Listeners/IGraphEventListenerData.cs - Importer: ScriptedImporter/UnityEditor.QuickSearchModule:UnityEditor.Search:ASIAI0B
Importing 'GUID: 35e9f44c540fa4c21ae094155fec787e - Path: Packages/com.unity.visualscripting/Runtime/VisualScripting.Core/Listeners/IGraphEventListenerData.cs - Importer: ScriptedImporter/UnityEditor.QuickSearchModule:UnityEditor.Search:ASIAI0B' with importer (ScriptedImporter : UnityEditor.QuickSearchModule:UnityEditor.Search:ASIAI0B)
Imported 'GUID: 35e9f44c540fa4c21ae094155fec787e' -> (Import Result ID: 'b08c3632d1d2c45ee2586af96a8c478d') in 0.002 seconds [static and dynamic dependencies]. Details - ImportResultOutputID=467333b38b538d89c742906b78e0a27d DependenciesID=af1495542a09c4ddae38c9690da5fcb6 StaticDependenciesID=b60b73014a30582af72972678994229f 
Number of updated asset objects reloaded before import = 0
Number of asset objects unloaded after import = 0
========================================================================
Received Import Request.
  Time of request: 2026-09-30T12:28:09.1171403Z
  Time since last request: 0.0003478 seconds.
  importAddress: GUID: 3a656fa083d90402ebf3ceeed4ac1831 - Path: Packages/com.unity.visualscripting/Runtime/VisualScripting.Core/Platforms/AotIncompatibleAttribute.cs - Importer: ScriptedImporter/UnityEditor.QuickSearchModule:UnityEditor.Search:ASIAI0B
Importing 'GUID: 3a656fa083d90402ebf3ceeed4ac1831 - Path: Packages/com.unity.visualscripting/Runtime/VisualScripting.Core/Platforms/AotIncompatibleAttribute.cs - Importer: ScriptedImporter/UnityEditor.QuickSearchModule:UnityEditor.Search:ASIAI0B' with importer (ScriptedImporter : UnityEditor.QuickSearchModule:UnityEditor.Search:ASIAI0B)
Imported 'GUID: 3a656fa083d90402ebf3ceeed4ac1831' -> (Import Result ID: '79b599a8dd23af283c176296211115c1') in 0.002 seconds [static and dynamic dependencies]. Details - ImportResultOutputID=8abda0c3e36dde67fb47a08e0b15f17d DependenciesID=cec9a4c21c4c88b2036f400488a13f4e StaticDependenciesID=9a2054d92855b9c70b4ef068111d596e 
Number of updated asset objects reloaded before import = 0
Number of asset objects unloaded after import = 0
========================================================================
Received Import Request.
  Time of request: 2026-09-30T12:28:09.119298Z
  Time since last request: 0.0002978 seconds.
  importAddress: GUID: 56ea34a1497c84735913b875ba6c54cf - Path: Packages/com.unity.visualscripting/Runtime/VisualScripting.Core/Pooling/GenericPool.cs - Importer: ScriptedImporter/UnityEditor.QuickSearchModule:UnityEditor.Search:ASIAI0B
Importing 'GUID: 56ea34a1497c84735913b875ba6c54cf - Path: Packages/com.unity.visualscripting/Runtime/VisualScripting.Core/Pooling/GenericPool.cs - Importer: ScriptedImporter/UnityEditor.QuickSearchModule:UnityEditor.Search:ASIAI0B' with importer (ScriptedImporter : UnityEditor.QuickSearchModule:UnityEditor.Search:ASIAI0B)
Imported 'GUID: 56ea34a1497c84735913b875ba6c54cf' -> (Import Result ID: 'ad498ff071779873224d8f61803d0705') in 0.002 seconds [static and dynamic dependencies]. Details - ImportResultOutputID=8f6c600d1963d7fe0d056ee1d832c4a2 DependenciesID=6bdaf008a89c33b65c3e183f30a7e7e8 StaticDependenciesID=0a27bd4b766b0a7cf9dcb69d663385b7 
Number of updated asset objects reloaded before import = 0
Number of asset objects unloaded after import = 0
========================================================================
Received Import Request.
  Time of request: 2026-09-30T12:28:09.1213812Z
  Time since last request: 0.0002858 seconds.
  importAddress: GUID: df194c6a0ebd14f2b9e5debcd26784ee - Path: Packages/com.unity.visualscripting/Runtime/VisualScripting.Core/Machines/IMachine.cs - Importer: ScriptedImporter/UnityEditor.QuickSearchModule:UnityEditor.Search:ASIAI0B
Importing 'GUID: df194c6a0ebd14f2b9e5debcd26784ee - Path: Packages/com.unity.visualscripting/Runtime/VisualScripting.Core/Machines/IMachine.cs - Importer: ScriptedImporter/UnityEditor.QuickSearchModule:UnityEditor.Search:ASIAI0B' with importer (ScriptedImporter : UnityEditor.QuickSearchModule:UnityEditor.Search:ASIAI0B)
Imported 'GUID: df194c6a0ebd14f2b9e5debcd26784ee' -> (Import Result ID: '02b061b33802db607ffd0526d8c79646') in 0.002 seconds [static and dynamic dependencies]. Details - ImportResultOutputID=df1583e31730ad4b09a884a3bd510942 DependenciesID=8fd96fa076abecd77a1dfa49290adc76 StaticDependenciesID=b47fa50a83793e446372be70dd20407d 
Number of updated asset objects reloaded before import = 0
Number of asset objects unloaded after import = 0
========================================================================
Received Import Request.
  Time of request: 2026-09-30T12:28:09.1238413Z
  Time since last request: 0.0002843 seconds.
  importAddress: GUID: 9cabf1f594a6040b5b185332031bb80e - Path: Packages/com.unity.visualscripting/Runtime/VisualScripting.Core/Machines/Machine.cs - Importer: ScriptedImporter/UnityEditor.QuickSearchModule:UnityEditor.Search:ASIAI0B
Importing 'GUID: 9cabf1f594a6040b5b185332031bb80e - Path: Packages/com.unity.visualscripting/Runtime/VisualScripting.Core/Machines/Machine.cs - Importer: ScriptedImporter/UnityEditor.QuickSearchModule:UnityEditor.Search:ASIAI0B' with importer (ScriptedImporter : UnityEditor.QuickSearchModule:UnityEditor.Search:ASIAI0B)
Imported 'GUID: 9cabf1f594a6040b5b185332031bb80e' -> (Import Result ID: 'ee855f6ae4b17bec8146f8fe614c668c') in 0.001 seconds [static and dynamic dependencies]. Details - ImportResultOutputID=958158b4d479ce97abf24a745af4ed35 DependenciesID=4c7758d79bcde71bbd4adf5a685fda94 StaticDependenciesID=7120213db9ee3b2a74ffd37649868ec8 
Number of updated asset objects reloaded before import = 0
Number of asset objects unloaded after import = 0
========================================================================
Received Import Request.
  Time of request: 2026-09-30T12:28:09.1425672Z
  Time since last request: 0.0172374 seconds.
  importAddress: GUID: 552f45a311fac42f8906935140290279 - Path: Packages/com.unity.visualscripting/Runtime/VisualScripting.Core/Unity/LudiqBehaviour.cs - Importer: ScriptedImporter/UnityEditor.QuickSearchModule:UnityEditor.Search:ASIAI0B
Importing 'GUID: 552f45a311fac42f8906935140290279 - Path: Packages/com.unity.visualscripting/Runtime/VisualScripting.Core/Unity/LudiqBehaviour.cs - Importer: ScriptedImporter/UnityEditor.QuickSearchModule:UnityEditor.Search:ASIAI0B' with importer (ScriptedImporter : UnityEditor.QuickSearchModule:UnityEditor.Search:ASIAI0B)
Imported 'GUID: 552f45a311fac42f8906935140290279' -> (Import Result ID: '812ee2f2217e4939e27dbcdee401f67b') in 0.002 seconds [static and dynamic dependencies]. Details - ImportResultOutputID=29e88870147f0619faac72ea11323160 DependenciesID=34f80df3eb7e68caab18df129f68420b StaticDependenciesID=ca0119327cf7a3e07c6383c0b10d58db 
Number of updated asset objects reloaded before import = 0
Number of asset objects unloaded after import = 0
========================================================================
Received Import Request.
  Time of request: 2026-09-30T12:28:09.1456341Z
  Time since last request: 0.0006882 seconds.
  importAddress: GUID: 7f804b6c44a294916b0052bae34a42b7 - Path: Packages/com.unity.visualscripting/Runtime/VisualScripting.Core/Utilities/ExceptionUtility.cs - Importer: ScriptedImporter/UnityEditor.QuickSearchModule:UnityEditor.Search:ASIAI0B
Importing 'GUID: 7f804b6c44a294916b0052bae34a42b7 - Path: Packages/com.unity.visualscripting/Runtime/VisualScripting.Core/Utilities/ExceptionUtility.cs - Importer: ScriptedImporter/UnityEditor.QuickSearchModule:UnityEditor.Search:ASIAI0B' with importer (ScriptedImporter : UnityEditor.QuickSearchModule:UnityEditor.Search:ASIAI0B)
Imported 'GUID: 7f804b6c44a294916b0052bae34a42b7' -> (Import Result ID: '036d148546b75ad27a4c8471f7a57bf6') in 0.002 seconds [static and dynamic dependencies]. Details - ImportResultOutputID=442d5a52b4965d903ef8dbc457266343 DependenciesID=e4bc26b75871bc9e5536a131e8709e60 StaticDependenciesID=83ef09adbd975b180e0efbb36f3b494a 
Number of updated asset objects reloaded before import = 0
Number of asset objects unloaded after import = 0
========================================================================
Received Import Request.
  Time of request: 2026-09-30T12:28:09.1483015Z
  Time since last request: 0.0004939 seconds.
  importAddress: GUID: 9ed846b2a34e5470fae51b61586f2190 - Path: Packages/com.unity.visualscripting/Runtime/VisualScripting.Core/Serialization/SerializationVersionAttribute.cs - Importer: ScriptedImporter/UnityEditor.QuickSearchModule:UnityEditor.Search:ASIAI0B
Importing 'GUID: 9ed846b2a34e5470fae51b61586f2190 - Path: Packages/com.unity.visualscripting/Runtime/VisualScripting.Core/Serialization/SerializationVersionAttribute.cs - Importer: ScriptedImporter/UnityEditor.QuickSearchModule:UnityEditor.Search:ASIAI0B' with importer (ScriptedImporter : UnityEditor.QuickSearchModule:UnityEditor.Search:ASIAI0B)
Imported 'GUID: 9ed846b2a34e5470fae51b61586f2190' -> (Import Result ID: '4cea146fa5974ed0ae7a7f626eb91613') in 0.002 seconds [static and dynamic dependencies]. Details - ImportResultOutputID=6eae0f5ed8f9e4808365cb6626e98356 DependenciesID=b8f081058552d200c48d17fc8fc017ec StaticDependenciesID=3ce26dcd1c535d79174a63f23d49b79b 
Number of updated asset objects reloaded before import = 0
Number of asset objects unloaded after import = 0
========================================================================
Received Import Request.
  Time of request: 2026-09-30T12:28:09.1511649Z
  Time since last request: 0.0002982 seconds.
  importAddress: GUID: 5510687ee5c3845e3915224bb868c9f2 - Path: Packages/com.unity.visualscripting/Runtime/VisualScripting.Core/Unity/MacroScriptableObject.cs - Importer: ScriptedImporter/UnityEditor.QuickSearchModule:UnityEditor.Search:ASIAI0B
Importing 'GUID: 5510687ee5c3845e3915224bb868c9f2 - Path: Packages/com.unity.visualscripting/Runtime/VisualScripting.Core/Unity/MacroScriptableObject.cs - Importer: ScriptedImporter/UnityEditor.QuickSearchModule:UnityEditor.Search:ASIAI0B' with importer (ScriptedImporter : UnityEditor.QuickSearchModule:UnityEditor.Search:ASIAI0B)
Imported 'GUID: 5510687ee5c3845e3915224bb868c9f2' -> (Import Result ID: '73462f541aed0b7784330731e9e526e3') in 0.002 seconds [static and dynamic dependencies]. Details - ImportResultOutputID=0ddb92a5551090f3c0c1eb08c9c839ae DependenciesID=e90bfab2464a6e758f54bdddc8f29a34 StaticDependenciesID=67211e2df0f9243c592ed1d1da240e8a 
Number of updated asset objects reloaded before import = 0
Number of asset objects unloaded after import = 0
========================================================================
Received Import Request.
  Time of request: 2026-09-30T12:28:09.1537145Z
  Time since last request: 0.0008497 seconds.
  importAddress: GUID: db30954ac2e284a7390463bc6ea7da20 - Path: Packages/com.unity.visualscripting/Runtime/VisualScripting.Core/Serialization/DoNotSerializeAttribute.cs - Importer: ScriptedImporter/UnityEditor.QuickSearchModule:UnityEditor.Search:ASIAI0B
Importing 'GUID: db30954ac2e284a7390463bc6ea7da20 - Path: Packages/com.unity.visualscripting/Runtime/VisualScripting.Core/Serialization/DoNotSerializeAttribute.cs - Importer: ScriptedImporter/UnityEditor.QuickSearchModule:UnityEditor.Search:ASIAI0B' with importer (ScriptedImporter : UnityEditor.QuickSearchModule:UnityEditor.Search:ASIAI0B)
Imported 'GUID: db30954ac2e284a7390463bc6ea7da20' -> (Import Result ID: '8b17770622fcf8a4e326e4b7329990c6') in 0.002 seconds [static and dynamic dependencies]. Details - ImportResultOutputID=d224ff4e32c6c429f414deaa960af1be DependenciesID=95b6ec524bbda459ce9b4714fc04b051 StaticDependenciesID=15ba195a0cde358c9bae43b03a32b20d 
Number of updated asset objects reloaded before import = 0
Number of asset objects unloaded after import = 0
========================================================================
Received Import Request.
  Time of request: 2026-09-30T12:28:09.155977Z
  Time since last request: 0.0005001 seconds.
  importAddress: GUID: 28f68b4d087241c5b91fe67f0dd234f9 - Path: Packages/com.unity.visualscripting/Runtime/VisualScripting.Core/Serialization/SerializableType.cs - Importer: ScriptedImporter/UnityEditor.QuickSearchModule:UnityEditor.Search:ASIAI0B
Importing 'GUID: 28f68b4d087241c5b91fe67f0dd234f9 - Path: Packages/com.unity.visualscripting/Runtime/VisualScripting.Core/Serialization/SerializableType.cs - Importer: ScriptedImporter/UnityEditor.QuickSearchModule:UnityEditor.Search:ASIAI0B' with importer (ScriptedImporter : UnityEditor.QuickSearchModule:UnityEditor.Search:ASIAI0B)
Imported 'GUID: 28f68b4d087241c5b91fe67f0dd234f9' -> (Import Result ID: 'bfe030c799e48cd486a31eb7ca76f645') in 0.002 seconds [static and dynamic dependencies]. Details - ImportResultOutputID=1210207cf3d93bcea7575b95e073687a DependenciesID=8698ca8266070aa433f92a4ef033b9e7 StaticDependenciesID=755887a247c9acf496638d12400a22d2 
Number of updated asset objects reloaded before import = 0
Number of asset objects unloaded after import = 0
========================================================================
Received Import Request.
  Time of request: 2026-09-30T12:28:09.1579298Z
  Time since last request: 0.0002586 seconds.
  importAddress: GUID: c2ec8389736ca49ecb53889bb7635509 - Path: Packages/com.unity.visualscripting/Runtime/VisualScripting.Core/Unity/SceneSingleton.cs - Importer: ScriptedImporter/UnityEditor.QuickSearchModule:UnityEditor.Search:ASIAI0B
Importing 'GUID: c2ec8389736ca49ecb53889bb7635509 - Path: Packages/com.unity.visualscripting/Runtime/VisualScripting.Core/Unity/SceneSingleton.cs - Importer: ScriptedImporter/UnityEditor.QuickSearchModule:UnityEditor.Search:ASIAI0B' with importer (ScriptedImporter : UnityEditor.QuickSearchModule:UnityEditor.Search:ASIAI0B)
Imported 'GUID: c2ec8389736ca49ecb53889bb7635509' -> (Import Result ID: '07d67113469a5f085fbe52e7abd666db') in 0.001 seconds [static and dynamic dependencies]. Details - ImportResultOutputID=70cd7f78e72503fc61b66445a8474463 DependenciesID=3fc0240e62df05ed144a259b4f5155bf StaticDependenciesID=12007d7606874108b106e17a7ccb0bb1 
Number of updated asset objects reloaded before import = 0
Number of asset objects unloaded after import = 0
========================================================================
Received Import Request.
  Time of request: 2026-09-30T12:28:09.1597223Z
  Time since last request: 0.0002659 seconds.
  importAddress: GUID: 628d9148413e5487f8a67004133213e4 - Path: Packages/com.unity.visualscripting/Runtime/VisualScripting.Core/Reflection/Member.cs - Importer: ScriptedImporter/UnityEditor.QuickSearchModule:UnityEditor.Search:ASIAI0B
Importing 'GUID: 628d9148413e5487f8a67004133213e4 - Path: Packages/com.unity.visualscripting/Runtime/VisualScripting.Core/Reflection/Member.cs - Importer: ScriptedImporter/UnityEditor.QuickSearchModule:UnityEditor.Search:ASIAI0B' with importer (ScriptedImporter : UnityEditor.QuickSearchModule:UnityEditor.Search:ASIAI0B)
Imported 'GUID: 628d9148413e5487f8a67004133213e4' -> (Import Result ID: '3feecae154014fb5f22fde563ba531db') in 0.002 seconds [static and dynamic dependencies]. Details - ImportResultOutputID=751a257c398c63d9143e1802a06aa0b0 DependenciesID=27f2d24d91c22d23a11eea9a5675d2af StaticDependenciesID=f5cf9664f87285be6d1bd6d62958123c 
Number of updated asset objects reloaded before import = 0
Number of asset objects unloaded after import = 0
========================================================================
Received Import Request.
  Time of request: 2026-09-30T12:28:09.1620432Z
  Time since last request: 0.0002711 seconds.
  importAddress: GUID: 848222a3967b845b48a00d1f58aaae70 - Path: Packages/com.unity.visualscripting/Runtime/VisualScripting.Core/Reflection/MemberFilter.cs - Importer: ScriptedImporter/UnityEditor.QuickSearchModule:UnityEditor.Search:ASIAI0B
Importing 'GUID: 848222a3967b845b48a00d1f58aaae70 - Path: Packages/com.unity.visualscripting/Runtime/VisualScripting.Core/Reflection/MemberFilter.cs - Importer: ScriptedImporter/UnityEditor.QuickSearchModule:UnityEditor.Search:ASIAI0B' with importer (ScriptedImporter : UnityEditor.QuickSearchModule:UnityEditor.Search:ASIAI0B)
Imported 'GUID: 848222a3967b845b48a00d1f58aaae70' -> (Import Result ID: 'a99850e19bb9a68dca9d2afd8d29532c') in 0.002 seconds [static and dynamic dependencies]. Details - ImportResultOutputID=b3f43117919f7c25d4d8ac46a9bae7a3 DependenciesID=77659e3f4f837c54299807334a227d45 StaticDependenciesID=282bc4307631551f3f7ed0c88aabd8af 
Number of updated asset objects reloaded before import = 0
Number of asset objects unloaded after import = 0
========================================================================
Received Import Request.
  Time of request: 2026-09-30T12:28:09.1640188Z
  Time since last request: 0.0002995 seconds.
  importAddress: GUID: 2bf083fefa4804a07b715e4d90f92861 - Path: Packages/com.unity.visualscripting/Runtime/VisualScripting.Core/Reflection/TypeFilter.cs - Importer: ScriptedImporter/UnityEditor.QuickSearchModule:UnityEditor.Search:ASIAI0B
Importing 'GUID: 2bf083fefa4804a07b715e4d90f92861 - Path: Packages/com.unity.visualscripting/Runtime/VisualScripting.Core/Reflection/TypeFilter.cs - Importer: ScriptedImporter/UnityEditor.QuickSearchModule:UnityEditor.Search:ASIAI0B' with importer (ScriptedImporter : UnityEditor.QuickSearchModule:UnityEditor.Search:ASIAI0B)
Imported 'GUID: 2bf083fefa4804a07b715e4d90f92861' -> (Import Result ID: '67778f8a293f364604532e3b254d54c7') in 0.002 seconds [static and dynamic dependencies]. Details - ImportResultOutputID=5523d471b5d2dd5205f0d7c41eecaacd DependenciesID=49d5e132fdaee6d6e1bf9c52d2d2f614 StaticDependenciesID=d8de62038cf53f701e50dae3d3e739c1 
Number of updated asset objects reloaded before import = 0
Number of asset objects unloaded after import = 0
========================================================================
Received Import Request.
  Time of request: 2026-09-30T12:28:09.1663277Z
  Time since last request: 0.0003189 seconds.
  importAddress: GUID: 4e87565dfd6f14a4ba52932102776550 - Path: Packages/com.unity.visualscripting/Runtime/VisualScripting.Core/Reflection/TypeNameDetail.cs - Importer: ScriptedImporter/UnityEditor.QuickSearchModule:UnityEditor.Search:ASIAI0B
Importing 'GUID: 4e87565dfd6f14a4ba52932102776550 - Path: Packages/com.unity.visualscripting/Runtime/VisualScripting.Core/Reflection/TypeNameDetail.cs - Importer: ScriptedImporter/UnityEditor.QuickSearchModule:UnityEditor.Search:ASIAI0B' with importer (ScriptedImporter : UnityEditor.QuickSearchModule:UnityEditor.Search:ASIAI0B)
Imported 'GUID: 4e87565dfd6f14a4ba52932102776550' -> (Import Result ID: '0efd3024a18a816c88629f02c5f1bc40') in 0.002 seconds [static and dynamic dependencies]. Details - ImportResultOutputID=e51da106a9d59c8f1152a6e2596be195 DependenciesID=8063ed769d43d4fe96259843ffb3e8ab StaticDependenciesID=220f42581a5da3d5eb8678caaac9cc91 
Number of updated asset objects reloaded before import = 0
Number of asset objects unloaded after import = 0
========================================================================
Received Import Request.
  Time of request: 2026-09-30T12:28:09.1689166Z
  Time since last request: 0.0003151 seconds.
  importAddress: GUID: 20f1871733b204f68bf987b34eb48db9 - Path: Packages/com.unity.visualscripting/Runtime/VisualScripting.Core/Unity/ISingleton.cs - Importer: ScriptedImporter/UnityEditor.QuickSearchModule:UnityEditor.Search:ASIAI0B
Importing 'GUID: 20f1871733b204f68bf987b34eb48db9 - Path: Packages/com.unity.visualscripting/Runtime/VisualScripting.Core/Unity/ISingleton.cs - Importer: ScriptedImporter/UnityEditor.QuickSearchModule:UnityEditor.Search:ASIAI0B' with importer (ScriptedImporter : UnityEditor.QuickSearchModule:UnityEditor.Search:ASIAI0B)
Imported 'GUID: 20f1871733b204f68bf987b34eb48db9' -> (Import Result ID: '07ac4697de0e38ab6c99abe5e7f85e92') in 0.002 seconds [static and dynamic dependencies]. Details - ImportResultOutputID=2953e3851b74e6c2a71b12340a1c9205 DependenciesID=e3eab1839f590d884c65079b21f03361 StaticDependenciesID=fa5a99eb3d5f47ae80a9375608e80283 
Number of updated asset objects reloaded before import = 0
Number of asset objects unloaded after import = 0
========================================================================
Received Import Request.
  Time of request: 2026-09-30T12:28:09.1710674Z
  Time since last request: 0.0004247 seconds.
  importAddress: GUID: e6d26ae946da54f7494be766b3890929 - Path: Packages/com.unity.visualscripting/Runtime/VisualScripting.Core/Reflection/MemberUtility.cs - Importer: ScriptedImporter/UnityEditor.QuickSearchModule:UnityEditor.Search:ASIAI0B
Importing 'GUID: e6d26ae946da54f7494be766b3890929 - Path: Packages/com.unity.visualscripting/Runtime/VisualScripting.Core/Reflection/MemberUtility.cs - Importer: ScriptedImporter/UnityEditor.QuickSearchModule:UnityEditor.Search:ASIAI0B' with importer (ScriptedImporter : UnityEditor.QuickSearchModule:UnityEditor.Search:ASIAI0B)
Imported 'GUID: e6d26ae946da54f7494be766b3890929' -> (Import Result ID: 'ee7d353c58f28391b5ccdd44e7cad97b') in 0.001 seconds [static and dynamic dependencies]. Details - ImportResultOutputID=46b1cc173ca42aec08f6b682e2412399 DependenciesID=13c4999e88f490c36bea66dc7824bd21 StaticDependenciesID=30392127b4fddd370649c0fc8c1f387c 
Number of updated asset objects reloaded before import = 0
Number of asset objects unloaded after import = 0
========================================================================
Received Import Request.
  Time of request: 2026-09-30T12:28:09.1730068Z
  Time since last request: 0.000397 seconds.
  importAddress: GUID: d466a08d759134cb394b892eeaeabb85 - Path: Packages/com.unity.visualscripting/Runtime/VisualScripting.Core/Utilities/Recursion.cs - Importer: ScriptedImporter/UnityEditor.QuickSearchModule:UnityEditor.Search:ASIAI0B
Importing 'GUID: d466a08d759134cb394b892eeaeabb85 - Path: Packages/com.unity.visualscripting/Runtime/VisualScripting.Core/Utilities/Recursion.cs - Importer: ScriptedImporter/UnityEditor.QuickSearchModule:UnityEditor.Search:ASIAI0B' with importer (ScriptedImporter : UnityEditor.QuickSearchModule:UnityEditor.Search:ASIAI0B)
Imported 'GUID: d466a08d759134cb394b892eeaeabb85' -> (Import Result ID: '29cb64b8879f2e437ca2cf148f157303') in 0.002 seconds [static and dynamic dependencies]. Details - ImportResultOutputID=34f71ee85160021ecc4cd2a3e86258c7 DependenciesID=3f7b9b286ca8e883119d35138ff12c76 StaticDependenciesID=2898c459fdc500602c9917e084f0f889 
Number of updated asset objects reloaded before import = 0
Number of asset objects unloaded after import = 0
========================================================================
Received Import Request.
  Time of request: 2026-09-30T12:28:09.1756745Z
  Time since last request: 0.0002521 seconds.
  importAddress: GUID: cefc61f3b485d4f83b7932574b4b3130 - Path: Packages/com.unity.visualscripting/Runtime/VisualScripting.Core/Utilities/Empty.cs - Importer: ScriptedImporter/UnityEditor.QuickSearchModule:UnityEditor.Search:ASIAI0B
Importing 'GUID: cefc61f3b485d4f83b7932574b4b3130 - Path: Packages/com.unity.visualscripting/Runtime/VisualScripting.Core/Utilities/Empty.cs - Importer: ScriptedImporter/UnityEditor.QuickSearchModule:UnityEditor.Search:ASIAI0B' with importer (ScriptedImporter : UnityEditor.QuickSearchModule:UnityEditor.Search:ASIAI0B)
Imported 'GUID: cefc61f3b485d4f83b7932574b4b3130' -> (Import Result ID: 'bd1cef6fecea02e47608d8ceef5c886c') in 0.002 seconds [static and dynamic dependencies]. Details - ImportResultOutputID=eea1c6f83e4b5b55af6d55bdc63eaae2 DependenciesID=7521b8e49206bfafb4c09419ea731ebe StaticDependenciesID=ba6f6bc86f5508911e0288388adb407d 
Number of updated asset objects reloaded before import = 0
Number of asset objects unloaded after import = 0
========================================================================
Received Import Request.
  Time of request: 2026-09-30T12:28:09.1780509Z
  Time since last request: 0.0002612 seconds.
  importAddress: GUID: 16062f0adc1124e87806f87c109ad3ec - Path: Packages/com.unity.visualscripting/Runtime/VisualScripting.Core/SerializedProperties/SerializedPropertyProvider.cs - Importer: ScriptedImporter/UnityEditor.QuickSearchModule:UnityEditor.Search:ASIAI0B
Importing 'GUID: 16062f0adc1124e87806f87c109ad3ec - Path: Packages/com.unity.visualscripting/Runtime/VisualScripting.Core/SerializedProperties/SerializedPropertyProvider.cs - Importer: ScriptedImporter/UnityEditor.QuickSearchModule:UnityEditor.Search:ASIAI0B' with importer (ScriptedImporter : UnityEditor.QuickSearchModule:UnityEditor.Search:ASIAI0B)
Imported 'GUID: 16062f0adc1124e87806f87c109ad3ec' -> (Import Result ID: '5cf622a34e46e66f057c46720091bfce') in 0.002 seconds [static and dynamic dependencies]. Details - ImportResultOutputID=30d8f8deebff559ef1adce078c0d6499 DependenciesID=2b8762f91e5bfd06ae2ab4fc5f8f98b0 StaticDependenciesID=61959456029aa2ead3caa81d730dd736 
Number of updated asset objects reloaded before import = 0
Number of asset objects unloaded after import = 0
========================================================================
Received Import Request.
  Time of request: 2026-09-30T12:28:09.1805376Z
  Time since last request: 0.0002536 seconds.
  importAddress: GUID: 16c818a2cfc334b38b238142c08478ce - Path: Packages/com.unity.visualscripting/Runtime/VisualScripting.Core/Utilities/LinqUtility.cs - Importer: ScriptedImporter/UnityEditor.QuickSearchModule:UnityEditor.Search:ASIAI0B
Importing 'GUID: 16c818a2cfc334b38b238142c08478ce - Path: Packages/com.unity.visualscripting/Runtime/VisualScripting.Core/Utilities/LinqUtility.cs - Importer: ScriptedImporter/UnityEditor.QuickSearchModule:UnityEditor.Search:ASIAI0B' with importer (ScriptedImporter : UnityEditor.QuickSearchModule:UnityEditor.Search:ASIAI0B)
Imported 'GUID: 16c818a2cfc334b38b238142c08478ce' -> (Import Result ID: '2b7505512dc23feea8b350795d224e09') in 0.002 seconds [static and dynamic dependencies]. Details - ImportResultOutputID=7511979fb5e6d33557e4aced4b092058 DependenciesID=dd2f6d9774e8cc2aeab3cdb0f9da7f2c StaticDependenciesID=ab0d40c635e5af053d477e16ff9caa14 
Number of updated asset objects reloaded before import = 0
Number of asset objects unloaded after import = 0
========================================================================
Received Import Request.
  Time of request: 2026-09-30T12:28:09.1830658Z
  Time since last request: 0.0005087 seconds.
  importAddress: GUID: 8f0e86da875e743bab78f0094f19b1f7 - Path: Packages/com.unity.visualscripting/Runtime/VisualScripting.Core/Serialization/SerializeAttribute.cs - Importer: ScriptedImporter/UnityEditor.QuickSearchModule:UnityEditor.Search:ASIAI0B
Importing 'GUID: 8f0e86da875e743bab78f0094f19b1f7 - Path: Packages/com.unity.visualscripting/Runtime/VisualScripting.Core/Serialization/SerializeAttribute.cs - Importer: ScriptedImporter/UnityEditor.QuickSearchModule:UnityEditor.Search:ASIAI0B' with importer (ScriptedImporter : UnityEditor.QuickSearchModule:UnityEditor.Search:ASIAI0B)
Imported 'GUID: 8f0e86da875e743bab78f0094f19b1f7' -> (Import Result ID: '784a5575de587eba40d15dc9057b245d') in 0.002 seconds [static and dynamic dependencies]. Details - ImportResultOutputID=23ea49be6958dc46d1ee8bf124699337 DependenciesID=4c591bb022ea799ef9f895e0cd6ebe52 StaticDependenciesID=2bdd1e1a0cff4256306b02c923bd44dc 
Number of updated asset objects reloaded before import = 0
Number of asset objects unloaded after import = 0
========================================================================
Received Import Request.
  Time of request: 2026-09-30T12:28:09.185295Z
  Time since last request: 0.0002661 seconds.
  importAddress: GUID: 063c633d54a2c4cc39055f9f31c5824a - Path: Packages/com.unity.visualscripting/Runtime/VisualScripting.Core/Variables/IGraphDataWithVariables.cs - Importer: ScriptedImporter/UnityEditor.QuickSearchModule:UnityEditor.Search:ASIAI0B
Importing 'GUID: 063c633d54a2c4cc39055f9f31c5824a - Path: Packages/com.unity.visualscripting/Runtime/VisualScripting.Core/Variables/IGraphDataWithVariables.cs - Importer: ScriptedImporter/UnityEditor.QuickSearchModule:UnityEditor.Search:ASIAI0B' with importer (ScriptedImporter : UnityEditor.QuickSearchModule:UnityEditor.Search:ASIAI0B)
Imported 'GUID: 063c633d54a2c4cc39055f9f31c5824a' -> (Import Result ID: 'e8d460c3517b8a0cfa199956299a18cd') in 0.002 seconds [static and dynamic dependencies]. Details - ImportResultOutputID=3d37abb1561833d9cfaa6725c3b0cd2e DependenciesID=fa242e792d269b7edecf54b696c1e14b StaticDependenciesID=c2995acf2031bdaede3aab64c7e7b04d 
Number of updated asset objects reloaded before import = 0
Number of asset objects unloaded after import = 0
========================================================================
Received Import Request.
  Time of request: 2026-09-30T12:28:09.1877198Z
  Time since last request: 0.0004554 seconds.
  importAddress: GUID: ce4f0beaed75f4949a8bab86dd9acba7 - Path: Packages/com.unity.visualscripting/Runtime/VisualScripting.Core/StickyNote/StickyNote.cs - Importer: ScriptedImporter/UnityEditor.QuickSearchModule:UnityEditor.Search:ASIAI0B
Importing 'GUID: ce4f0beaed75f4949a8bab86dd9acba7 - Path: Packages/com.unity.visualscripting/Runtime/VisualScripting.Core/StickyNote/StickyNote.cs - Importer: ScriptedImporter/UnityEditor.QuickSearchModule:UnityEditor.Search:ASIAI0B' with importer (ScriptedImporter : UnityEditor.QuickSearchModule:UnityEditor.Search:ASIAI0B)
Imported 'GUID: ce4f0beaed75f4949a8bab86dd9acba7' -> (Import Result ID: '087563234d54e5e9d7bab9b8649dd69f') in 0.001 seconds [static and dynamic dependencies]. Details - ImportResultOutputID=ca1015534cbf843e5377aedfbd0111e0 DependenciesID=4aadc75b05168f27075856733dcdf41a StaticDependenciesID=3b973ae91dd1484f148086574afc5a20 
Number of updated asset objects reloaded before import = 0
Number of asset objects unloaded after import = 0
========================================================================
Received Import Request.
  Time of request: 2026-09-30T12:28:09.1897336Z
  Time since last request: 0.0004482 seconds.
  importAddress: GUID: ddc56ee1b48ba4e36ab04eb5d94716e4 - Path: Packages/com.unity.visualscripting/Runtime/VisualScripting.Core/SerializedProperties/SerializedPropertyProviderAttribute.cs - Importer: ScriptedImporter/UnityEditor.QuickSearchModule:UnityEditor.Search:ASIAI0B
Importing 'GUID: ddc56ee1b48ba4e36ab04eb5d94716e4 - Path: Packages/com.unity.visualscripting/Runtime/VisualScripting.Core/SerializedProperties/SerializedPropertyProviderAttribute.cs - Importer: ScriptedImporter/UnityEditor.QuickSearchModule:UnityEditor.Search:ASIAI0B' with importer (ScriptedImporter : UnityEditor.QuickSearchModule:UnityEditor.Search:ASIAI0B)
Imported 'GUID: ddc56ee1b48ba4e36ab04eb5d94716e4' -> (Import Result ID: 'e21f476404652deed4a5e38b94ed4bd3') in 0.002 seconds [static and dynamic dependencies]. Details - ImportResultOutputID=b53790cbdb0fb8ea0f582045759ed577 DependenciesID=1325155b8562aed88d058a7bcddde755 StaticDependenciesID=c03d480ee632481c2688d97135f39dd7 
Number of updated asset objects reloaded before import = 0
Number of asset objects unloaded after import = 0
========================================================================
Received Import Request.
  Time of request: 2026-09-30T12:28:09.192147Z
  Time since last request: 0.0004663 seconds.
  importAddress: GUID: 648b9d6f371f74db398aa1e83ea0f383 - Path: Packages/com.unity.visualscripting/Runtime/VisualScripting.Core/Utilities/OverrideStack.cs - Importer: ScriptedImporter/UnityEditor.QuickSearchModule:UnityEditor.Search:ASIAI0B
Importing 'GUID: 648b9d6f371f74db398aa1e83ea0f383 - Path: Packages/com.unity.visualscripting/Runtime/VisualScripting.Core/Utilities/OverrideStack.cs - Importer: ScriptedImporter/UnityEditor.QuickSearchModule:UnityEditor.Search:ASIAI0B' with importer (ScriptedImporter : UnityEditor.QuickSearchModule:UnityEditor.Search:ASIAI0B)
Imported 'GUID: 648b9d6f371f74db398aa1e83ea0f383' -> (Import Result ID: '844e89848997c9932570cfd8b396dbbe') in 0.002 seconds [static and dynamic dependencies]. Details - ImportResultOutputID=191b84335b56ae130d263dc5996197d2 DependenciesID=c667ba096959fcaf66c80a6132afa1cc StaticDependenciesID=99a6219b20cb8d246c67ca3dd1da23ce 
Number of updated asset objects reloaded before import = 0
Number of asset objects unloaded after import = 0
========================================================================
Received Import Request.
  Time of request: 2026-09-30T12:28:09.2105666Z
  Time since last request: 0.0162731 seconds.
  importAddress: GUID: bc18ef3f025fa46629333873a5c1e2a5 - Path: Packages/com.unity.visualscripting/Runtime/VisualScripting.Flow/EditorBinding/UnitSubtitleAttribute.cs - Importer: ScriptedImporter/UnityEditor.QuickSearchModule:UnityEditor.Search:ASIAI0B
Importing 'GUID: bc18ef3f025fa46629333873a5c1e2a5 - Path: Packages/com.unity.visualscripting/Runtime/VisualScripting.Flow/EditorBinding/UnitSubtitleAttribute.cs - Importer: ScriptedImporter/UnityEditor.QuickSearchModule:UnityEditor.Search:ASIAI0B' with importer (ScriptedImporter : UnityEditor.QuickSearchModule:UnityEditor.Search:ASIAI0B)
Imported 'GUID: bc18ef3f025fa46629333873a5c1e2a5' -> (Import Result ID: '459930d5f1c046f41360e12999f1926a') in 0.002 seconds [static and dynamic dependencies]. Details - ImportResultOutputID=c4d3b55848b047f36eda36c6861154dd DependenciesID=86b4f6ec2845f771b53c1178ee2bfd34 StaticDependenciesID=25eadef55c6fe1025ac508156c309722 
Number of updated asset objects reloaded before import = 0
Number of asset objects unloaded after import = 0
========================================================================
Received Import Request.
  Time of request: 2026-09-30T12:28:09.2138523Z
  Time since last request: 0.0007991 seconds.
  importAddress: GUID: 5dfeb3e9036204c09a5e01cd641ce670 - Path: Packages/com.unity.visualscripting/Runtime/VisualScripting.Flow/Ports/UnitPortCollection.cs - Importer: ScriptedImporter/UnityEditor.QuickSearchModule:UnityEditor.Search:ASIAI0B
Importing 'GUID: 5dfeb3e9036204c09a5e01cd641ce670 - Path: Packages/com.unity.visualscripting/Runtime/VisualScripting.Flow/Ports/UnitPortCollection.cs - Importer: ScriptedImporter/UnityEditor.QuickSearchModule:UnityEditor.Search:ASIAI0B' with importer (ScriptedImporter : UnityEditor.QuickSearchModule:UnityEditor.Search:ASIAI0B)
Imported 'GUID: 5dfeb3e9036204c09a5e01cd641ce670' -> (Import Result ID: '93c1b8d99672c4c6d57c64326cc75ba0') in 0.002 seconds [static and dynamic dependencies]. Details - ImportResultOutputID=eca598548f41df9afe3e8013201c04cc DependenciesID=84219e580306610871889eebdf8b8b93 StaticDependenciesID=617dc81bb9a7b330dfb93e4c5fdb7328 
Number of updated asset objects reloaded before import = 0
Number of asset objects unloaded after import = 0
========================================================================
Received Import Request.
  Time of request: 2026-09-30T12:28:09.2169986Z
  Time since last request: 0.0006178 seconds.
  importAddress: GUID: 52bd864b8af3845ac9f54bb7580284f6 - Path: Packages/com.unity.visualscripting/Runtime/VisualScripting.Flow/Ports/UnitPortDefinition.cs - Importer: ScriptedImporter/UnityEditor.QuickSearchModule:UnityEditor.Search:ASIAI0B
Importing 'GUID: 52bd864b8af3845ac9f54bb7580284f6 - Path: Packages/com.unity.visualscripting/Runtime/VisualScripting.Flow/Ports/UnitPortDefinition.cs - Importer: ScriptedImporter/UnityEditor.QuickSearchModule:UnityEditor.Search:ASIAI0B' with importer (ScriptedImporter : UnityEditor.QuickSearchModule:UnityEditor.Search:ASIAI0B)
Imported 'GUID: 52bd864b8af3845ac9f54bb7580284f6' -> (Import Result ID: 'a8ddfbb8669de182eb004ea01049ed6b') in 0.002 seconds [static and dynamic dependencies]. Details - ImportResultOutputID=3317c0e7d69a31876a66ecee03eb8e81 DependenciesID=b9fc1178f04d3e403184c4af0e202251 StaticDependenciesID=0d72037d409ea448089d0dd11c960fc1 
Number of updated asset objects reloaded before import = 0
Number of asset objects unloaded after import = 0
========================================================================
Received Import Request.
  Time of request: 2026-09-30T12:28:09.2196412Z
  Time since last request: 0.0002493 seconds.
  importAddress: GUID: e762a163978c84082924f89ccdd7dbf3 - Path: Packages/com.unity.visualscripting/Runtime/VisualScripting.Core/Variables/VariableDeclaration.cs - Importer: ScriptedImporter/UnityEditor.QuickSearchModule:UnityEditor.Search:ASIAI0B
Importing 'GUID: e762a163978c84082924f89ccdd7dbf3 - Path: Packages/com.unity.visualscripting/Runtime/VisualScripting.Core/Variables/VariableDeclaration.cs - Importer: ScriptedImporter/UnityEditor.QuickSearchModule:UnityEditor.Search:ASIAI0B' with importer (ScriptedImporter : UnityEditor.QuickSearchModule:UnityEditor.Search:ASIAI0B)
Imported 'GUID: e762a163978c84082924f89ccdd7dbf3' -> (Import Result ID: '8d5e6a9fc43ba234a847b55899a3a095') in 0.002 seconds [static and dynamic dependencies]. Details - ImportResultOutputID=0b4f63f072d899515b1c1f9ccf0dd6c1 DependenciesID=237392f6d02947f44891f7a5dffd3ef8 StaticDependenciesID=0e9b00f52245d3678c2e1ce5d61bd77d 
Number of updated asset objects reloaded before import = 0
Number of asset objects unloaded after import = 0
========================================================================
Received Import Request.
  Time of request: 2026-09-30T12:28:09.2220873Z
  Time since last request: 0.0003549 seconds.
  importAddress: GUID: 6d38468d5e2f9424c8c2a8b6000b290f - Path: Packages/com.unity.visualscripting/Runtime/VisualScripting.Flow/Ports/IUnitInvalidPort.cs - Importer: ScriptedImporter/UnityEditor.QuickSearchModule:UnityEditor.Search:ASIAI0B
Importing 'GUID: 6d38468d5e2f9424c8c2a8b6000b290f - Path: Packages/com.unity.visualscripting/Runtime/VisualScripting.Flow/Ports/IUnitInvalidPort.cs - Importer: ScriptedImporter/UnityEditor.QuickSearchModule:UnityEditor.Search:ASIAI0B' with importer (ScriptedImporter : UnityEditor.QuickSearchModule:UnityEditor.Search:ASIAI0B)
Imported 'GUID: 6d38468d5e2f9424c8c2a8b6000b290f' -> (Import Result ID: '6d50755caa75bdea45a9814e530a3eb9') in 0.002 seconds [static and dynamic dependencies]. Details - ImportResultOutputID=32b39b13c8d8b7b6ca6fe293863e6178 DependenciesID=f4b1589bda0b4748cf6a198ff77b4a06 StaticDependenciesID=a022326c1edf172ac435b01a86938793 
Number of updated asset objects reloaded before import = 0
Number of asset objects unloaded after import = 0
========================================================================
Received Import Request.
  Time of request: 2026-09-30T12:28:09.2243168Z
  Time since last request: 0.0005006 seconds.
  importAddress: GUID: 0f1343d6c8d3242ec84a6409f537028c - Path: Packages/com.unity.visualscripting/Runtime/VisualScripting.Flow/Ports/IUnitValuePortDefinition.cs - Importer: ScriptedImporter/UnityEditor.QuickSearchModule:UnityEditor.Search:ASIAI0B
Importing 'GUID: 0f1343d6c8d3242ec84a6409f537028c - Path: Packages/com.unity.visualscripting/Runtime/VisualScripting.Flow/Ports/IUnitValuePortDefinition.cs - Importer: ScriptedImporter/UnityEditor.QuickSearchModule:UnityEditor.Search:ASIAI0B' with importer (ScriptedImporter : UnityEditor.QuickSearchModule:UnityEditor.Search:ASIAI0B)
Imported 'GUID: 0f1343d6c8d3242ec84a6409f537028c' -> (Import Result ID: 'a953f5fac9d5d72a242dfbafdf72d3a6') in 0.002 seconds [static and dynamic dependencies]. Details - ImportResultOutputID=d40ef34be5df0724b1de565446ff227d DependenciesID=edaffaec7f1ffcd221d7da9cc7957ded StaticDependenciesID=3b7c8e73eb06ef390c14a90e89f1e876 
Number of updated asset objects reloaded before import = 0
Number of asset objects unloaded after import = 0
========================================================================
Received Import Request.
  Time of request: 2026-09-30T12:28:09.2269763Z
  Time since last request: 0.0004176 seconds.
  importAddress: GUID: 20177830b472f40faa7374d0861ddad0 - Path: Packages/com.unity.visualscripting/Runtime/VisualScripting.Flow/Connections/IUnitRelation.cs - Importer: ScriptedImporter/UnityEditor.QuickSearchModule:UnityEditor.Search:ASIAI0B
Importing 'GUID: 20177830b472f40faa7374d0861ddad0 - Path: Packages/com.unity.visualscripting/Runtime/VisualScripting.Flow/Connections/IUnitRelation.cs - Importer: ScriptedImporter/UnityEditor.QuickSearchModule:UnityEditor.Search:ASIAI0B' with importer (ScriptedImporter : UnityEditor.QuickSearchModule:UnityEditor.Search:ASIAI0B)
Imported 'GUID: 20177830b472f40faa7374d0861ddad0' -> (Import Result ID: '2946e1271b5c3d1e89a22422bae099b7') in 0.001 seconds [static and dynamic dependencies]. Details - ImportResultOutputID=9599fd8ac7fc001d2b16c4a9257bb297 DependenciesID=a9993662a4e5e4de23305fe2eb14aff4 StaticDependenciesID=a512d03b0a80d047ddcafd8d786d79ea 
Number of updated asset objects reloaded before import = 0
Number of asset objects unloaded after import = 0
========================================================================
Received Import Request.
  Time of request: 2026-09-30T12:28:09.228945Z
  Time since last request: 0.0004563 seconds.
  importAddress: GUID: 3dc65ac6712541c586dbafa60214e23e - Path: Packages/com.unity.visualscripting/Runtime/VisualScripting.Flow/Framework/MissingType.cs - Importer: ScriptedImporter/UnityEditor.QuickSearchModule:UnityEditor.Search:ASIAI0B
Importing 'GUID: 3dc65ac6712541c586dbafa60214e23e - Path: Packages/com.unity.visualscripting/Runtime/VisualScripting.Flow/Framework/MissingType.cs - Importer: ScriptedImporter/UnityEditor.QuickSearchModule:UnityEditor.Search:ASIAI0B' with importer (ScriptedImporter : UnityEditor.QuickSearchModule:UnityEditor.Search:ASIAI0B)
Imported 'GUID: 3dc65ac6712541c586dbafa60214e23e' -> (Import Result ID: '568778e2e91cd58a5b8c5bcea4132379') in 0.002 seconds [static and dynamic dependencies]. Details - ImportResultOutputID=7faa75dc91fdcddef9ddb0665fc07128 DependenciesID=0ee85b54fffdcc66a1e68cd63d4a7a17 StaticDependenciesID=91c79b301d2d3e3b4bda51a0fa5dbaf4 
Number of updated asset objects reloaded before import = 0
Number of asset objects unloaded after import = 0
========================================================================
Received Import Request.
  Time of request: 2026-09-30T12:28:09.2319048Z
  Time since last request: 0.0004369 seconds.
  importAddress: GUID: a718e6fb4b5d14b5d9a65a854759bb7b - Path: Packages/com.unity.visualscripting/Runtime/VisualScripting.Flow/Ports/ControlInput.cs - Importer: ScriptedImporter/UnityEditor.QuickSearchModule:UnityEditor.Search:ASIAI0B
Importing 'GUID: a718e6fb4b5d14b5d9a65a854759bb7b - Path: Packages/com.unity.visualscripting/Runtime/VisualScripting.Flow/Ports/ControlInput.cs - Importer: ScriptedImporter/UnityEditor.QuickSearchModule:UnityEditor.Search:ASIAI0B' with importer (ScriptedImporter : UnityEditor.QuickSearchModule:UnityEditor.Search:ASIAI0B)
Imported 'GUID: a718e6fb4b5d14b5d9a65a854759bb7b' -> (Import Result ID: '9de042d8c0157b9f6f4d896c47214c21') in 0.002 seconds [static and dynamic dependencies]. Details - ImportResultOutputID=f74017d84f4a4679317b7761f65519e7 DependenciesID=9f067ced3143137b8a90d2c982c749ea StaticDependenciesID=9e32127535984f9194a57251665ef5da 
Number of updated asset objects reloaded before import = 0
Number of asset objects unloaded after import = 0
========================================================================
Received Import Request.
  Time of request: 2026-09-30T12:28:09.2344838Z
  Time since last request: 0.0002772 seconds.
  importAddress: GUID: 9239efc28f45f4c848294b936db9bfa0 - Path: Packages/com.unity.visualscripting/Runtime/VisualScripting.Flow/Connections/IUnitConnectionDebugData.cs - Importer: ScriptedImporter/UnityEditor.QuickSearchModule:UnityEditor.Search:ASIAI0B
Importing 'GUID: 9239efc28f45f4c848294b936db9bfa0 - Path: Packages/com.unity.visualscripting/Runtime/VisualScripting.Flow/Connections/IUnitConnectionDebugData.cs - Importer: ScriptedImporter/UnityEditor.QuickSearchModule:UnityEditor.Search:ASIAI0B' with importer (ScriptedImporter : UnityEditor.QuickSearchModule:UnityEditor.Search:ASIAI0B)
Imported 'GUID: 9239efc28f45f4c848294b936db9bfa0' -> (Import Result ID: 'db3b35ecdf3edc685ea4a69403ceaedd') in 0.003 seconds [static and dynamic dependencies]. Details - ImportResultOutputID=bd347c46372351ee3ed05d692a6ca932 DependenciesID=ebaf4bd51a9a87d765afd6188a79284d StaticDependenciesID=20487cc9f6abbd797a076e4c531e33f3 
Number of updated asset objects reloaded before import = 0
Number of asset objects unloaded after import = 0
========================================================================
Received Import Request.
  Time of request: 2026-09-30T12:28:09.2375178Z
  Time since last request: 0.0002766 seconds.
  importAddress: GUID: 16a80cb1a31174f2aa9956fa9ec786da - Path: Packages/com.unity.visualscripting/Runtime/VisualScripting.Flow/Ports/ControlInputDefinition.cs - Importer: ScriptedImporter/UnityEditor.QuickSearchModule:UnityEditor.Search:ASIAI0B
Importing 'GUID: 16a80cb1a31174f2aa9956fa9ec786da - Path: Packages/com.unity.visualscripting/Runtime/VisualScripting.Flow/Ports/ControlInputDefinition.cs - Importer: ScriptedImporter/UnityEditor.QuickSearchModule:UnityEditor.Search:ASIAI0B' with importer (ScriptedImporter : UnityEditor.QuickSearchModule:UnityEditor.Search:ASIAI0B)
Imported 'GUID: 16a80cb1a31174f2aa9956fa9ec786da' -> (Import Result ID: 'd24294dd1db232451d026ae765cc45f4') in 0.002 seconds [static and dynamic dependencies]. Details - ImportResultOutputID=0baf903d29905c42c5e1462cb6c25b96 DependenciesID=4bd74c2b5ff717f46ccb38dd5682a081 StaticDependenciesID=cb09e425bb19328b3096facfd157c99f 
Number of updated asset objects reloaded before import = 0
Number of asset objects unloaded after import = 0
========================================================================
Received Import Request.
  Time of request: 2026-09-30T12:28:09.2404542Z
  Time since last request: 0.0004094 seconds.
  importAddress: GUID: d3152f3cff03649cab0bcea198d5bf3d - Path: Packages/com.unity.visualscripting/Runtime/VisualScripting.Flow/Ports/IUnitPortDefinition.cs - Importer: ScriptedImporter/UnityEditor.QuickSearchModule:UnityEditor.Search:ASIAI0B
Importing 'GUID: d3152f3cff03649cab0bcea198d5bf3d - Path: Packages/com.unity.visualscripting/Runtime/VisualScripting.Flow/Ports/IUnitPortDefinition.cs - Importer: ScriptedImporter/UnityEditor.QuickSearchModule:UnityEditor.Search:ASIAI0B' with importer (ScriptedImporter : UnityEditor.QuickSearchModule:UnityEditor.Search:ASIAI0B)
Imported 'GUID: d3152f3cff03649cab0bcea198d5bf3d' -> (Import Result ID: '02595d804752011fb54adf6bd0d1f313') in 0.002 seconds [static and dynamic dependencies]. Details - ImportResultOutputID=34f551122c2f345a508200367e3dc7b9 DependenciesID=22256c996a73d0bc6bfb93e055f08844 StaticDependenciesID=ea5d906891a95c29586a063a895cb439 
Number of updated asset objects reloaded before import = 0
Number of asset objects unloaded after import = 0
========================================================================
Received Import Request.
  Time of request: 2026-09-30T12:28:09.2430918Z
  Time since last request: 0.0003088 seconds.
  importAddress: GUID: f564c98f800f2453595d4c4e261215ab - Path: Packages/com.unity.visualscripting/Runtime/VisualScripting.Flow/Connections/InvalidConnection.cs - Importer: ScriptedImporter/UnityEditor.QuickSearchModule:UnityEditor.Search:ASIAI0B
Importing 'GUID: f564c98f800f2453595d4c4e261215ab - Path: Packages/com.unity.visualscripting/Runtime/VisualScripting.Flow/Connections/InvalidConnection.cs - Importer: ScriptedImporter/UnityEditor.QuickSearchModule:UnityEditor.Search:ASIAI0B' with importer (ScriptedImporter : UnityEditor.QuickSearchModule:UnityEditor.Search:ASIAI0B)
Imported 'GUID: f564c98f800f2453595d4c4e261215ab' -> (Import Result ID: '7a6e1c40e0b904294d95a2ed284f7a0c') in 0.002 seconds [static and dynamic dependencies]. Details - ImportResultOutputID=0fdf4d3f04a0591206eb090df2c5fe72 DependenciesID=6ddc4bcdf47d4363a19963f3bd715ad0 StaticDependenciesID=e508e0b80e46547eba039300aea0e794 
Number of updated asset objects reloaded before import = 0
Number of asset objects unloaded after import = 0
========================================================================
Received Import Request.
  Time of request: 2026-09-30T12:28:09.2462173Z
  Time since last request: 0.0006225 seconds.
  importAddress: GUID: b6e9e78d67fd046868b0433247b23fad - Path: Packages/com.unity.visualscripting/Runtime/VisualScripting.Flow/EditorBinding/UnitHeaderInspectableAttribute.cs - Importer: ScriptedImporter/UnityEditor.QuickSearchModule:UnityEditor.Search:ASIAI0B
Importing 'GUID: b6e9e78d67fd046868b0433247b23fad - Path: Packages/com.unity.visualscripting/Runtime/VisualScripting.Flow/EditorBinding/UnitHeaderInspectableAttribute.cs - Importer: ScriptedImporter/UnityEditor.QuickSearchModule:UnityEditor.Search:ASIAI0B' with importer (ScriptedImporter : UnityEditor.QuickSearchModule:UnityEditor.Search:ASIAI0B)
Imported 'GUID: b6e9e78d67fd046868b0433247b23fad' -> (Import Result ID: '75f31f5f7f35ac1261e7728da2fa8573') in 0.002 seconds [static and dynamic dependencies]. Details - ImportResultOutputID=446f2de07202e7d277f0e3ce3ad2a0be DependenciesID=8e62a2fc6bef7a2fa21cf93af9ad935c StaticDependenciesID=1a52624e2925fb4cec0853565e525e27 
Number of updated asset objects reloaded before import = 0
Number of asset objects unloaded after import = 0
========================================================================
Received Import Request.
  Time of request: 2026-09-30T12:28:09.2484053Z
  Time since last request: 0.0002433 seconds.
  importAddress: GUID: b61cb47a7912b4a0ab155cee34717187 - Path: Packages/com.unity.visualscripting/Runtime/VisualScripting.Flow/EditorBinding/PortKeyAttribute.cs - Importer: ScriptedImporter/UnityEditor.QuickSearchModule:UnityEditor.Search:ASIAI0B
Importing 'GUID: b61cb47a7912b4a0ab155cee34717187 - Path: Packages/com.unity.visualscripting/Runtime/VisualScripting.Flow/EditorBinding/PortKeyAttribute.cs - Importer: ScriptedImporter/UnityEditor.QuickSearchModule:UnityEditor.Search:ASIAI0B' with importer (ScriptedImporter : UnityEditor.QuickSearchModule:UnityEditor.Search:ASIAI0B)
Imported 'GUID: b61cb47a7912b4a0ab155cee34717187' -> (Import Result ID: 'd8b3329ce703fd65c3d036289fddeae9') in 0.002 seconds [static and dynamic dependencies]. Details - ImportResultOutputID=71929754aaf8e05643deb9eb40b06f2e DependenciesID=6814bf9cd4207dd26f637f7a7ec9faa8 StaticDependenciesID=d4a9daf813a7dade39ac1b6a41a8eb5d 
Number of updated asset objects reloaded before import = 0
Number of asset objects unloaded after import = 0
========================================================================
Received Import Request.
  Time of request: 2026-09-30T12:28:09.2508671Z
  Time since last request: 0.0004749 seconds.
  importAddress: GUID: b7ea96f808d5944a5994aab176a2809b - Path: Packages/com.unity.visualscripting/Runtime/VisualScripting.Core/Variables/InspectorVariableNameAttribute.cs - Importer: ScriptedImporter/UnityEditor.QuickSearchModule:UnityEditor.Search:ASIAI0B
Importing 'GUID: b7ea96f808d5944a5994aab176a2809b - Path: Packages/com.unity.visualscripting/Runtime/VisualScripting.Core/Variables/InspectorVariableNameAttribute.cs - Importer: ScriptedImporter/UnityEditor.QuickSearchModule:UnityEditor.Search:ASIAI0B' with importer (ScriptedImporter : UnityEditor.QuickSearchModule:UnityEditor.Search:ASIAI0B)
Imported 'GUID: b7ea96f808d5944a5994aab176a2809b' -> (Import Result ID: '6846ff3315b6bcd9a6462164e8dd5896') in 0.002 seconds [static and dynamic dependencies]. Details - ImportResultOutputID=4905478a269ed8ce240b586f59b5c0b1 DependenciesID=002cd27ee879dcee2164c82759b044ec StaticDependenciesID=087ae2d46cd6dac6d77340c7b51059b6 
Number of updated asset objects reloaded before import = 0
Number of asset objects unloaded after import = 0
========================================================================
Received Import Request.
  Time of request: 2026-09-30T12:28:09.2531838Z
  Time since last request: 0.0005687 seconds.
  importAddress: GUID: f3617e416d65b4e44842280c042df8a5 - Path: Packages/com.unity.visualscripting/Runtime/VisualScripting.Flow/Connections/UnitRelation.cs - Importer: ScriptedImporter/UnityEditor.QuickSearchModule:UnityEditor.Search:ASIAI0B
Importing 'GUID: f3617e416d65b4e44842280c042df8a5 - Path: Packages/com.unity.visualscripting/Runtime/VisualScripting.Flow/Connections/UnitRelation.cs - Importer: ScriptedImporter/UnityEditor.QuickSearchModule:UnityEditor.Search:ASIAI0B' with importer (ScriptedImporter : UnityEditor.QuickSearchModule:UnityEditor.Search:ASIAI0B)
Imported 'GUID: f3617e416d65b4e44842280c042df8a5' -> (Import Result ID: '60c41b2016817432cb69c7be9afc0442') in 0.002 seconds [static and dynamic dependencies]. Details - ImportResultOutputID=a3d5c4a85c23afa6d8c42f62a046170e DependenciesID=49f68a006b9e0663c305b444dc8f6a4f StaticDependenciesID=2b7b865022bd71901f2f3bb9dbf61fbf 
Number of updated asset objects reloaded before import = 0
Number of asset objects unloaded after import = 0
========================================================================
Received Import Request.
  Time of request: 2026-09-30T12:28:09.256019Z
  Time since last request: 0.0004487 seconds.
  importAddress: GUID: 6e0dbaf00deee4148b904e8ed0da959e - Path: Packages/com.unity.visualscripting/Runtime/VisualScripting.Flow/Ports/IUnitPort.cs - Importer: ScriptedImporter/UnityEditor.QuickSearchModule:UnityEditor.Search:ASIAI0B
Importing 'GUID: 6e0dbaf00deee4148b904e8ed0da959e - Path: Packages/com.unity.visualscripting/Runtime/VisualScripting.Flow/Ports/IUnitPort.cs - Importer: ScriptedImporter/UnityEditor.QuickSearchModule:UnityEditor.Search:ASIAI0B' with importer (ScriptedImporter : UnityEditor.QuickSearchModule:UnityEditor.Search:ASIAI0B)
Imported 'GUID: 6e0dbaf00deee4148b904e8ed0da959e' -> (Import Result ID: '923f59dc3e576e80d4402094a2b309a8') in 0.002 seconds [static and dynamic dependencies]. Details - ImportResultOutputID=789958fb3ef2a9f15bebacf10f37a7b2 DependenciesID=dbdd518fc09b228d431f40a575898735 StaticDependenciesID=05e3f7c2f95631202de1b0823ee93652 
Number of updated asset objects reloaded before import = 0
Number of asset objects unloaded after import = 0
========================================================================
Received Import Request.
  Time of request: 2026-09-30T12:28:09.2586289Z
  Time since last request: 0.0005416 seconds.
  importAddress: GUID: 1bcc11c3be8a14cf18829115e5bf90b9 - Path: Packages/com.unity.visualscripting/Runtime/VisualScripting.Flow/Ports/ControlOutput.cs - Importer: ScriptedImporter/UnityEditor.QuickSearchModule:UnityEditor.Search:ASIAI0B
Importing 'GUID: 1bcc11c3be8a14cf18829115e5bf90b9 - Path: Packages/com.unity.visualscripting/Runtime/VisualScripting.Flow/Ports/ControlOutput.cs - Importer: ScriptedImporter/UnityEditor.QuickSearchModule:UnityEditor.Search:ASIAI0B' with importer (ScriptedImporter : UnityEditor.QuickSearchModule:UnityEditor.Search:ASIAI0B)
Imported 'GUID: 1bcc11c3be8a14cf18829115e5bf90b9' -> (Import Result ID: '7d9dd968c829cd6de1092dbed7f30182') in 0.002 seconds [static and dynamic dependencies]. Details - ImportResultOutputID=618a0170d9be2ab3eece06c6fcc2a9ac DependenciesID=618fcb2d1f380f9592c731192baad3b4 StaticDependenciesID=499ba9af347e7c705f2653245f2ee1ab 
Number of updated asset objects reloaded before import = 0
Number of asset objects unloaded after import = 0
========================================================================
Received Import Request.
  Time of request: 2026-09-30T12:28:09.2613652Z
  Time since last request: 0.0005566 seconds.
  importAddress: GUID: 9476efe7aa732442c82035ca23813af0 - Path: Packages/com.unity.visualscripting/Runtime/VisualScripting.Flow/Ports/InvalidInput.cs - Importer: ScriptedImporter/UnityEditor.QuickSearchModule:UnityEditor.Search:ASIAI0B
Importing 'GUID: 9476efe7aa732442c82035ca23813af0 - Path: Packages/com.unity.visualscripting/Runtime/VisualScripting.Flow/Ports/InvalidInput.cs - Importer: ScriptedImporter/UnityEditor.QuickSearchModule:UnityEditor.Search:ASIAI0B' with importer (ScriptedImporter : UnityEditor.QuickSearchModule:UnityEditor.Search:ASIAI0B)
Imported 'GUID: 9476efe7aa732442c82035ca23813af0' -> (Import Result ID: '68fd0037e73a3cf6c7ebfdd817f6555c') in 0.003 seconds [static and dynamic dependencies]. Details - ImportResultOutputID=8f0007709dfd80bf10d8a0f07ee580c1 DependenciesID=1db8e5f9e6b61351b84c173d737aeef3 StaticDependenciesID=1c07c6b31d74f7c8ffe32d0ddea6c743 
Number of updated asset objects reloaded before import = 0
Number of asset objects unloaded after import = 0
========================================================================
Received Import Request.
  Time of request: 2026-09-30T12:28:09.2650371Z
  Time since last request: 0.0004134 seconds.
  importAddress: GUID: 5b33449365cf844e986fad5c887be657 - Path: Packages/com.unity.visualscripting/Runtime/VisualScripting.Flow/Connections/UnitConnectionDebugData.cs - Importer: ScriptedImporter/UnityEditor.QuickSearchModule:UnityEditor.Search:ASIAI0B
Importing 'GUID: 5b33449365cf844e986fad5c887be657 - Path: Packages/com.unity.visualscripting/Runtime/VisualScripting.Flow/Connections/UnitConnectionDebugData.cs - Importer: ScriptedImporter/UnityEditor.QuickSearchModule:UnityEditor.Search:ASIAI0B' with importer (ScriptedImporter : UnityEditor.QuickSearchModule:UnityEditor.Search:ASIAI0B)
Imported 'GUID: 5b33449365cf844e986fad5c887be657' -> (Import Result ID: '883ea6c276e6f7a816bd120fd499aaa5') in 0.002 seconds [static and dynamic dependencies]. Details - ImportResultOutputID=07c7aafd0f73dde88d868561039edb78 DependenciesID=ebdbaded77ec909ca1b50d244773530d StaticDependenciesID=6b0e0eed0e945c34539ce921f48be125 
Number of updated asset objects reloaded before import = 0
Number of asset objects unloaded after import = 0
========================================================================
Received Import Request.
  Time of request: 2026-09-30T12:28:09.2781168Z
  Time since last request: 0.0106293 seconds.
  importAddress: GUID: e72cc3d4a262642778c0f3923db0245a - Path: Packages/com.unity.visualscripting/Editor/VisualScripting.Core/Inspection/Reflection/TypeInspector.cs - Importer: ScriptedImporter/UnityEditor.QuickSearchModule:UnityEditor.Search:ASIAI0B
Importing 'GUID: e72cc3d4a262642778c0f3923db0245a - Path: Packages/com.unity.visualscripting/Editor/VisualScripting.Core/Inspection/Reflection/TypeInspector.cs - Importer: ScriptedImporter/UnityEditor.QuickSearchModule:UnityEditor.Search:ASIAI0B' with importer (ScriptedImporter : UnityEditor.QuickSearchModule:UnityEditor.Search:ASIAI0B)
Imported 'GUID: e72cc3d4a262642778c0f3923db0245a' -> (Import Result ID: '88199ef41d9a29090b5ce2788261b94a') in 0.002 seconds [static and dynamic dependencies]. Details - ImportResultOutputID=27dbd4f7b11fce1c32cac8b06ae1d796 DependenciesID=a813121eb56d954aef67f02a43b97eb3 StaticDependenciesID=63efbc84aa7024c24d3c416601bad036 
Number of updated asset objects reloaded before import = 0
Number of asset objects unloaded after import = 0
========================================================================
Received Import Request.
  Time of request: 2026-09-30T12:28:09.2813663Z
  Time since last request: 0.0005637 seconds.
  importAddress: GUID: b918288aea8fd4431aa7bad5e41cb582 - Path: Packages/com.unity.visualscripting/Editor/VisualScripting.Core/Inspection/Primitives/CharInspector.cs - Importer: ScriptedImporter/UnityEditor.QuickSearchModule:UnityEditor.Search:ASIAI0B
Importing 'GUID: b918288aea8fd4431aa7bad5e41cb582 - Path: Packages/com.unity.visualscripting/Editor/VisualScripting.Core/Inspection/Primitives/CharInspector.cs - Importer: ScriptedImporter/UnityEditor.QuickSearchModule:UnityEditor.Search:ASIAI0B' with importer (ScriptedImporter : UnityEditor.QuickSearchModule:UnityEditor.Search:ASIAI0B)
Imported 'GUID: b918288aea8fd4431aa7bad5e41cb582' -> (Import Result ID: '9003f82f80c9d408e248746a115d578a') in 0.002 seconds [static and dynamic dependencies]. Details - ImportResultOutputID=62a8782d6230ccfca0b44cb653f597b8 DependenciesID=3a67f22f11f223cd616142dab3e72bc3 StaticDependenciesID=c87d30cf92fb754cee85dd040cd0b390 
Number of updated asset objects reloaded before import = 0
Number of asset objects unloaded after import = 0
========================================================================
Received Import Request.
  Time of request: 2026-09-30T12:28:09.2846077Z
  Time since last request: 0.0005218 seconds.
  importAddress: GUID: 479e89d22607b496daa5439ec0cc6070 - Path: Packages/com.unity.visualscripting/Editor/VisualScripting.Core/Dependencies/ReorderableList/ReorderableListStyles.cs - Importer: ScriptedImporter/UnityEditor.QuickSearchModule:UnityEditor.Search:ASIAI0B
Importing 'GUID: 479e89d22607b496daa5439ec0cc6070 - Path: Packages/com.unity.visualscripting/Editor/VisualScripting.Core/Dependencies/ReorderableList/ReorderableListStyles.cs - Importer: ScriptedImporter/UnityEditor.QuickSearchModule:UnityEditor.Search:ASIAI0B' with importer (ScriptedImporter : UnityEditor.QuickSearchModule:UnityEditor.Search:ASIAI0B)
Imported 'GUID: 479e89d22607b496daa5439ec0cc6070' -> (Import Result ID: '1c9150e8a3c5fe601c6f51fe28f365d8') in 0.002 seconds [static and dynamic dependencies]. Details - ImportResultOutputID=73f6fc2bcfea39938ffa0e741f2b80c7 DependenciesID=be3a68b5456c61a556960a9b0cee3e6b StaticDependenciesID=515d7f59adf117da49724bf19098eb78 
Number of updated asset objects reloaded before import = 0
Number of asset objects unloaded after import = 0
========================================================================
Received Import Request.
  Time of request: 2026-09-30T12:28:09.2875074Z
  Time since last request: 0.0003666 seconds.
  importAddress: GUID: 9352cf6c13d4f4197ac7bace3eedd11e - Path: Packages/com.unity.visualscripting/Runtime/VisualScripting.Flow/Properties/AssemblyInfo.cs - Importer: ScriptedImporter/UnityEditor.QuickSearchModule:UnityEditor.Search:ASIAI0B
Importing 'GUID: 9352cf6c13d4f4197ac7bace3eedd11e - Path: Packages/com.unity.visualscripting/Runtime/VisualScripting.Flow/Properties/AssemblyInfo.cs - Importer: ScriptedImporter/UnityEditor.QuickSearchModule:UnityEditor.Search:ASIAI0B' with importer (ScriptedImporter : UnityEditor.QuickSearchModule:UnityEditor.Search:ASIAI0B)
Imported 'GUID: 9352cf6c13d4f4197ac7bace3eedd11e' -> (Import Result ID: 'a38ea79b09382b75953d790d6a7510f6') in 0.001 seconds [static and dynamic dependencies]. Details - ImportResultOutputID=d7ee9c55eb786f404418cc23d2546354 DependenciesID=913b969d503402489a4b4c7d9fc1241a StaticDependenciesID=e3558f994ca8dde402412666f224cffa 
Number of updated asset objects reloaded before import = 0
Number of asset objects unloaded after import = 0
========================================================================
Received Import Request.
  Time of request: 2026-09-30T12:28:09.2894708Z
  Time since last request: 0.0003586 seconds.
  importAddress: GUID: 583f8d62eb8224fe1a46dcf200162006 - Path: Packages/com.unity.visualscripting/Editor/VisualScripting.Core/Dependencies/ReorderableList/GenericListAdaptor.cs - Importer: ScriptedImporter/UnityEditor.QuickSearchModule:UnityEditor.Search:ASIAI0B
Importing 'GUID: 583f8d62eb8224fe1a46dcf200162006 - Path: Packages/com.unity.visualscripting/Editor/VisualScripting.Core/Dependencies/ReorderableList/GenericListAdaptor.cs - Importer: ScriptedImporter/UnityEditor.QuickSearchModule:UnityEditor.Search:ASIAI0B' with importer (ScriptedImporter : UnityEditor.QuickSearchModule:UnityEditor.Search:ASIAI0B)
Imported 'GUID: 583f8d62eb8224fe1a46dcf200162006' -> (Import Result ID: '48c53c0c93a3c7446ced2107653a0094') in 0.002 seconds [static and dynamic dependencies]. Details - ImportResultOutputID=7df202a2393e476b6169cb6065e15403 DependenciesID=f6dabccb5d0fbd4cbf1dfaf7b28d3aa4 StaticDependenciesID=eed43e103c4f1be04794169e17f7aab1 
Number of updated asset objects reloaded before import = 0
Number of asset objects unloaded after import = 0
========================================================================
Received Import Request.
  Time of request: 2026-09-30T12:28:09.2918278Z
  Time since last request: 0.0002913 seconds.
  importAddress: GUID: 278da65f1d00a4bed9595c43b2dbd4c2 - Path: Packages/com.unity.visualscripting/Editor/VisualScripting.Core/Inspection/Primitives/ShortInspector.cs - Importer: ScriptedImporter/UnityEditor.QuickSearchModule:UnityEditor.Search:ASIAI0B
Importing 'GUID: 278da65f1d00a4bed9595c43b2dbd4c2 - Path: Packages/com.unity.visualscripting/Editor/VisualScripting.Core/Inspection/Primitives/ShortInspector.cs - Importer: ScriptedImporter/UnityEditor.QuickSearchModule:UnityEditor.Search:ASIAI0B' with importer (ScriptedImporter : UnityEditor.QuickSearchModule:UnityEditor.Search:ASIAI0B)
Imported 'GUID: 278da65f1d00a4bed9595c43b2dbd4c2' -> (Import Result ID: '786871fda93391445f1d9093fd7b7576') in 0.002 seconds [static and dynamic dependencies]. Details - ImportResultOutputID=cf419d40e237c4a245ad4fff61329ad7 DependenciesID=b857d34809fcdf74e6e46c549962422f StaticDependenciesID=0385fdc857f1e8cd51de609fee4c7db1 
Number of updated asset objects reloaded before import = 0
Number of asset objects unloaded after import = 0
========================================================================
Received Import Request.
  Time of request: 2026-09-30T12:28:09.2940875Z
  Time since last request: 0.0002938 seconds.
  importAddress: GUID: a11d31e32a7a548efb97931180aa2523 - Path: Packages/com.unity.visualscripting/Editor/VisualScripting.Core/Inspection/Other/DictionaryAssetEditor.cs - Importer: ScriptedImporter/UnityEditor.QuickSearchModule:UnityEditor.Search:ASIAI0B
Importing 'GUID: a11d31e32a7a548efb97931180aa2523 - Path: Packages/com.unity.visualscripting/Editor/VisualScripting.Core/Inspection/Other/DictionaryAssetEditor.cs - Importer: ScriptedImporter/UnityEditor.QuickSearchModule:UnityEditor.Search:ASIAI0B' with importer (ScriptedImporter : UnityEditor.QuickSearchModule:UnityEditor.Search:ASIAI0B)
Imported 'GUID: a11d31e32a7a548efb97931180aa2523' -> (Import Result ID: '174337b0c39fbc441a45e2e3691525bf') in 0.002 seconds [static and dynamic dependencies]. Details - ImportResultOutputID=0e1cbcf7caf4669fc6ff9879776b95bb DependenciesID=d629862cd4f9665b6053ad1d042602a8 StaticDependenciesID=4ea598273bca2146f0f46fbd3b0432c8 
Number of updated asset objects reloaded before import = 0
Number of asset objects unloaded after import = 0
========================================================================
Received Import Request.
  Time of request: 2026-09-30T12:28:09.2964827Z
  Time since last request: 0.0004361 seconds.
  importAddress: GUID: d1dd41397b69847bba137dfd15980ece - Path: Packages/com.unity.visualscripting/Runtime/VisualScripting.State/Properties/AssemblyInfo.cs - Importer: ScriptedImporter/UnityEditor.QuickSearchModule:UnityEditor.Search:ASIAI0B
Importing 'GUID: d1dd41397b69847bba137dfd15980ece - Path: Packages/com.unity.visualscripting/Runtime/VisualScripting.State/Properties/AssemblyInfo.cs - Importer: ScriptedImporter/UnityEditor.QuickSearchModule:UnityEditor.Search:ASIAI0B' with importer (ScriptedImporter : UnityEditor.QuickSearchModule:UnityEditor.Search:ASIAI0B)
Imported 'GUID: d1dd41397b69847bba137dfd15980ece' -> (Import Result ID: 'f6d7104c2b390f53e1fbc0ed9fa9f9f4') in 0.001 seconds [static and dynamic dependencies]. Details - ImportResultOutputID=ad7096f56e9b59771f0ea5800d305135 DependenciesID=ea3c8d2baca0a75a25d92bc4b2b91aa8 StaticDependenciesID=f14e359b2ae33722e18b055e0bbf0b61 
Number of updated asset objects reloaded before import = 0
Number of asset objects unloaded after import = 0
========================================================================
Received Import Request.
  Time of request: 2026-09-30T12:28:09.2983575Z
  Time since last request: 0.0003518 seconds.
  importAddress: GUID: eb5b94cc7f3ac4f1e937a5278d3508ac - Path: Packages/com.unity.visualscripting/Editor/VisualScripting.Core/Inspection/Primitives/LongInspector.cs - Importer: ScriptedImporter/UnityEditor.QuickSearchModule:UnityEditor.Search:ASIAI0B
Importing 'GUID: eb5b94cc7f3ac4f1e937a5278d3508ac - Path: Packages/com.unity.visualscripting/Editor/VisualScripting.Core/Inspection/Primitives/LongInspector.cs - Importer: ScriptedImporter/UnityEditor.QuickSearchModule:UnityEditor.Search:ASIAI0B' with importer (ScriptedImporter : UnityEditor.QuickSearchModule:UnityEditor.Search:ASIAI0B)
Imported 'GUID: eb5b94cc7f3ac4f1e937a5278d3508ac' -> (Import Result ID: '568ce566b5c25c4bbee4f2f474429f87') in 0.002 seconds [static and dynamic dependencies]. Details - ImportResultOutputID=f677e5de49128efddb44a8b2f44007a0 DependenciesID=f822871fb97d8610a9d33e5e972879ce StaticDependenciesID=45d31bfd6f27c804e0f4afb8a4f68b83 
Number of updated asset objects reloaded before import = 0
Number of asset objects unloaded after import = 0
========================================================================
Received Import Request.
  Time of request: 2026-09-30T12:28:09.3011471Z
  Time since last request: 0.0003933 seconds.
  importAddress: GUID: 7c923b42c33844452b9ccf75ee4e88ea - Path: Packages/com.unity.visualscripting/Editor/VisualScripting.Core/Inspection/Root/LudiqRootObjectEditor.cs - Importer: ScriptedImporter/UnityEditor.QuickSearchModule:UnityEditor.Search:ASIAI0B
Importing 'GUID: 7c923b42c33844452b9ccf75ee4e88ea - Path: Packages/com.unity.visualscripting/Editor/VisualScripting.Core/Inspection/Root/LudiqRootObjectEditor.cs - Importer: ScriptedImporter/UnityEditor.QuickSearchModule:UnityEditor.Search:ASIAI0B' with importer (ScriptedImporter : UnityEditor.QuickSearchModule:UnityEditor.Search:ASIAI0B)
Imported 'GUID: 7c923b42c33844452b9ccf75ee4e88ea' -> (Import Result ID: '82ddea451131bb859bf057cab7dfcb5a') in 0.002 seconds [static and dynamic dependencies]. Details - ImportResultOutputID=3ec925b637585b9061d0a228d8695baa DependenciesID=afa266678b33f3b4ad2bc0be12a0cc88 StaticDependenciesID=0f6b0f112fe7e691836705390b003556 
Number of updated asset objects reloaded before import = 0
Number of asset objects unloaded after import = 0
========================================================================
Received Import Request.
  Time of request: 2026-09-30T12:28:09.3035564Z
  Time since last request: 0.0003063 seconds.
  importAddress: GUID: 54399a1e83331450eb9e7b8d6e3a2213 - Path: Packages/com.unity.visualscripting/Editor/VisualScripting.Core/Inspection/Special/CustomPropertyDrawerInspector.cs - Importer: ScriptedImporter/UnityEditor.QuickSearchModule:UnityEditor.Search:ASIAI0B
Importing 'GUID: 54399a1e83331450eb9e7b8d6e3a2213 - Path: Packages/com.unity.visualscripting/Editor/VisualScripting.Core/Inspection/Special/CustomPropertyDrawerInspector.cs - Importer: ScriptedImporter/UnityEditor.QuickSearchModule:UnityEditor.Search:ASIAI0B' with importer (ScriptedImporter : UnityEditor.QuickSearchModule:UnityEditor.Search:ASIAI0B)
Imported 'GUID: 54399a1e83331450eb9e7b8d6e3a2213' -> (Import Result ID: '6888562c1e7115082dd8c48618b0d7a4') in 0.002 seconds [static and dynamic dependencies]. Details - ImportResultOutputID=38b4a4bae3a10ccf6e370235ea8204dd DependenciesID=549bcc1ddb423980dd4881569cf0c734 StaticDependenciesID=cf37f1db8f3c6524f924dd7295ed956f 
Number of updated asset objects reloaded before import = 0
Number of asset objects unloaded after import = 0
========================================================================
Received Import Request.
  Time of request: 2026-09-30T12:28:09.3066381Z
  Time since last request: 0.0005787 seconds.
  importAddress: GUID: 22e1b588253bd4d60961ee618290c67f - Path: Packages/com.unity.visualscripting/Editor/VisualScripting.Core/Inspection/Reflection/LooseAssemblyNameInspector.cs - Importer: ScriptedImporter/UnityEditor.QuickSearchModule:UnityEditor.Search:ASIAI0B
Importing 'GUID: 22e1b588253bd4d60961ee618290c67f - Path: Packages/com.unity.visualscripting/Editor/VisualScripting.Core/Inspection/Reflection/LooseAssemblyNameInspector.cs - Importer: ScriptedImporter/UnityEditor.QuickSearchModule:UnityEditor.Search:ASIAI0B' with importer (ScriptedImporter : UnityEditor.QuickSearchModule:UnityEditor.Search:ASIAI0B)
Imported 'GUID: 22e1b588253bd4d60961ee618290c67f' -> (Import Result ID: 'c217c8194e098b8150818b249dec9077') in 0.002 seconds [static and dynamic dependencies]. Details - ImportResultOutputID=43c512b40b6d81c74927709813594483 DependenciesID=2ce222dd4dfc4bf467df6c41b88ab625 StaticDependenciesID=fbeca7aff795a4d054b7ba579ee43b6c 
Number of updated asset objects reloaded before import = 0
Number of asset objects unloaded after import = 0
========================================================================
Received Import Request.
  Time of request: 2026-09-30T12:28:09.3089942Z
  Time since last request: 0.0004406 seconds.
  importAddress: GUID: bbad61f852b7a47bbb2954aca5422636 - Path: Packages/com.unity.visualscripting/Editor/VisualScripting.Core/Inspection/Special/NullableInspector.cs - Importer: ScriptedImporter/UnityEditor.QuickSearchModule:UnityEditor.Search:ASIAI0B
Importing 'GUID: bbad61f852b7a47bbb2954aca5422636 - Path: Packages/com.unity.visualscripting/Editor/VisualScripting.Core/Inspection/Special/NullableInspector.cs - Importer: ScriptedImporter/UnityEditor.QuickSearchModule:UnityEditor.Search:ASIAI0B' with importer (ScriptedImporter : UnityEditor.QuickSearchModule:UnityEditor.Search:ASIAI0B)
Imported 'GUID: bbad61f852b7a47bbb2954aca5422636' -> (Import Result ID: '7836cfe6e5ddbabca94d8433b7c81552') in 0.002 seconds [static and dynamic dependencies]. Details - ImportResultOutputID=6c6d3159fcef392350d01847bd274b2a DependenciesID=06f57743509685824a249712f5499954 StaticDependenciesID=ad35dd2eb44bf6e606e513432715ce09 
Number of updated asset objects reloaded before import = 0
Number of asset objects unloaded after import = 0
========================================================================
Received Import Request.
  Time of request: 2026-09-30T12:28:09.3117946Z
  Time since last request: 0.0003225 seconds.
  importAddress: GUID: 9f50ad73c9e5444df9fa594abbbdcb22 - Path: Packages/com.unity.visualscripting/Editor/VisualScripting.Core/Dependencies/DotNetZip/Unity.VisualScripting.IonicZip.xml - Importer: ScriptedImporter/UnityEditor.QuickSearchModule:UnityEditor.Search:ASIAI0B
Importing 'GUID: 9f50ad73c9e5444df9fa594abbbdcb22 - Path: Packages/com.unity.visualscripting/Editor/VisualScripting.Core/Dependencies/DotNetZip/Unity.VisualScripting.IonicZip.xml - Importer: ScriptedImporter/UnityEditor.QuickSearchModule:UnityEditor.Search:ASIAI0B' with importer (ScriptedImporter : UnityEditor.QuickSearchModule:UnityEditor.Search:ASIAI0B)
Imported 'GUID: 9f50ad73c9e5444df9fa594abbbdcb22' -> (Import Result ID: '724d046e80d69d80598e54f33c8a38c9') in 0.003 seconds [static and dynamic dependencies]. Details - ImportResultOutputID=4cdf50ab86179ac2ba045b3961d2a3b6 DependenciesID=330e75fea3ba610bae334abb6289147a StaticDependenciesID=302137a9576077ad3e186e123d488ae7 
Number of updated asset objects reloaded before import = 0
Number of asset objects unloaded after import = 1
========================================================================
Received Import Request.
  Time of request: 2026-09-30T12:28:09.3150895Z
  Time since last request: 0.0003569 seconds.
  importAddress: GUID: 9586624a03a234068924026f6bbf35ad - Path: Packages/com.unity.visualscripting/Editor/VisualScripting.Core/Dependencies/ReorderableList/ReorderableListControl.cs - Importer: ScriptedImporter/UnityEditor.QuickSearchModule:UnityEditor.Search:ASIAI0B
Importing 'GUID: 9586624a03a234068924026f6bbf35ad - Path: Packages/com.unity.visualscripting/Editor/VisualScripting.Core/Dependencies/ReorderableList/ReorderableListControl.cs - Importer: ScriptedImporter/UnityEditor.QuickSearchModule:UnityEditor.Search:ASIAI0B' with importer (ScriptedImporter : UnityEditor.QuickSearchModule:UnityEditor.Search:ASIAI0B)
Imported 'GUID: 9586624a03a234068924026f6bbf35ad' -> (Import Result ID: '9fb9ccc07c3b9faf369aed4114bd0906') in 0.002 seconds [static and dynamic dependencies]. Details - ImportResultOutputID=46d2c4f14065640dd98837287354f128 DependenciesID=a3f8113ffda3eac775f0a3da9bc9998b StaticDependenciesID=5ddc84655a0ba61ab01eb294242d095c 
Number of updated asset objects reloaded before import = 0
Number of asset objects unloaded after import = 0
========================================================================
Received Import Request.
  Time of request: 2026-09-30T12:28:09.3178044Z
  Time since last request: 0.0002971 seconds.
  importAddress: GUID: 4cd54a79dd8cb415290e0d02fc958989 - Path: Packages/com.unity.visualscripting/Editor/VisualScripting.Core/Inspection/Primitives/ByteInspector.cs - Importer: ScriptedImporter/UnityEditor.QuickSearchModule:UnityEditor.Search:ASIAI0B
Importing 'GUID: 4cd54a79dd8cb415290e0d02fc958989 - Path: Packages/com.unity.visualscripting/Editor/VisualScripting.Core/Inspection/Primitives/ByteInspector.cs - Importer: ScriptedImporter/UnityEditor.QuickSearchModule:UnityEditor.Search:ASIAI0B' with importer (ScriptedImporter : UnityEditor.QuickSearchModule:UnityEditor.Search:ASIAI0B)
Imported 'GUID: 4cd54a79dd8cb415290e0d02fc958989' -> (Import Result ID: '5de3e90a07efbd4e9f7dbe835462e3bb') in 0.002 seconds [static and dynamic dependencies]. Details - ImportResultOutputID=a7e6fe44bc0b90d1d55986fb01fa119c DependenciesID=2f0e6022ab9d43b035f0bb5c7021f622 StaticDependenciesID=ab85828089edc27ba96b0293992e52b2 
Number of updated asset objects reloaded before import = 0
Number of asset objects unloaded after import = 0
========================================================================
Received Import Request.
  Time of request: 2026-09-30T12:28:09.3200348Z
  Time since last request: 0.0004533 seconds.
  importAddress: GUID: a93fdea771c2b4e58acad494e75d0213 - Path: Packages/com.unity.visualscripting/Editor/VisualScripting.Core/Inspection/Unity/ColorInspector.cs - Importer: ScriptedImporter/UnityEditor.QuickSearchModule:UnityEditor.Search:ASIAI0B
Importing 'GUID: a93fdea771c2b4e58acad494e75d0213 - Path: Packages/com.unity.visualscripting/Editor/VisualScripting.Core/Inspection/Unity/ColorInspector.cs - Importer: ScriptedImporter/UnityEditor.QuickSearchModule:UnityEditor.Search:ASIAI0B' with importer (ScriptedImporter : UnityEditor.QuickSearchModule:UnityEditor.Search:ASIAI0B)
Imported 'GUID: a93fdea771c2b4e58acad494e75d0213' -> (Import Result ID: '183d96f924206eb34b0cc2b5af783abc') in 0.002 seconds [static and dynamic dependencies]. Details - ImportResultOutputID=930b73e7d4fd7b550caab89eb17ba118 DependenciesID=2dcce3a05366345a00950820c1e5ea48 StaticDependenciesID=070c76798551d22ff1ac7539f5ba5ef5 
Number of updated asset objects reloaded before import = 0
Number of asset objects unloaded after import = 0
========================================================================
Received Import Request.
  Time of request: 2026-09-30T12:28:09.3231284Z
  Time since last request: 0.0004638 seconds.
  importAddress: GUID: 6ef3738cc5ade4aa7916b4c10da33abf - Path: Packages/com.unity.visualscripting/Editor/VisualScripting.Core/Dependencies/SQLite/SQLite.cs - Importer: ScriptedImporter/UnityEditor.QuickSearchModule:UnityEditor.Search:ASIAI0B
Importing 'GUID: 6ef3738cc5ade4aa7916b4c10da33abf - Path: Packages/com.unity.visualscripting/Editor/VisualScripting.Core/Dependencies/SQLite/SQLite.cs - Importer: ScriptedImporter/UnityEditor.QuickSearchModule:UnityEditor.Search:ASIAI0B' with importer (ScriptedImporter : UnityEditor.QuickSearchModule:UnityEditor.Search:ASIAI0B)
Imported 'GUID: 6ef3738cc5ade4aa7916b4c10da33abf' -> (Import Result ID: '1f01ef9cfdf1c82625ae706ffbdfb7ed') in 0.002 seconds [static and dynamic dependencies]. Details - ImportResultOutputID=85c41a11ee6290adf31693a9a4ec95c7 DependenciesID=e8762cb7a3cbeffde45fbd857b850b6e StaticDependenciesID=53442d8d044c831b6094702919caa9e6 
Number of updated asset objects reloaded before import = 0
Number of asset objects unloaded after import = 0
========================================================================
Received Import Request.
  Time of request: 2026-09-30T12:28:09.3257982Z
  Time since last request: 0.0007173 seconds.
  importAddress: GUID: 2343d42783ba84cfcbb29799bf755aa6 - Path: Packages/com.unity.visualscripting/Editor/VisualScripting.Core/Inspection/Special/EnumInspector.cs - Importer: ScriptedImporter/UnityEditor.QuickSearchModule:UnityEditor.Search:ASIAI0B
Importing 'GUID: 2343d42783ba84cfcbb29799bf755aa6 - Path: Packages/com.unity.visualscripting/Editor/VisualScripting.Core/Inspection/Special/EnumInspector.cs - Importer: ScriptedImporter/UnityEditor.QuickSearchModule:UnityEditor.Search:ASIAI0B' with importer (ScriptedImporter : UnityEditor.QuickSearchModule:UnityEditor.Search:ASIAI0B)
Imported 'GUID: 2343d42783ba84cfcbb29799bf755aa6' -> (Import Result ID: '48a8865821e0a7c5390fc26e46e5d27c') in 0.003 seconds [static and dynamic dependencies]. Details - ImportResultOutputID=0a7191bd27ce2bc932f82226484e6dc5 DependenciesID=9c4fe3baad337c0b5263454c7fb577d2 StaticDependenciesID=99324b2b2320fa76ae898e9462d42bc3 
Number of updated asset objects reloaded before import = 0
Number of asset objects unloaded after import = 0
========================================================================
Received Import Request.
  Time of request: 2026-09-30T12:28:09.328871Z
  Time since last request: 0.0003192 seconds.
  importAddress: GUID: a42c30a36c1b94fb5a195f8db82a8f39 - Path: Packages/com.unity.visualscripting/Editor/VisualScripting.Core/Dependencies/ReorderableList/ReorderableListFlags.cs - Importer: ScriptedImporter/UnityEditor.QuickSearchModule:UnityEditor.Search:ASIAI0B
Importing 'GUID: a42c30a36c1b94fb5a195f8db82a8f39 - Path: Packages/com.unity.visualscripting/Editor/VisualScripting.Core/Dependencies/ReorderableList/ReorderableListFlags.cs - Importer: ScriptedImporter/UnityEditor.QuickSearchModule:UnityEditor.Search:ASIAI0B' with importer (ScriptedImporter : UnityEditor.QuickSearchModule:UnityEditor.Search:ASIAI0B)
Imported 'GUID: a42c30a36c1b94fb5a195f8db82a8f39' -> (Import Result ID: 'e5093d92b4f3cf7a39bca977993b7997') in 0.002 seconds [static and dynamic dependencies]. Details - ImportResultOutputID=1e44b40a4f5dcbce8bbe91bb0102adff DependenciesID=3e67e85220a0df75912d268aa845a601 StaticDependenciesID=3765e639a58556509cad4a1c38a8d686 
Number of updated asset objects reloaded before import = 0
Number of asset objects unloaded after import = 0
========================================================================
Received Import Request.
  Time of request: 2026-09-30T12:28:09.3319941Z
  Time since last request: 0.0005563 seconds.
  importAddress: GUID: 1acf9999a7dee47d58842290fc6ac7bb - Path: Packages/com.unity.visualscripting/Editor/VisualScripting.Core/Inspection/Special/ListInspector.cs - Importer: ScriptedImporter/UnityEditor.QuickSearchModule:UnityEditor.Search:ASIAI0B
Importing 'GUID: 1acf9999a7dee47d58842290fc6ac7bb - Path: Packages/com.unity.visualscripting/Editor/VisualScripting.Core/Inspection/Special/ListInspector.cs - Importer: ScriptedImporter/UnityEditor.QuickSearchModule:UnityEditor.Search:ASIAI0B' with importer (ScriptedImporter : UnityEditor.QuickSearchModule:UnityEditor.Search:ASIAI0B)
Imported 'GUID: 1acf9999a7dee47d58842290fc6ac7bb' -> (Import Result ID: '8f06c663f0d59bdf63ce88be7152dcd4') in 0.002 seconds [static and dynamic dependencies]. Details - ImportResultOutputID=69c9828fdf7d6e2aa3e1f29c5308d74b DependenciesID=870463f5d09088975c96e733df82a8a2 StaticDependenciesID=71e9a9c1a71db3fd3778b02b608667a2 
Number of updated asset objects reloaded before import = 0
Number of asset objects unloaded after import = 0
========================================================================
Received Import Request.
  Time of request: 2026-09-30T12:28:09.3348108Z
  Time since last request: 0.0005346 seconds.
  importAddress: GUID: ba0f9ae46aac5470e8f6183ca6f2a4c0 - Path: Packages/com.unity.visualscripting/Editor/VisualScripting.Core/Inspection/Primitives/FloatInspector.cs - Importer: ScriptedImporter/UnityEditor.QuickSearchModule:UnityEditor.Search:ASIAI0B
Importing 'GUID: ba0f9ae46aac5470e8f6183ca6f2a4c0 - Path: Packages/com.unity.visualscripting/Editor/VisualScripting.Core/Inspection/Primitives/FloatInspector.cs - Importer: ScriptedImporter/UnityEditor.QuickSearchModule:UnityEditor.Search:ASIAI0B' with importer (ScriptedImporter : UnityEditor.QuickSearchModule:UnityEditor.Search:ASIAI0B)
Imported 'GUID: ba0f9ae46aac5470e8f6183ca6f2a4c0' -> (Import Result ID: '88165b263ac8caf1ffb05251bc55d6fc') in 0.003 seconds [static and dynamic dependencies]. Details - ImportResultOutputID=fc373a44bb4ae4a8dd8fc482d4f80b01 DependenciesID=8cfeb069da26f22ca7b7b5d758cc07c6 StaticDependenciesID=487531f94b85cdcd1507d8812e7b218b 
Number of updated asset objects reloaded before import = 0
Number of asset objects unloaded after import = 0
========================================================================
Received Import Request.
  Time of request: 2026-09-30T12:28:09.3436664Z
  Time since last request: 0.0058905 seconds.
  importAddress: GUID: 1fd96f5c0ddfe43f5b6e386a7d963d37 - Path: Packages/com.unity.visualscripting/Editor/VisualScripting.Core/Interface/Fuzzy/FuzzyOptionTreeExtensionAttribute.cs - Importer: ScriptedImporter/UnityEditor.QuickSearchModule:UnityEditor.Search:ASIAI0B
Importing 'GUID: 1fd96f5c0ddfe43f5b6e386a7d963d37 - Path: Packages/com.unity.visualscripting/Editor/VisualScripting.Core/Interface/Fuzzy/FuzzyOptionTreeExtensionAttribute.cs - Importer: ScriptedImporter/UnityEditor.QuickSearchModule:UnityEditor.Search:ASIAI0B' with importer (ScriptedImporter : UnityEditor.QuickSearchModule:UnityEditor.Search:ASIAI0B)
Imported 'GUID: 1fd96f5c0ddfe43f5b6e386a7d963d37' -> (Import Result ID: '8d3f6735c97d5d0367a3e0134002ee18') in 0.002 seconds [static and dynamic dependencies]. Details - ImportResultOutputID=0d732b0e5605f19c5e6a6fdfe29d4f0b DependenciesID=ffc50e9514cc649e70b6af0c3e2e262f StaticDependenciesID=bca255c058f8d5cd5f93fd531a1ccba8 
Number of updated asset objects reloaded before import = 0
Number of asset objects unloaded after import = 0
========================================================================
Received Import Request.
  Time of request: 2026-09-30T12:28:09.3468259Z
  Time since last request: 0.0007302 seconds.
  importAddress: GUID: 86801c1d462894752a04b4b93d0250bc - Path: Packages/com.unity.visualscripting/Editor/VisualScripting.Core/Inspection/Unity/VectorInspector.cs - Importer: ScriptedImporter/UnityEditor.QuickSearchModule:UnityEditor.Search:ASIAI0B
Importing 'GUID: 86801c1d462894752a04b4b93d0250bc - Path: Packages/com.unity.visualscripting/Editor/VisualScripting.Core/Inspection/Unity/VectorInspector.cs - Importer: ScriptedImporter/UnityEditor.QuickSearchModule:UnityEditor.Search:ASIAI0B' with importer (ScriptedImporter : UnityEditor.QuickSearchModule:UnityEditor.Search:ASIAI0B)
Imported 'GUID: 86801c1d462894752a04b4b93d0250bc' -> (Import Result ID: '9e1ab5736ad39749bc25e72291d7de79') in 0.003 seconds [static and dynamic dependencies]. Details - ImportResultOutputID=dc1caea7e205b1a21f8e2677ec1e5d3c DependenciesID=b340bcd3f4122f24abd0b563cc42729b StaticDependenciesID=a5cff889fdbdd9d812145572e032b470 
Number of updated asset objects reloaded before import = 0
Number of asset objects unloaded after import = 0
========================================================================
Received Import Request.
  Time of request: 2026-09-30T12:28:09.3499229Z
  Time since last request: 0.0003324 seconds.
  importAddress: GUID: 2ed16725e340b4df2b34729d800f140c - Path: Packages/com.unity.visualscripting/Editor/VisualScripting.Core/Plugin/Migrations/Migration_1_4_5_to_1_4_6.cs - Importer: ScriptedImporter/UnityEditor.QuickSearchModule:UnityEditor.Search:ASIAI0B
Importing 'GUID: 2ed16725e340b4df2b34729d800f140c - Path: Packages/com.unity.visualscripting/Editor/VisualScripting.Core/Plugin/Migrations/Migration_1_4_5_to_1_4_6.cs - Importer: ScriptedImporter/UnityEditor.QuickSearchModule:UnityEditor.Search:ASIAI0B' with importer (ScriptedImporter : UnityEditor.QuickSearchModule:UnityEditor.Search:ASIAI0B)
Imported 'GUID: 2ed16725e340b4df2b34729d800f140c' -> (Import Result ID: 'a5707c17e208da443896888e47064bd8') in 0.002 seconds [static and dynamic dependencies]. Details - ImportResultOutputID=29702d12fbbca81b6e7708ecb355ebda DependenciesID=679c8045a9bb77fb967ecd31a758b6cf StaticDependenciesID=0789db36668897f19aab1b64cb035800 
Number of updated asset objects reloaded before import = 0
Number of asset objects unloaded after import = 0
========================================================================
Received Import Request.
  Time of request: 2026-09-30T12:28:09.3521608Z
  Time since last request: 0.0004974 seconds.
  importAddress: GUID: 81f5de5cab87c46a6b35c95e3293e424 - Path: Packages/com.unity.visualscripting/Editor/VisualScripting.Core/Interface/Licenses/License.CCA3.cs - Importer: ScriptedImporter/UnityEditor.QuickSearchModule:UnityEditor.Search:ASIAI0B
Importing 'GUID: 81f5de5cab87c46a6b35c95e3293e424 - Path: Packages/com.unity.visualscripting/Editor/VisualScripting.Core/Interface/Licenses/License.CCA3.cs - Importer: ScriptedImporter/UnityEditor.QuickSearchModule:UnityEditor.Search:ASIAI0B' with importer (ScriptedImporter : UnityEditor.QuickSearchModule:UnityEditor.Search:ASIAI0B)
Imported 'GUID: 81f5de5cab87c46a6b35c95e3293e424' -> (Import Result ID: '20c8d9fe115733f7d60532ce0f6ef135') in 0.002 seconds [static and dynamic dependencies]. Details - ImportResultOutputID=de59ba8712c802f55b774b951a40b166 DependenciesID=64cf029e074525374194ba2a71bf7fb7 StaticDependenciesID=a0d4d00b0e2a45cf2449dfe59e375a1e 
Number of updated asset objects reloaded before import = 0
Number of asset objects unloaded after import = 0
========================================================================
Received Import Request.
  Time of request: 2026-09-30T12:28:09.357251Z
  Time since last request: 0.0030891 seconds.
  importAddress: GUID: 9f79d342f010943d4ba954eba455a85d - Path: Packages/com.unity.visualscripting/Editor/VisualScripting.Core/Plugin/Acknowledgements/Acknowledgement_Iconmonstr.cs - Importer: ScriptedImporter/UnityEditor.QuickSearchModule:UnityEditor.Search:ASIAI0B
Importing 'GUID: 9f79d342f010943d4ba954eba455a85d - Path: Packages/com.unity.visualscripting/Editor/VisualScripting.Core/Plugin/Acknowledgements/Acknowledgement_Iconmonstr.cs - Importer: ScriptedImporter/UnityEditor.QuickSearchModule:UnityEditor.Search:ASIAI0B' with importer (ScriptedImporter : UnityEditor.QuickSearchModule:UnityEditor.Search:ASIAI0B)
Imported 'GUID: 9f79d342f010943d4ba954eba455a85d' -> (Import Result ID: 'd0639c62d69d35cdbf3afa83aee3711b') in 0.002 seconds [static and dynamic dependencies]. Details - ImportResultOutputID=db854695f81250fb4c5a55af36fa22d1 DependenciesID=fe6db126c5a38564c3a897bc9e274603 StaticDependenciesID=8bde34b26ec8e4c5aeb26124700f6b70 
Number of updated asset objects reloaded before import = 0
Number of asset objects unloaded after import = 0
========================================================================
Received Import Request.
  Time of request: 2026-09-30T12:28:09.3596637Z
  Time since last request: 0.0005127 seconds.
  importAddress: GUID: 4b84d693444bb4e9ca4f8c9fbd111021 - Path: Packages/com.unity.visualscripting/Editor/VisualScripting.Core/Plugin/Migrations/Migration_1_2_2_to_1_2_3.cs - Importer: ScriptedImporter/UnityEditor.QuickSearchModule:UnityEditor.Search:ASIAI0B
Importing 'GUID: 4b84d693444bb4e9ca4f8c9fbd111021 - Path: Packages/com.unity.visualscripting/Editor/VisualScripting.Core/Plugin/Migrations/Migration_1_2_2_to_1_2_3.cs - Importer: ScriptedImporter/UnityEditor.QuickSearchModule:UnityEditor.Search:ASIAI0B' with importer (ScriptedImporter : UnityEditor.QuickSearchModule:UnityEditor.Search:ASIAI0B)
Imported 'GUID: 4b84d693444bb4e9ca4f8c9fbd111021' -> (Import Result ID: '406477d5eade74acec7e09f801fa3fa6') in 0.002 seconds [static and dynamic dependencies]. Details - ImportResultOutputID=f0947804cd6ac0b0cdb8cd8fce9bd5e9 DependenciesID=8713926040a2a0c5703bd1aeeac2ebf7 StaticDependenciesID=7a46939ea0fb8d6b90ca638d3e021fc8 
Number of updated asset objects reloaded before import = 0
Number of asset objects unloaded after import = 0
========================================================================
Received Import Request.
  Time of request: 2026-09-30T12:28:09.3625577Z
  Time since last request: 0.0006884 seconds.
  importAddress: GUID: 2a1637d16991642fcb1c4671998648c0 - Path: Packages/com.unity.visualscripting/Editor/VisualScripting.Core/Interface/Colors/SkinnedColor.cs - Importer: ScriptedImporter/UnityEditor.QuickSearchModule:UnityEditor.Search:ASIAI0B
Importing 'GUID: 2a1637d16991642fcb1c4671998648c0 - Path: Packages/com.unity.visualscripting/Editor/VisualScripting.Core/Interface/Colors/SkinnedColor.cs - Importer: ScriptedImporter/UnityEditor.QuickSearchModule:UnityEditor.Search:ASIAI0B' with importer (ScriptedImporter : UnityEditor.QuickSearchModule:UnityEditor.Search:ASIAI0B)
Imported 'GUID: 2a1637d16991642fcb1c4671998648c0' -> (Import Result ID: '81bf6785d763cd55b8b374cbee6986d6') in 0.002 seconds [static and dynamic dependencies]. Details - ImportResultOutputID=bffff5c1080bdf36de1409abd18dba8a DependenciesID=6848595ba33103dfe498777318d0fdef StaticDependenciesID=7ec62fcf29bd39f0bdf40265e5656842 
Number of updated asset objects reloaded before import = 0
Number of asset objects unloaded after import = 0
========================================================================
Received Import Request.
  Time of request: 2026-09-30T12:28:09.3648247Z
  Time since last request: 0.0005599 seconds.
  importAddress: GUID: 85cf2bd01a22a4999b46ab6cd587ce89 - Path: Packages/com.unity.visualscripting/Editor/VisualScripting.Core/Interface/Icons/Icons.cs - Importer: ScriptedImporter/UnityEditor.QuickSearchModule:UnityEditor.Search:ASIAI0B
Importing 'GUID: 85cf2bd01a22a4999b46ab6cd587ce89 - Path: Packages/com.unity.visualscripting/Editor/VisualScripting.Core/Interface/Icons/Icons.cs - Importer: ScriptedImporter/UnityEditor.QuickSearchModule:UnityEditor.Search:ASIAI0B' with importer (ScriptedImporter : UnityEditor.QuickSearchModule:UnityEditor.Search:ASIAI0B)
Imported 'GUID: 85cf2bd01a22a4999b46ab6cd587ce89' -> (Import Result ID: '8d4fb55372e9124541c139f25123b54e') in 0.002 seconds [static and dynamic dependencies]. Details - ImportResultOutputID=ab36c7a72b921aa735878b7c318f99a8 DependenciesID=f044b4f2774edd07302497ae272abc46 StaticDependenciesID=103ac93db355da9f0aa6eb67bb2143e1 
Number of updated asset objects reloaded before import = 0
Number of asset objects unloaded after import = 0
========================================================================
Received Import Request.
  Time of request: 2026-09-30T12:28:09.3679623Z
  Time since last request: 0.0006958 seconds.
  importAddress: GUID: cbb0d47a4de9d4bde9ded63b37841790 - Path: Packages/com.unity.visualscripting/Editor/VisualScripting.Core/Interface/Icons/LanguageIconSet.cs - Importer: ScriptedImporter/UnityEditor.QuickSearchModule:UnityEditor.Search:ASIAI0B
Importing 'GUID: cbb0d47a4de9d4bde9ded63b37841790 - Path: Packages/com.unity.visualscripting/Editor/VisualScripting.Core/Interface/Icons/LanguageIconSet.cs - Importer: ScriptedImporter/UnityEditor.QuickSearchModule:UnityEditor.Search:ASIAI0B' with importer (ScriptedImporter : UnityEditor.QuickSearchModule:UnityEditor.Search:ASIAI0B)
Imported 'GUID: cbb0d47a4de9d4bde9ded63b37841790' -> (Import Result ID: '72bc8bc786d72c188594f8c2ffb51edd') in 0.001 seconds [static and dynamic dependencies]. Details - ImportResultOutputID=799d1011733e4bc2df6154e7fc30677c DependenciesID=93f2cced382996e7e980db865ba430c6 StaticDependenciesID=8e40de6521d7029691f871b47bad4943 
Number of updated asset objects reloaded before import = 0
Number of asset objects unloaded after import = 0
========================================================================
Received Import Request.
  Time of request: 2026-09-30T12:28:09.3699695Z
  Time since last request: 0.0004166 seconds.
  importAddress: GUID: bd0ff5dee24964acaa3b0a7f63a98511 - Path: Packages/com.unity.visualscripting/Editor/VisualScripting.Core/Inspection/Unity/RectInspector.cs - Importer: ScriptedImporter/UnityEditor.QuickSearchModule:UnityEditor.Search:ASIAI0B
Importing 'GUID: bd0ff5dee24964acaa3b0a7f63a98511 - Path: Packages/com.unity.visualscripting/Editor/VisualScripting.Core/Inspection/Unity/RectInspector.cs - Importer: ScriptedImporter/UnityEditor.QuickSearchModule:UnityEditor.Search:ASIAI0B' with importer (ScriptedImporter : UnityEditor.QuickSearchModule:UnityEditor.Search:ASIAI0B)
Imported 'GUID: bd0ff5dee24964acaa3b0a7f63a98511' -> (Import Result ID: '51b2750018a33e7b517c1572a6276086') in 0.002 seconds [static and dynamic dependencies]. Details - ImportResultOutputID=ee7565b0213d5d4d955092a9e1c8381c DependenciesID=7d05dda32a8194e5251b90a996cff54f StaticDependenciesID=eef6d6dd284dd0dd4497fe3662eda7b1 
Number of updated asset objects reloaded before import = 0
Number of asset objects unloaded after import = 0
========================================================================
Received Import Request.
  Time of request: 2026-09-30T12:28:09.3726792Z
  Time since last request: 0.0006438 seconds.
  importAddress: GUID: 2f82a32d65f5e434e916a3d2a1600745 - Path: Packages/com.unity.visualscripting/Editor/VisualScripting.Core/Interface/Fuzzy/FuzzyWindow.cs - Importer: ScriptedImporter/UnityEditor.QuickSearchModule:UnityEditor.Search:ASIAI0B
Importing 'GUID: 2f82a32d65f5e434e916a3d2a1600745 - Path: Packages/com.unity.visualscripting/Editor/VisualScripting.Core/Interface/Fuzzy/FuzzyWindow.cs - Importer: ScriptedImporter/UnityEditor.QuickSearchModule:UnityEditor.Search:ASIAI0B' with importer (ScriptedImporter : UnityEditor.QuickSearchModule:UnityEditor.Search:ASIAI0B)
Imported 'GUID: 2f82a32d65f5e434e916a3d2a1600745' -> (Import Result ID: '0a0f38e2895b88a2c852d68786926dab') in 0.002 seconds [static and dynamic dependencies]. Details - ImportResultOutputID=97c43103d9bd4c599d6349f497be7b8e DependenciesID=963c485d75d249aa0ea3be1a0f37805c StaticDependenciesID=403dab391cae18c03ecd902d11e04f92 
Number of updated asset objects reloaded before import = 0
Number of asset objects unloaded after import = 0
========================================================================
Received Import Request.
  Time of request: 2026-09-30T12:28:09.3750871Z
  Time since last request: 0.0003294 seconds.
  importAddress: GUID: 75fe96b03c978494fb3783e00a031d95 - Path: Packages/com.unity.visualscripting/Editor/VisualScripting.Core/Plugin/Changelogs/Changelog_1_4_1.cs - Importer: ScriptedImporter/UnityEditor.QuickSearchModule:UnityEditor.Search:ASIAI0B
Importing 'GUID: 75fe96b03c978494fb3783e00a031d95 - Path: Packages/com.unity.visualscripting/Editor/VisualScripting.Core/Plugin/Changelogs/Changelog_1_4_1.cs - Importer: ScriptedImporter/UnityEditor.QuickSearchModule:UnityEditor.Search:ASIAI0B' with importer (ScriptedImporter : UnityEditor.QuickSearchModule:UnityEditor.Search:ASIAI0B)
Imported 'GUID: 75fe96b03c978494fb3783e00a031d95' -> (Import Result ID: '6ff17978cf0fa4ec988db1b446c3314d') in 0.002 seconds [static and dynamic dependencies]. Details - ImportResultOutputID=74e685dd75fb19aeb2b2af7d5ff2e4d2 DependenciesID=a053e48de63e76095f59e5cd75c472a5 StaticDependenciesID=6902a0073fd9ff4bd623c44d3a69cc75 
Number of updated asset objects reloaded before import = 0
Number of asset objects unloaded after import = 0
========================================================================
Received Import Request.
  Time of request: 2026-09-30T12:28:09.3771916Z
  Time since last request: 0.0004311 seconds.
  importAddress: GUID: c0546e9272132437cacd5057b2cb6ae9 - Path: Packages/com.unity.visualscripting/Editor/VisualScripting.Core/Interface/Fuzzy/IFuzzyOption.cs - Importer: ScriptedImporter/UnityEditor.QuickSearchModule:UnityEditor.Search:ASIAI0B
Importing 'GUID: c0546e9272132437cacd5057b2cb6ae9 - Path: Packages/com.unity.visualscripting/Editor/VisualScripting.Core/Interface/Fuzzy/IFuzzyOption.cs - Importer: ScriptedImporter/UnityEditor.QuickSearchModule:UnityEditor.Search:ASIAI0B' with importer (ScriptedImporter : UnityEditor.QuickSearchModule:UnityEditor.Search:ASIAI0B)
Imported 'GUID: c0546e9272132437cacd5057b2cb6ae9' -> (Import Result ID: '51551dd0a3da1f54b99ae7bf5b67e51d') in 0.002 seconds [static and dynamic dependencies]. Details - ImportResultOutputID=52174f5ed0f78763c4cf7900ca1c707c DependenciesID=838a8e060482cabf24550402ad7fb419 StaticDependenciesID=18395a72e8daa8744acfb14c8c11ec65 
Number of updated asset objects reloaded before import = 0
Number of asset objects unloaded after import = 0
========================================================================
Received Import Request.
  Time of request: 2026-09-30T12:28:09.3794961Z
  Time since last request: 0.0004811 seconds.
  importAddress: GUID: 913aa0c5d2545457e9ba83d09977392e - Path: Packages/com.unity.visualscripting/Editor/VisualScripting.Core/Interface/Dropdowns/DropdownOption.cs - Importer: ScriptedImporter/UnityEditor.QuickSearchModule:UnityEditor.Search:ASIAI0B
Importing 'GUID: 913aa0c5d2545457e9ba83d09977392e - Path: Packages/com.unity.visualscripting/Editor/VisualScripting.Core/Interface/Dropdowns/DropdownOption.cs - Importer: ScriptedImporter/UnityEditor.QuickSearchModule:UnityEditor.Search:ASIAI0B' with importer (ScriptedImporter : UnityEditor.QuickSearchModule:UnityEditor.Search:ASIAI0B)
Imported 'GUID: 913aa0c5d2545457e9ba83d09977392e' -> (Import Result ID: '2a2efa49d4bf8effe56afd125cf56ec0') in 0.001 seconds [static and dynamic dependencies]. Details - ImportResultOutputID=9a88765d1bcbc6457d855a24e46f0453 DependenciesID=42e283b8d701d348f4563e6fd981ae4b StaticDependenciesID=f2e931eac3afeb3b568557ae6afb5d49 
Number of updated asset objects reloaded before import = 0
Number of asset objects unloaded after import = 0
========================================================================
Received Import Request.
  Time of request: 2026-09-30T12:28:09.3816609Z
  Time since last request: 0.0004527 seconds.
  importAddress: GUID: 84e29af8edc904b6cadc870d2fb37b45 - Path: Packages/com.unity.visualscripting/Editor/VisualScripting.Core/Interface/Dropdowns/DropdownSeparator.cs - Importer: ScriptedImporter/UnityEditor.QuickSearchModule:UnityEditor.Search:ASIAI0B
Importing 'GUID: 84e29af8edc904b6cadc870d2fb37b45 - Path: Packages/com.unity.visualscripting/Editor/VisualScripting.Core/Interface/Dropdowns/DropdownSeparator.cs - Importer: ScriptedImporter/UnityEditor.QuickSearchModule:UnityEditor.Search:ASIAI0B' with importer (ScriptedImporter : UnityEditor.QuickSearchModule:UnityEditor.Search:ASIAI0B)
Imported 'GUID: 84e29af8edc904b6cadc870d2fb37b45' -> (Import Result ID: '7e9a23d6c17b847949b3ac794a2dff99') in 0.002 seconds [static and dynamic dependencies]. Details - ImportResultOutputID=a3fb1f6ac72141c8acb1c20196a24020 DependenciesID=2bc2a0b08f9c0a54e2ac9ae7911094dd StaticDependenciesID=abfef5425f16a05032aee110fbd81931 
Number of updated asset objects reloaded before import = 0
Number of asset objects unloaded after import = 0
========================================================================
Received Import Request.
  Time of request: 2026-09-30T12:28:09.3844648Z
  Time since last request: 0.0005323 seconds.
  importAddress: GUID: c650029e689f843618f21c6f08c00f66 - Path: Packages/com.unity.visualscripting/Editor/VisualScripting.Core/Interface/Fuzzy/ExtensibleFuzzyOptionTree.cs - Importer: ScriptedImporter/UnityEditor.QuickSearchModule:UnityEditor.Search:ASIAI0B
Importing 'GUID: c650029e689f843618f21c6f08c00f66 - Path: Packages/com.unity.visualscripting/Editor/VisualScripting.Core/Interface/Fuzzy/ExtensibleFuzzyOptionTree.cs - Importer: ScriptedImporter/UnityEditor.QuickSearchModule:UnityEditor.Search:ASIAI0B' with importer (ScriptedImporter : UnityEditor.QuickSearchModule:UnityEditor.Search:ASIAI0B)
Imported 'GUID: c650029e689f843618f21c6f08c00f66' -> (Import Result ID: '883366a67b484dc4879c2d65f20fca1e') in 0.002 seconds [static and dynamic dependencies]. Details - ImportResultOutputID=160dd97f1797450716f7444c039993fb DependenciesID=566e6383577ef3b31375df5e05ca4d19 StaticDependenciesID=da317307df7f09631847cda77c78cb75 
Number of updated asset objects reloaded before import = 0
Number of asset objects unloaded after import = 0
========================================================================
Received Import Request.
  Time of request: 2026-09-30T12:28:09.3876102Z
  Time since last request: 0.00061 seconds.
  importAddress: GUID: d6155b53651fc43789211e7358be1307 - Path: Packages/com.unity.visualscripting/Editor/VisualScripting.Core/Plugin/Acknowledgements/Acknowledgement_ReorderableList.cs - Importer: ScriptedImporter/UnityEditor.QuickSearchModule:UnityEditor.Search:ASIAI0B
Importing 'GUID: d6155b53651fc43789211e7358be1307 - Path: Packages/com.unity.visualscripting/Editor/VisualScripting.Core/Plugin/Acknowledgements/Acknowledgement_ReorderableList.cs - Importer: ScriptedImporter/UnityEditor.QuickSearchModule:UnityEditor.Search:ASIAI0B' with importer (ScriptedImporter : UnityEditor.QuickSearchModule:UnityEditor.Search:ASIAI0B)
Imported 'GUID: d6155b53651fc43789211e7358be1307' -> (Import Result ID: '75d86262820c475a0a2b33944c98a46d') in 0.001 seconds [static and dynamic dependencies]. Details - ImportResultOutputID=aabdeb2d0924f6101f213b2811ca573a DependenciesID=b55124b8241d3b47e7031382714bc9be StaticDependenciesID=f761abd46967125969e9e8422db675fc 
Number of updated asset objects reloaded before import = 0
Number of asset objects unloaded after import = 0
========================================================================
Received Import Request.
  Time of request: 2026-09-30T12:28:09.3895671Z
  Time since last request: 0.0003283 seconds.
  importAddress: GUID: 3ccf7c963ed3144518e774dd9b70457a - Path: Packages/com.unity.visualscripting/Editor/VisualScripting.Core/Interface/Licenses/License.MIT.cs - Importer: ScriptedImporter/UnityEditor.QuickSearchModule:UnityEditor.Search:ASIAI0B
Importing 'GUID: 3ccf7c963ed3144518e774dd9b70457a - Path: Packages/com.unity.visualscripting/Editor/VisualScripting.Core/Interface/Licenses/License.MIT.cs - Importer: ScriptedImporter/UnityEditor.QuickSearchModule:UnityEditor.Search:ASIAI0B' with importer (ScriptedImporter : UnityEditor.QuickSearchModule:UnityEditor.Search:ASIAI0B)
Imported 'GUID: 3ccf7c963ed3144518e774dd9b70457a' -> (Import Result ID: '30d8fd651520aafb6062c4316a88c46c') in 0.002 seconds [static and dynamic dependencies]. Details - ImportResultOutputID=c501998ac913e147e1b6fab484ea16fc DependenciesID=dfa37f5d8ca1f6485578f59147798eb5 StaticDependenciesID=db00686f96bc83039f0b6b6bdfd797bf 
Number of updated asset objects reloaded before import = 0
Number of asset objects unloaded after import = 0
========================================================================
Received Import Request.
  Time of request: 2026-09-30T12:28:09.3919745Z
  Time since last request: 0.0003448 seconds.
  importAddress: GUID: c7efae351707f4343824711d8c31f2af - Path: Packages/com.unity.visualscripting/Editor/VisualScripting.Core/Plugin/Acknowledgements/Acknowledgement_FullSerializer.cs - Importer: ScriptedImporter/UnityEditor.QuickSearchModule:UnityEditor.Search:ASIAI0B
Importing 'GUID: c7efae351707f4343824711d8c31f2af - Path: Packages/com.unity.visualscripting/Editor/VisualScripting.Core/Plugin/Acknowledgements/Acknowledgement_FullSerializer.cs - Importer: ScriptedImporter/UnityEditor.QuickSearchModule:UnityEditor.Search:ASIAI0B' with importer (ScriptedImporter : UnityEditor.QuickSearchModule:UnityEditor.Search:ASIAI0B)
Imported 'GUID: c7efae351707f4343824711d8c31f2af' -> (Import Result ID: '3afeff123c693149ed98d2a9285cea77') in 0.001 seconds [static and dynamic dependencies]. Details - ImportResultOutputID=d54371cff872edc6966bf56b369495f9 DependenciesID=3be02d9232dbae75283a37744f9582f6 StaticDependenciesID=0461d98dfc57323f649bfa45ecbdfb60 
Number of updated asset objects reloaded before import = 0
Number of asset objects unloaded after import = 0
========================================================================
Received Import Request.
  Time of request: 2026-09-30T12:28:09.3937694Z
  Time since last request: 0.000294 seconds.
  importAddress: GUID: 9fe0ffd0ac2564608915d1f24790b053 - Path: Packages/com.unity.visualscripting/Editor/VisualScripting.Core/Interface/Fonts/FontVariant.cs - Importer: ScriptedImporter/UnityEditor.QuickSearchModule:UnityEditor.Search:ASIAI0B
Importing 'GUID: 9fe0ffd0ac2564608915d1f24790b053 - Path: Packages/com.unity.visualscripting/Editor/VisualScripting.Core/Interface/Fonts/FontVariant.cs - Importer: ScriptedImporter/UnityEditor.QuickSearchModule:UnityEditor.Search:ASIAI0B' with importer (ScriptedImporter : UnityEditor.QuickSearchModule:UnityEditor.Search:ASIAI0B)
Imported 'GUID: 9fe0ffd0ac2564608915d1f24790b053' -> (Import Result ID: '72cd78eb148540fcb153bcc584da17db') in 0.001 seconds [static and dynamic dependencies]. Details - ImportResultOutputID=54cd961ee7ae6c93404783bc8cbdc8ff DependenciesID=f0eda68c3f6bf6717191a6851a92d5e9 StaticDependenciesID=f966dd501e535f44975cb3bb104219cf 
Number of updated asset objects reloaded before import = 0
Number of asset objects unloaded after import = 0
========================================================================
Received Import Request.
  Time of request: 2026-09-30T12:28:09.3957259Z
  Time since last request: 0.0004698 seconds.
  importAddress: GUID: be139a32523b049ef8011bea0b31a3c1 - Path: Packages/com.unity.visualscripting/Editor/VisualScripting.Core/Plugin/Acknowledgements/Acknowledgement_AqnParser.cs - Importer: ScriptedImporter/UnityEditor.QuickSearchModule:UnityEditor.Search:ASIAI0B
Importing 'GUID: be139a32523b049ef8011bea0b31a3c1 - Path: Packages/com.unity.visualscripting/Editor/VisualScripting.Core/Plugin/Acknowledgements/Acknowledgement_AqnParser.cs - Importer: ScriptedImporter/UnityEditor.QuickSearchModule:UnityEditor.Search:ASIAI0B' with importer (ScriptedImporter : UnityEditor.QuickSearchModule:UnityEditor.Search:ASIAI0B)
Imported 'GUID: be139a32523b049ef8011bea0b31a3c1' -> (Import Result ID: '6ee109973128a56c6915309bc1b22125') in 0.002 seconds [static and dynamic dependencies]. Details - ImportResultOutputID=6d688e2db3a0237640b54255045d256c DependenciesID=8604bf980b40961db733aefc52be8909 StaticDependenciesID=80e221b7226c5d9dd3f626c37359dec8 
Number of updated asset objects reloaded before import = 0
Number of asset objects unloaded after import = 0
========================================================================
Received Import Request.
  Time of request: 2026-09-30T12:28:09.4103279Z
  Time since last request: 0.0123708 seconds.
  importAddress: GUID: f85316f4890b54d289162bff61f2ecaa - Path: Packages/com.unity.visualscripting/Editor/VisualScripting.Core/Windows/AboutWindow/AboutPluginsPage.cs - Importer: ScriptedImporter/UnityEditor.QuickSearchModule:UnityEditor.Search:ASIAI0B
Importing 'GUID: f85316f4890b54d289162bff61f2ecaa - Path: Packages/com.unity.visualscripting/Editor/VisualScripting.Core/Windows/AboutWindow/AboutPluginsPage.cs - Importer: ScriptedImporter/UnityEditor.QuickSearchModule:UnityEditor.Search:ASIAI0B' with importer (ScriptedImporter : UnityEditor.QuickSearchModule:UnityEditor.Search:ASIAI0B)
Imported 'GUID: f85316f4890b54d289162bff61f2ecaa' -> (Import Result ID: '96b197876af5c794799c4e3ab1e279b8') in 0.002 seconds [static and dynamic dependencies]. Details - ImportResultOutputID=e3098a393fbd4eea9c673e1f54427e91 DependenciesID=0a6038679670deb541b6c935a7f5a051 StaticDependenciesID=12310d74e3a40812c142a9fd5f345af7 
Number of updated asset objects reloaded before import = 0
Number of asset objects unloaded after import = 0
========================================================================
Received Import Request.
  Time of request: 2026-09-30T12:28:09.4132319Z
  Time since last request: 0.000799 seconds.
  importAddress: GUID: cbba72664e24a4752a7ca4a3352735a5 - Path: Packages/com.unity.visualscripting/Editor/VisualScripting.Flow/Framework/Codebase/MemberUnitDescriptor.cs - Importer: ScriptedImporter/UnityEditor.QuickSearchModule:UnityEditor.Search:ASIAI0B
Importing 'GUID: cbba72664e24a4752a7ca4a3352735a5 - Path: Packages/com.unity.visualscripting/Editor/VisualScripting.Flow/Framework/Codebase/MemberUnitDescriptor.cs - Importer: ScriptedImporter/UnityEditor.QuickSearchModule:UnityEditor.Search:ASIAI0B' with importer (ScriptedImporter : UnityEditor.QuickSearchModule:UnityEditor.Search:ASIAI0B)
Imported 'GUID: cbba72664e24a4752a7ca4a3352735a5' -> (Import Result ID: 'cb03795580980ae5409e0b4e38b81ea3') in 0.002 seconds [static and dynamic dependencies]. Details - ImportResultOutputID=514375fbb6917145d6bf69833603c639 DependenciesID=fb52d87342cf9f649b465cba0d67a09a StaticDependenciesID=0016beda2ffe5158fb111a52e8d7a0bf 
Number of updated asset objects reloaded before import = 0
Number of asset objects unloaded after import = 0
========================================================================
Received Import Request.
  Time of request: 2026-09-30T12:28:09.4160234Z
  Time since last request: 0.0007791 seconds.
  importAddress: GUID: 7eb7fa2c8eaf44bdfa80d6353200c200 - Path: Packages/com.unity.visualscripting/Editor/VisualScripting.Flow/Framework/Control/SwitchUnitDescriptor.cs - Importer: ScriptedImporter/UnityEditor.QuickSearchModule:UnityEditor.Search:ASIAI0B
Importing 'GUID: 7eb7fa2c8eaf44bdfa80d6353200c200 - Path: Packages/com.unity.visualscripting/Editor/VisualScripting.Flow/Framework/Control/SwitchUnitDescriptor.cs - Importer: ScriptedImporter/UnityEditor.QuickSearchModule:UnityEditor.Search:ASIAI0B' with importer (ScriptedImporter : UnityEditor.QuickSearchModule:UnityEditor.Search:ASIAI0B)
Imported 'GUID: 7eb7fa2c8eaf44bdfa80d6353200c200' -> (Import Result ID: '7e45ba1f0776fcbcbfceb47f5dbd93a3') in 0.002 seconds [static and dynamic dependencies]. Details - ImportResultOutputID=bc10ce2b9ba283b629047e47159b3cce DependenciesID=a31b269348356ccabe0e62009369dbf1 StaticDependenciesID=3848dc7c04e15f67554814bd4e4beb41 
Number of updated asset objects reloaded before import = 0
Number of asset objects unloaded after import = 0
========================================================================
Received Import Request.
  Time of request: 2026-09-30T12:28:09.4180741Z
  Time since last request: 0.0003451 seconds.
  importAddress: GUID: fb75f9128c3a4b74a80c5214f102ae4e - Path: Packages/com.unity.visualscripting/Editor/VisualScripting.Core/Plugin/Migrations/Migration_1_5_1_to_1_5_2.cs - Importer: ScriptedImporter/UnityEditor.QuickSearchModule:UnityEditor.Search:ASIAI0B
Importing 'GUID: fb75f9128c3a4b74a80c5214f102ae4e - Path: Packages/com.unity.visualscripting/Editor/VisualScripting.Core/Plugin/Migrations/Migration_1_5_1_to_1_5_2.cs - Importer: ScriptedImporter/UnityEditor.QuickSearchModule:UnityEditor.Search:ASIAI0B' with importer (ScriptedImporter : UnityEditor.QuickSearchModule:UnityEditor.Search:ASIAI0B)
Imported 'GUID: fb75f9128c3a4b74a80c5214f102ae4e' -> (Import Result ID: '1f001dfd8afbd9c46708d5295dea84dd') in 0.001 seconds [static and dynamic dependencies]. Details - ImportResultOutputID=aded00a36424953a7deeaa3cc0764ecc DependenciesID=f75bf9e6c120545ac5b25f9f8a270f8b StaticDependenciesID=285dc31cbe9504a6708a3e9629a1b87e 
Number of updated asset objects reloaded before import = 0
Number of asset objects unloaded after import = 0
========================================================================
Received Import Request.
  Time of request: 2026-09-30T12:28:09.4201062Z
  Time since last request: 0.0005259 seconds.
  importAddress: GUID: 3691dc0753d9d43da89b6f14c3bc9e1b - Path: Packages/com.unity.visualscripting/Editor/VisualScripting.Flow/Framework/Control/SwitchOnEnumDescriptor.cs - Importer: ScriptedImporter/UnityEditor.QuickSearchModule:UnityEditor.Search:ASIAI0B
Importing 'GUID: 3691dc0753d9d43da89b6f14c3bc9e1b - Path: Packages/com.unity.visualscripting/Editor/VisualScripting.Flow/Framework/Control/SwitchOnEnumDescriptor.cs - Importer: ScriptedImporter/UnityEditor.QuickSearchModule:UnityEditor.Search:ASIAI0B' with importer (ScriptedImporter : UnityEditor.QuickSearchModule:UnityEditor.Search:ASIAI0B)
Imported 'GUID: 3691dc0753d9d43da89b6f14c3bc9e1b' -> (Import Result ID: 'da410e8af916070e58cadf70653eb13d') in 0.003 seconds [static and dynamic dependencies]. Details - ImportResultOutputID=5f8269e4b7512027791cb4a10c36c04c DependenciesID=0b39c921b86dba4abbe41843f2da8f25 StaticDependenciesID=8af9a022e119cf120328a55d2dcae7c7 
Number of updated asset objects reloaded before import = 0
Number of asset objects unloaded after import = 0
========================================================================
Received Import Request.
  Time of request: 2026-09-30T12:28:09.4235965Z
  Time since last request: 0.0002845 seconds.
  importAddress: GUID: a03a5ba560504f66b437ff382ba7bb17 - Path: Packages/com.unity.visualscripting/Editor/VisualScripting.Core/Widgets/StickyNote/StickyNoteInspector.cs - Importer: ScriptedImporter/UnityEditor.QuickSearchModule:UnityEditor.Search:ASIAI0B
Importing 'GUID: a03a5ba560504f66b437ff382ba7bb17 - Path: Packages/com.unity.visualscripting/Editor/VisualScripting.Core/Widgets/StickyNote/StickyNoteInspector.cs - Importer: ScriptedImporter/UnityEditor.QuickSearchModule:UnityEditor.Search:ASIAI0B' with importer (ScriptedImporter : UnityEditor.QuickSearchModule:UnityEditor.Search:ASIAI0B)
Imported 'GUID: a03a5ba560504f66b437ff382ba7bb17' -> (Import Result ID: '0f2d03063d70fb6bcbbea26a693c4770') in 0.001 seconds [static and dynamic dependencies]. Details - ImportResultOutputID=2da6356746440c21b8d979c890367cbe DependenciesID=2701fd89300ae56c907b95addc18595a StaticDependenciesID=e0deb272c5d023797e434998b25fd2c3 
Number of updated asset objects reloaded before import = 0
Number of asset objects unloaded after import = 0
========================================================================
Received Import Request.
  Time of request: 2026-09-30T12:28:09.425625Z
  Time since last request: 0.0004169 seconds.
  importAddress: GUID: 12f5bc5527c2418f84e8308d16026fe5 - Path: Packages/com.unity.visualscripting/Editor/VisualScripting.Core/Widgets/StickyNote/StickyNoteWidget.cs - Importer: ScriptedImporter/UnityEditor.QuickSearchModule:UnityEditor.Search:ASIAI0B
Importing 'GUID: 12f5bc5527c2418f84e8308d16026fe5 - Path: Packages/com.unity.visualscripting/Editor/VisualScripting.Core/Widgets/StickyNote/StickyNoteWidget.cs - Importer: ScriptedImporter/UnityEditor.QuickSearchModule:UnityEditor.Search:ASIAI0B' with importer (ScriptedImporter : UnityEditor.QuickSearchModule:UnityEditor.Search:ASIAI0B)
Imported 'GUID: 12f5bc5527c2418f84e8308d16026fe5' -> (Import Result ID: '91f776db728d9306b7e258efdd969d31') in 0.001 seconds [static and dynamic dependencies]. Details - ImportResultOutputID=3b40c50908466fd295164ace0c1e7797 DependenciesID=70558890e08e13bfb0b35f94dace2c88 StaticDependenciesID=702291b37e321891619773f88ea62b53 
Number of updated asset objects reloaded before import = 0
Number of asset objects unloaded after import = 0
========================================================================
Received Import Request.
  Time of request: 2026-09-30T12:28:09.4274644Z
  Time since last request: 0.0004878 seconds.
  importAddress: GUID: 4eda0cc90c769438e8a22e872e15bf9a - Path: Packages/com.unity.visualscripting/Editor/VisualScripting.Flow/Framework/Codebase/CreateStructDescriptor.cs - Importer: ScriptedImporter/UnityEditor.QuickSearchModule:UnityEditor.Search:ASIAI0B
Importing 'GUID: 4eda0cc90c769438e8a22e872e15bf9a - Path: Packages/com.unity.visualscripting/Editor/VisualScripting.Flow/Framework/Codebase/CreateStructDescriptor.cs - Importer: ScriptedImporter/UnityEditor.QuickSearchModule:UnityEditor.Search:ASIAI0B' with importer (ScriptedImporter : UnityEditor.QuickSearchModule:UnityEditor.Search:ASIAI0B)
Imported 'GUID: 4eda0cc90c769438e8a22e872e15bf9a' -> (Import Result ID: '3bffd46281d906131e430af6e059da71') in 0.001 seconds [static and dynamic dependencies]. Details - ImportResultOutputID=041886ca458de5c0225f69fdba236817 DependenciesID=6f995057efd1fcea466cbdab9e3ce548 StaticDependenciesID=22fdf282f7f908500e5ae7084475bad4 
Number of updated asset objects reloaded before import = 0
Number of asset objects unloaded after import = 0
========================================================================
Received Import Request.
  Time of request: 2026-09-30T12:28:09.429451Z
  Time since last request: 0.0005626 seconds.
  importAddress: GUID: c4b20e749220c4de3bbd84eb1391371f - Path: Packages/com.unity.visualscripting/Editor/VisualScripting.Core/Widgets/Nodes/NodeWidget.cs - Importer: ScriptedImporter/UnityEditor.QuickSearchModule:UnityEditor.Search:ASIAI0B
Importing 'GUID: c4b20e749220c4de3bbd84eb1391371f - Path: Packages/com.unity.visualscripting/Editor/VisualScripting.Core/Widgets/Nodes/NodeWidget.cs - Importer: ScriptedImporter/UnityEditor.QuickSearchModule:UnityEditor.Search:ASIAI0B' with importer (ScriptedImporter : UnityEditor.QuickSearchModule:UnityEditor.Search:ASIAI0B)
Imported 'GUID: c4b20e749220c4de3bbd84eb1391371f' -> (Import Result ID: '9159707c9c96613107841dd15bcd87d5') in 0.001 seconds [static and dynamic dependencies]. Details - ImportResultOutputID=1fcb2b726d3bda9781d2d42aaad9017e DependenciesID=f710b6cd1a9389324d284788b4a57965 StaticDependenciesID=f5b9933b1daa4828c8f111c75fd96df4 
Number of updated asset objects reloaded before import = 0
Number of asset objects unloaded after import = 0
========================================================================
Received Import Request.
  Time of request: 2026-09-30T12:28:09.4313341Z
  Time since last request: 0.0003956 seconds.
  importAddress: GUID: 1d936f8125cf8482d829541d222e3f17 - Path: Packages/com.unity.visualscripting/Editor/VisualScripting.Flow/Framework/Codebase/LiteralOption.cs - Importer: ScriptedImporter/UnityEditor.QuickSearchModule:UnityEditor.Search:ASIAI0B
Importing 'GUID: 1d936f8125cf8482d829541d222e3f17 - Path: Packages/com.unity.visualscripting/Editor/VisualScripting.Flow/Framework/Codebase/LiteralOption.cs - Importer: ScriptedImporter/UnityEditor.QuickSearchModule:UnityEditor.Search:ASIAI0B' with importer (ScriptedImporter : UnityEditor.QuickSearchModule:UnityEditor.Search:ASIAI0B)
Imported 'GUID: 1d936f8125cf8482d829541d222e3f17' -> (Import Result ID: '36c282ee6ebfdb61903c762aa0cf460e') in 0.002 seconds [static and dynamic dependencies]. Details - ImportResultOutputID=eb54071eed8d5a6cc66d4f3af37e4866 DependenciesID=7dec68814d2801bc9fd06996cbbb0e63 StaticDependenciesID=bb49e2a3b779a59bafb97956bff7abda 
Number of updated asset objects reloaded before import = 0
Number of asset objects unloaded after import = 0
========================================================================
Received Import Request.
  Time of request: 2026-09-30T12:28:09.4337564Z
  Time since last request: 0.0006345 seconds.
  importAddress: GUID: 308bba4415a32497eac134cb5c638acc - Path: Packages/com.unity.visualscripting/Editor/VisualScripting.Flow/Framework/Control/SwitchOnStringDescriptor.cs - Importer: ScriptedImporter/UnityEditor.QuickSearchModule:UnityEditor.Search:ASIAI0B
Importing 'GUID: 308bba4415a32497eac134cb5c638acc - Path: Packages/com.unity.visualscripting/Editor/VisualScripting.Flow/Framework/Control/SwitchOnStringDescriptor.cs - Importer: ScriptedImporter/UnityEditor.QuickSearchModule:UnityEditor.Search:ASIAI0B' with importer (ScriptedImporter : UnityEditor.QuickSearchModule:UnityEditor.Search:ASIAI0B)
Imported 'GUID: 308bba4415a32497eac134cb5c638acc' -> (Import Result ID: '73fe899e524d3e77794bbe9d3ed102a1') in 0.002 seconds [static and dynamic dependencies]. Details - ImportResultOutputID=c0aacb6d19911ba8210efdef66c105c4 DependenciesID=57592cd209ffe948efd628b39c91050d StaticDependenciesID=22cdd07c90fbabf0cf2d86550810989d 
Number of updated asset objects reloaded before import = 0
Number of asset objects unloaded after import = 0
========================================================================
Received Import Request.
  Time of request: 2026-09-30T12:28:09.4361482Z
  Time since last request: 0.0001989 seconds.
  importAddress: GUID: 413fd83b3801f0544a144089f595fb44 - Path: Packages/com.unity.visualscripting/Editor/VisualScripting.Core/Plugin/Migrations/Migration_Asset_to_Package.cs - Importer: ScriptedImporter/UnityEditor.QuickSearchModule:UnityEditor.Search:ASIAI0B
Importing 'GUID: 413fd83b3801f0544a144089f595fb44 - Path: Packages/com.unity.visualscripting/Editor/VisualScripting.Core/Plugin/Migrations/Migration_Asset_to_Package.cs - Importer: ScriptedImporter/UnityEditor.QuickSearchModule:UnityEditor.Search:ASIAI0B' with importer (ScriptedImporter : UnityEditor.QuickSearchModule:UnityEditor.Search:ASIAI0B)
Imported 'GUID: 413fd83b3801f0544a144089f595fb44' -> (Import Result ID: 'ea89badce5b7bee5a3ce3a0ec769601f') in 0.001 seconds [static and dynamic dependencies]. Details - ImportResultOutputID=48ecebca51e4827f90ae55ecf6f95beb DependenciesID=7a0080874a1489d7fcd43e7a4d87b169 StaticDependenciesID=f2416052ddf2e30f3f552cec6f8dfbc4 
Number of updated asset objects reloaded before import = 0
Number of asset objects unloaded after import = 0
========================================================================
Received Import Request.
  Time of request: 2026-09-30T12:28:09.4381459Z
  Time since last request: 0.0004909 seconds.
  importAddress: GUID: e5deae2e654bb4bc086635b77b883b36 - Path: Packages/com.unity.visualscripting/Editor/VisualScripting.Flow/Framework/Codebase/ExposeOption.cs - Importer: ScriptedImporter/UnityEditor.QuickSearchModule:UnityEditor.Search:ASIAI0B
Importing 'GUID: e5deae2e654bb4bc086635b77b883b36 - Path: Packages/com.unity.visualscripting/Editor/VisualScripting.Flow/Framework/Codebase/ExposeOption.cs - Importer: ScriptedImporter/UnityEditor.QuickSearchModule:UnityEditor.Search:ASIAI0B' with importer (ScriptedImporter : UnityEditor.QuickSearchModule:UnityEditor.Search:ASIAI0B)
Imported 'GUID: e5deae2e654bb4bc086635b77b883b36' -> (Import Result ID: '9f515e4200ac03173f380c1d6698a242') in 0.002 seconds [static and dynamic dependencies]. Details - ImportResultOutputID=c85745698887bde7262978072709b223 DependenciesID=4457a028f8c437f934dda9b3aa82aea6 StaticDependenciesID=07158c80f957fd6977160bcb7b7fe221 
Number of updated asset objects reloaded before import = 0
Number of asset objects unloaded after import = 0
========================================================================
Received Import Request.
  Time of request: 2026-09-30T12:28:09.442625Z
  Time since last request: 0.0028084 seconds.
  importAddress: GUID: 0de8b1e3472c14ae99456cce529e933c - Path: Packages/com.unity.visualscripting/Editor/VisualScripting.Flow/Framework/Codebase/LiteralInspector.cs - Importer: ScriptedImporter/UnityEditor.QuickSearchModule:UnityEditor.Search:ASIAI0B
Importing 'GUID: 0de8b1e3472c14ae99456cce529e933c - Path: Packages/com.unity.visualscripting/Editor/VisualScripting.Flow/Framework/Codebase/LiteralInspector.cs - Importer: ScriptedImporter/UnityEditor.QuickSearchModule:UnityEditor.Search:ASIAI0B' with importer (ScriptedImporter : UnityEditor.QuickSearchModule:UnityEditor.Search:ASIAI0B)
Imported 'GUID: 0de8b1e3472c14ae99456cce529e933c' -> (Import Result ID: '5c2dcc3aacc8a8df6542a0da7e965175') in 0.002 seconds [static and dynamic dependencies]. Details - ImportResultOutputID=4fd01579474d498accbcd167c7f9e778 DependenciesID=cf2f56d2ad2540bdfb8857bab1619a93 StaticDependenciesID=672461286a8ff83c5175ccf1809a0be3 
Number of updated asset objects reloaded before import = 0
Number of asset objects unloaded after import = 0
========================================================================
Received Import Request.
  Time of request: 2026-09-30T12:28:09.4448087Z
  Time since last request: 0.0003778 seconds.
  importAddress: GUID: 946af99fc6ca141dd8305988366f2969 - Path: Packages/com.unity.visualscripting/Editor/VisualScripting.Flow/Framework/Control/SelectUnitDescriptor.cs - Importer: ScriptedImporter/UnityEditor.QuickSearchModule:UnityEditor.Search:ASIAI0B
Importing 'GUID: 946af99fc6ca141dd8305988366f2969 - Path: Packages/com.unity.visualscripting/Editor/VisualScripting.Flow/Framework/Control/SelectUnitDescriptor.cs - Importer: ScriptedImporter/UnityEditor.QuickSearchModule:UnityEditor.Search:ASIAI0B' with importer (ScriptedImporter : UnityEditor.QuickSearchModule:UnityEditor.Search:ASIAI0B)
Imported 'GUID: 946af99fc6ca141dd8305988366f2969' -> (Import Result ID: 'ea6f2805fca65e35b31348ebc505d84c') in 0.002 seconds [static and dynamic dependencies]. Details - ImportResultOutputID=53236280c2eac1e8343a234515ae5f26 DependenciesID=45bd1ac4e956752d66e065e1b570011b StaticDependenciesID=a28bc9464a0bd55c836cf535af78f3d1 
Number of updated asset objects reloaded before import = 0
Number of asset objects unloaded after import = 0
========================================================================
Received Import Request.
  Time of request: 2026-09-30T12:28:09.4469268Z
  Time since last request: 0.0003126 seconds.
  importAddress: GUID: 8af71300e06234be5a54dbdf389498ba - Path: Packages/com.unity.visualscripting/Editor/VisualScripting.Core/Windows/AboutWindow/ChangelogPage.cs - Importer: ScriptedImporter/UnityEditor.QuickSearchModule:UnityEditor.Search:ASIAI0B
Importing 'GUID: 8af71300e06234be5a54dbdf389498ba - Path: Packages/com.unity.visualscripting/Editor/VisualScripting.Core/Windows/AboutWindow/ChangelogPage.cs - Importer: ScriptedImporter/UnityEditor.QuickSearchModule:UnityEditor.Search:ASIAI0B' with importer (ScriptedImporter : UnityEditor.QuickSearchModule:UnityEditor.Search:ASIAI0B)
Imported 'GUID: 8af71300e06234be5a54dbdf389498ba' -> (Import Result ID: '672da28d05fe9bae9699152a1609891c') in 0.002 seconds [static and dynamic dependencies]. Details - ImportResultOutputID=77c535646fa9d43ea4093ec7cb6ccda0 DependenciesID=231dbd95cd93c020b27e99492a990b0b StaticDependenciesID=66005af3b7467efd3b5d0fedf3d5c7c4 
Number of updated asset objects reloaded before import = 0
Number of asset objects unloaded after import = 0
========================================================================
Received Import Request.
  Time of request: 2026-09-30T12:28:09.4492362Z
  Time since last request: 0.0002768 seconds.
  importAddress: GUID: 04c08655b26284f21b41bddeec3acd2c - Path: Packages/com.unity.visualscripting/Editor/VisualScripting.Flow/Framework/Codebase/LiteralWidget.cs - Importer: ScriptedImporter/UnityEditor.QuickSearchModule:UnityEditor.Search:ASIAI0B
Importing 'GUID: 04c08655b26284f21b41bddeec3acd2c - Path: Packages/com.unity.visualscripting/Editor/VisualScripting.Flow/Framework/Codebase/LiteralWidget.cs - Importer: ScriptedImporter/UnityEditor.QuickSearchModule:UnityEditor.Search:ASIAI0B' with importer (ScriptedImporter : UnityEditor.QuickSearchModule:UnityEditor.Search:ASIAI0B)
Imported 'GUID: 04c08655b26284f21b41bddeec3acd2c' -> (Import Result ID: '543f388eac31b7e0865c91c5ea092aef') in 0.002 seconds [static and dynamic dependencies]. Details - ImportResultOutputID=42ac65a8f21c992a94d3dceff038de71 DependenciesID=00c38fd224401daad31ace1ca4b9d2c2 StaticDependenciesID=e586892d18bcdba39cd0b221df4f1679 
Number of updated asset objects reloaded before import = 0
Number of asset objects unloaded after import = 0
========================================================================
Received Import Request.
  Time of request: 2026-09-30T12:28:09.4520249Z
  Time since last request: 0.0004809 seconds.
  importAddress: GUID: d6d39866c3a214bf18a1c85c0f926305 - Path: Packages/com.unity.visualscripting/Editor/VisualScripting.Flow/Framework/Control/SequenceDescriptor.cs - Importer: ScriptedImporter/UnityEditor.QuickSearchModule:UnityEditor.Search:ASIAI0B
Importing 'GUID: d6d39866c3a214bf18a1c85c0f926305 - Path: Packages/com.unity.visualscripting/Editor/VisualScripting.Flow/Framework/Control/SequenceDescriptor.cs - Importer: ScriptedImporter/UnityEditor.QuickSearchModule:UnityEditor.Search:ASIAI0B' with importer (ScriptedImporter : UnityEditor.QuickSearchModule:UnityEditor.Search:ASIAI0B)
Imported 'GUID: d6d39866c3a214bf18a1c85c0f926305' -> (Import Result ID: '4ea445ecc5fe0db43a6c0bdf381de707') in 0.003 seconds [static and dynamic dependencies]. Details - ImportResultOutputID=acfb4d7071c2c3452ab428dddba01b03 DependenciesID=5fc08ad356f704dd51be33a8bfcf416b StaticDependenciesID=1c5e1e74f4de9ca817a3197fc65494a3 
Number of updated asset objects reloaded before import = 0
Number of asset objects unloaded after import = 0
========================================================================
Received Import Request.
  Time of request: 2026-09-30T12:28:09.4556465Z
  Time since last request: 0.0005073 seconds.
  importAddress: GUID: e391928ec26554bb6a8c432069d4d080 - Path: Packages/com.unity.visualscripting/Editor/VisualScripting.Flow/Framework/Control/ForEachDescriptor.cs - Importer: ScriptedImporter/UnityEditor.QuickSearchModule:UnityEditor.Search:ASIAI0B
Importing 'GUID: e391928ec26554bb6a8c432069d4d080 - Path: Packages/com.unity.visualscripting/Editor/VisualScripting.Flow/Framework/Control/ForEachDescriptor.cs - Importer: ScriptedImporter/UnityEditor.QuickSearchModule:UnityEditor.Search:ASIAI0B' with importer (ScriptedImporter : UnityEditor.QuickSearchModule:UnityEditor.Search:ASIAI0B)
Imported 'GUID: e391928ec26554bb6a8c432069d4d080' -> (Import Result ID: '9ebedf5450418924ef465bfa9edc5f6b') in 0.002 seconds [static and dynamic dependencies]. Details - ImportResultOutputID=5c61daba0a99fbf76f25da1bde3d6bb4 DependenciesID=bbc4e5fab227ea6c8cc5d84b1e988265 StaticDependenciesID=47b32fdb68d110d863068910c5b10441 
Number of updated asset objects reloaded before import = 0
Number of asset objects unloaded after import = 0
========================================================================
Received Import Request.
  Time of request: 2026-09-30T12:28:09.4580247Z
  Time since last request: 0.0003229 seconds.
  importAddress: GUID: 4981e1df4d7142528afeec7ba28fbae3 - Path: Packages/com.unity.visualscripting/Editor/VisualScripting.Flow/Framework/Control/ForAnalyser.cs - Importer: ScriptedImporter/UnityEditor.QuickSearchModule:UnityEditor.Search:ASIAI0B
Importing 'GUID: 4981e1df4d7142528afeec7ba28fbae3 - Path: Packages/com.unity.visualscripting/Editor/VisualScripting.Flow/Framework/Control/ForAnalyser.cs - Importer: ScriptedImporter/UnityEditor.QuickSearchModule:UnityEditor.Search:ASIAI0B' with importer (ScriptedImporter : UnityEditor.QuickSearchModule:UnityEditor.Search:ASIAI0B)
Imported 'GUID: 4981e1df4d7142528afeec7ba28fbae3' -> (Import Result ID: 'ef1fcbed673860b7e06b969606d18d8b') in 0.002 seconds [static and dynamic dependencies]. Details - ImportResultOutputID=27cf5a4c6d7e713954b8821fee0c8df7 DependenciesID=1600e99bf0bbf1329fc255f3c4a41ed6 StaticDependenciesID=c05cb9cef723b785a24dc78b1bce119f 
Number of updated asset objects reloaded before import = 0
Number of asset objects unloaded after import = 0
========================================================================
Received Import Request.
  Time of request: 2026-09-30T12:28:09.4608743Z
  Time since last request: 0.0004018 seconds.
  importAddress: GUID: 06b8f93aa2ba64eac9ee9a125109551b - Path: Packages/com.unity.visualscripting/Editor/VisualScripting.Core/Windows/Sidebars/Sidebars.cs - Importer: ScriptedImporter/UnityEditor.QuickSearchModule:UnityEditor.Search:ASIAI0B
Importing 'GUID: 06b8f93aa2ba64eac9ee9a125109551b - Path: Packages/com.unity.visualscripting/Editor/VisualScripting.Core/Windows/Sidebars/Sidebars.cs - Importer: ScriptedImporter/UnityEditor.QuickSearchModule:UnityEditor.Search:ASIAI0B' with importer (ScriptedImporter : UnityEditor.QuickSearchModule:UnityEditor.Search:ASIAI0B)
Imported 'GUID: 06b8f93aa2ba64eac9ee9a125109551b' -> (Import Result ID: 'bd596ee914452e507788d2a5c204a887') in 0.001 seconds [static and dynamic dependencies]. Details - ImportResultOutputID=91258d1594df2c0f9aed04c14cde60cb DependenciesID=4ee3c787efb128fa3e7bbda014bf7975 StaticDependenciesID=4c2accf2d61d9a54cb41650927fe4ec7 
Number of updated asset objects reloaded before import = 0
Number of asset objects unloaded after import = 0
========================================================================
Received Import Request.
  Time of request: 2026-09-30T12:28:09.4630998Z
  Time since last request: 0.0006002 seconds.
  importAddress: GUID: b72ae9b40005d4cd7a962e49f92db497 - Path: Packages/com.unity.visualscripting/Editor/VisualScripting.Flow/Framework/Control/SelectOnFlowDescriptor.cs - Importer: ScriptedImporter/UnityEditor.QuickSearchModule:UnityEditor.Search:ASIAI0B
Importing 'GUID: b72ae9b40005d4cd7a962e49f92db497 - Path: Packages/com.unity.visualscripting/Editor/VisualScripting.Flow/Framework/Control/SelectOnFlowDescriptor.cs - Importer: ScriptedImporter/UnityEditor.QuickSearchModule:UnityEditor.Search:ASIAI0B' with importer (ScriptedImporter : UnityEditor.QuickSearchModule:UnityEditor.Search:ASIAI0B)
Imported 'GUID: b72ae9b40005d4cd7a962e49f92db497' -> (Import Result ID: 'fdaa3a810cd9b9922e49433b4e523426') in 0.002 seconds [static and dynamic dependencies]. Details - ImportResultOutputID=9d343f85bc7a1494aeef1b38f8ccd133 DependenciesID=e8155336dd558f601f358968e86cc5d1 StaticDependenciesID=dda8804866515411851304851889bfe2 
Number of updated asset objects reloaded before import = 0
Number of asset objects unloaded after import = 0
========================================================================
Received Import Request.
  Time of request: 2026-09-30T12:28:09.4778886Z
  Time since last request: 0.0129911 seconds.
  importAddress: GUID: 67b4b452425e74ecbb80e16f8f3b7fd7 - Path: Packages/com.unity.visualscripting/Editor/VisualScripting.Flow/Plugin/Migrations/Migration_1_2_4_to_1_3_0.cs - Importer: ScriptedImporter/UnityEditor.QuickSearchModule:UnityEditor.Search:ASIAI0B
Importing 'GUID: 67b4b452425e74ecbb80e16f8f3b7fd7 - Path: Packages/com.unity.visualscripting/Editor/VisualScripting.Flow/Plugin/Migrations/Migration_1_2_4_to_1_3_0.cs - Importer: ScriptedImporter/UnityEditor.QuickSearchModule:UnityEditor.Search:ASIAI0B' with importer (ScriptedImporter : UnityEditor.QuickSearchModule:UnityEditor.Search:ASIAI0B)
Imported 'GUID: 67b4b452425e74ecbb80e16f8f3b7fd7' -> (Import Result ID: '1339e4cf37c9fce9429bdd4c58a2a8d9') in 0.002 seconds [static and dynamic dependencies]. Details - ImportResultOutputID=73bccf240ea5174647903b081636b128 DependenciesID=7561a742566b93ae21a9e928d904d491 StaticDependenciesID=0e883d6f380636e0f343bf21e1cf0c31 
Number of updated asset objects reloaded before import = 0
Number of asset objects unloaded after import = 0
========================================================================
Received Import Request.
  Time of request: 2026-09-30T12:28:09.4809174Z
  Time since last request: 0.0009838 seconds.
  importAddress: GUID: 15fc2d4ef8afe4fc89ea6fd070a0b940 - Path: Packages/com.unity.visualscripting/Editor/VisualScripting.Flow/Plugin/Changelogs/Changelog_1_0_0.cs - Importer: ScriptedImporter/UnityEditor.QuickSearchModule:UnityEditor.Search:ASIAI0B
Importing 'GUID: 15fc2d4ef8afe4fc89ea6fd070a0b940 - Path: Packages/com.unity.visualscripting/Editor/VisualScripting.Flow/Plugin/Changelogs/Changelog_1_0_0.cs - Importer: ScriptedImporter/UnityEditor.QuickSearchModule:UnityEditor.Search:ASIAI0B' with importer (ScriptedImporter : UnityEditor.QuickSearchModule:UnityEditor.Search:ASIAI0B)
Imported 'GUID: 15fc2d4ef8afe4fc89ea6fd070a0b940' -> (Import Result ID: 'e562a0ed1eeb8b5d243b204cb14aac13') in 0.002 seconds [static and dynamic dependencies]. Details - ImportResultOutputID=be74307e9e5ddb05cd54713310c509ef DependenciesID=884368c9440360e15462d847caff464c StaticDependenciesID=560b0d16d3f6d22c684aee69bfef7fd6 
Number of updated asset objects reloaded before import = 0
Number of asset objects unloaded after import = 0
========================================================================
Received Import Request.
  Time of request: 2026-09-30T12:28:09.4836988Z
  Time since last request: 0.0004456 seconds.
  importAddress: GUID: e2e9bd39536a24cc7b4597a9d712cf91 - Path: Packages/com.unity.visualscripting/Editor/VisualScripting.Flow/Plugin/Changelogs/Changelog_1_4_0.cs - Importer: ScriptedImporter/UnityEditor.QuickSearchModule:UnityEditor.Search:ASIAI0B
Importing 'GUID: e2e9bd39536a24cc7b4597a9d712cf91 - Path: Packages/com.unity.visualscripting/Editor/VisualScripting.Flow/Plugin/Changelogs/Changelog_1_4_0.cs - Importer: ScriptedImporter/UnityEditor.QuickSearchModule:UnityEditor.Search:ASIAI0B' with importer (ScriptedImporter : UnityEditor.QuickSearchModule:UnityEditor.Search:ASIAI0B)
Imported 'GUID: e2e9bd39536a24cc7b4597a9d712cf91' -> (Import Result ID: 'db58853364bdc72f6564b1562d7ffa9a') in 0.002 seconds [static and dynamic dependencies]. Details - ImportResultOutputID=63c50dbf4c4a65216a66d3b635b0a73c DependenciesID=45b76b18c820b39e841fc22291fada2e StaticDependenciesID=11e8098665010bc3f8b9c07d98dd34da 
Number of updated asset objects reloaded before import = 0
Number of asset objects unloaded after import = 0
========================================================================
Received Import Request.
  Time of request: 2026-09-30T12:28:09.4865153Z
  Time since last request: 0.0006662 seconds.
  importAddress: GUID: 4707fa01fbb6d42e8a05d7d7f83d784f - Path: Packages/com.unity.visualscripting/Editor/VisualScripting.Flow/Framework/Nesting/GraphInputWidget.cs - Importer: ScriptedImporter/UnityEditor.QuickSearchModule:UnityEditor.Search:ASIAI0B
Importing 'GUID: 4707fa01fbb6d42e8a05d7d7f83d784f - Path: Packages/com.unity.visualscripting/Editor/VisualScripting.Flow/Framework/Nesting/GraphInputWidget.cs - Importer: ScriptedImporter/UnityEditor.QuickSearchModule:UnityEditor.Search:ASIAI0B' with importer (ScriptedImporter : UnityEditor.QuickSearchModule:UnityEditor.Search:ASIAI0B)
Imported 'GUID: 4707fa01fbb6d42e8a05d7d7f83d784f' -> (Import Result ID: 'd8b093ba6367409f34dd7aba36bc7468') in 0.002 seconds [static and dynamic dependencies]. Details - ImportResultOutputID=ecab3a5f374e6923e1525fbffe2b2597 DependenciesID=f93eb769c1f013b1c51fc75fef7952fc StaticDependenciesID=1eca7142ccefc4e8527dab9e0b9130bc 
Number of updated asset objects reloaded before import = 0
Number of asset objects unloaded after import = 0
========================================================================
Received Import Request.
  Time of request: 2026-09-30T12:28:09.488761Z
  Time since last request: 0.0002402 seconds.
  importAddress: GUID: 53709213c80e64e459b3216874d1f931 - Path: Packages/com.unity.visualscripting/Editor/VisualScripting.Flow/Framework/Variables/VariableKindOption.cs - Importer: ScriptedImporter/UnityEditor.QuickSearchModule:UnityEditor.Search:ASIAI0B
Importing 'GUID: 53709213c80e64e459b3216874d1f931 - Path: Packages/com.unity.visualscripting/Editor/VisualScripting.Flow/Framework/Variables/VariableKindOption.cs - Importer: ScriptedImporter/UnityEditor.QuickSearchModule:UnityEditor.Search:ASIAI0B' with importer (ScriptedImporter : UnityEditor.QuickSearchModule:UnityEditor.Search:ASIAI0B)
Imported 'GUID: 53709213c80e64e459b3216874d1f931' -> (Import Result ID: 'a69cddb4c8bb51d25df1d577fe622b23') in 0.001 seconds [static and dynamic dependencies]. Details - ImportResultOutputID=ec2e4dd3be89d78e66ac6011aeea7581 DependenciesID=348e45d86290d94568f98f28e190517b StaticDependenciesID=f5ded976553b2e83ce82c3dd8be4898d 
Number of updated asset objects reloaded before import = 0
Number of asset objects unloaded after import = 0
========================================================================
Received Import Request.
  Time of request: 2026-09-30T12:28:09.4906472Z
  Time since last request: 0.0002574 seconds.
  importAddress: GUID: a2de589ab38604e128d8eed8afc2d428 - Path: Packages/com.unity.visualscripting/Editor/VisualScripting.Flow/Plugin/Changelogs/Changelog_1_4_8.cs - Importer: ScriptedImporter/UnityEditor.QuickSearchModule:UnityEditor.Search:ASIAI0B
Importing 'GUID: a2de589ab38604e128d8eed8afc2d428 - Path: Packages/com.unity.visualscripting/Editor/VisualScripting.Flow/Plugin/Changelogs/Changelog_1_4_8.cs - Importer: ScriptedImporter/UnityEditor.QuickSearchModule:UnityEditor.Search:ASIAI0B' with importer (ScriptedImporter : UnityEditor.QuickSearchModule:UnityEditor.Search:ASIAI0B)
Imported 'GUID: a2de589ab38604e128d8eed8afc2d428' -> (Import Result ID: '79edc2d6f673dae413ab4733550387ee') in 0.002 seconds [static and dynamic dependencies]. Details - ImportResultOutputID=5d536e93b5bc3e84441a6a6b5c87b870 DependenciesID=5708f547d22c79a4d601b0fa1e55dca1 StaticDependenciesID=a61b6cf496c105eed9312ac4e877067d 
Number of updated asset objects reloaded before import = 0
Number of asset objects unloaded after import = 0
========================================================================
Received Import Request.
  Time of request: 2026-09-30T12:28:09.4928447Z
  Time since last request: 0.000329 seconds.
  importAddress: GUID: f131db2d7d34b49aa8a8f3325a83b788 - Path: Packages/com.unity.visualscripting/Editor/VisualScripting.Flow/Framework/Nesting/GraphOutputInspector.cs - Importer: ScriptedImporter/UnityEditor.QuickSearchModule:UnityEditor.Search:ASIAI0B
Importing 'GUID: f131db2d7d34b49aa8a8f3325a83b788 - Path: Packages/com.unity.visualscripting/Editor/VisualScripting.Flow/Framework/Nesting/GraphOutputInspector.cs - Importer: ScriptedImporter/UnityEditor.QuickSearchModule:UnityEditor.Search:ASIAI0B' with importer (ScriptedImporter : UnityEditor.QuickSearchModule:UnityEditor.Search:ASIAI0B)
Imported 'GUID: f131db2d7d34b49aa8a8f3325a83b788' -> (Import Result ID: 'e3906ad8e72326cb36d70faeab3f797c') in 0.003 seconds [static and dynamic dependencies]. Details - ImportResultOutputID=2f2219ff5754d9435146cb7982f6620d DependenciesID=8b84ae2cece9ec1dec07af1fd66d7084 StaticDependenciesID=641a0a1fc3d3228c08243b41d3ba3e90 
Number of updated asset objects reloaded before import = 0
Number of asset objects unloaded after import = 0
========================================================================
Received Import Request.
  Time of request: 2026-09-30T12:28:09.4963095Z
  Time since last request: 0.0003484 seconds.
  importAddress: GUID: 47dce94c9e7904b6fbac4e3f2f8a4949 - Path: Packages/com.unity.visualscripting/Editor/VisualScripting.Flow/Plugin/Migrations/Migration_1_3_0_to_1_4_0.cs - Importer: ScriptedImporter/UnityEditor.QuickSearchModule:UnityEditor.Search:ASIAI0B
Importing 'GUID: 47dce94c9e7904b6fbac4e3f2f8a4949 - Path: Packages/com.unity.visualscripting/Editor/VisualScripting.Flow/Plugin/Migrations/Migration_1_3_0_to_1_4_0.cs - Importer: ScriptedImporter/UnityEditor.QuickSearchModule:UnityEditor.Search:ASIAI0B' with importer (ScriptedImporter : UnityEditor.QuickSearchModule:UnityEditor.Search:ASIAI0B)
Imported 'GUID: 47dce94c9e7904b6fbac4e3f2f8a4949' -> (Import Result ID: '3da83457f277172f9645645f95a1e3d2') in 0.001 seconds [static and dynamic dependencies]. Details - ImportResultOutputID=87e2b265305a45bff6339f17174331cd DependenciesID=58e05fb04c5c9c567ad18ce3ce56ea7f StaticDependenciesID=4818cd4681b5d4d37e50b06c837be3e4 
Number of updated asset objects reloaded before import = 0
Number of asset objects unloaded after import = 0
========================================================================
Received Import Request.
  Time of request: 2026-09-30T12:28:09.4982754Z
  Time since last request: 0.0004546 seconds.
  importAddress: GUID: 8b54864aef8ec4f4fb922b942562d746 - Path: Packages/com.unity.visualscripting/Editor/VisualScripting.Flow/Framework/Variables/UnifiedVariableUnitOption.cs - Importer: ScriptedImporter/UnityEditor.QuickSearchModule:UnityEditor.Search:ASIAI0B
Importing 'GUID: 8b54864aef8ec4f4fb922b942562d746 - Path: Packages/com.unity.visualscripting/Editor/VisualScripting.Flow/Framework/Variables/UnifiedVariableUnitOption.cs - Importer: ScriptedImporter/UnityEditor.QuickSearchModule:UnityEditor.Search:ASIAI0B' with importer (ScriptedImporter : UnityEditor.QuickSearchModule:UnityEditor.Search:ASIAI0B)
Imported 'GUID: 8b54864aef8ec4f4fb922b942562d746' -> (Import Result ID: 'a7f2cb50533655a70685daf91bb1c64d') in 0.002 seconds [static and dynamic dependencies]. Details - ImportResultOutputID=f8dc50a493a0155f75981aa7d5217c0c DependenciesID=102580b5e0c098ff8c4c3ae5c7cc3be3 StaticDependenciesID=4c1b5f25b6977b17a48eef267f06cac2 
Number of updated asset objects reloaded before import = 0
Number of asset objects unloaded after import = 0
========================================================================
Received Import Request.
  Time of request: 2026-09-30T12:28:09.5004363Z
  Time since last request: 0.0004085 seconds.
  importAddress: GUID: 4aa4ecc37c1a147c1b3658b615afb89a - Path: Packages/com.unity.visualscripting/Editor/VisualScripting.Flow/Framework/Nesting/NesterUnitDescriptor.cs - Importer: ScriptedImporter/UnityEditor.QuickSearchModule:UnityEditor.Search:ASIAI0B
Importing 'GUID: 4aa4ecc37c1a147c1b3658b615afb89a - Path: Packages/com.unity.visualscripting/Editor/VisualScripting.Flow/Framework/Nesting/NesterUnitDescriptor.cs - Importer: ScriptedImporter/UnityEditor.QuickSearchModule:UnityEditor.Search:ASIAI0B' with importer (ScriptedImporter : UnityEditor.QuickSearchModule:UnityEditor.Search:ASIAI0B)
Imported 'GUID: 4aa4ecc37c1a147c1b3658b615afb89a' -> (Import Result ID: '48285c61598be0545c5277ab2082210a') in 0.003 seconds [static and dynamic dependencies]. Details - ImportResultOutputID=15bf2be984ee19566d6a7f40b0961535 DependenciesID=2583fc8311170242362a471de97ced0b StaticDependenciesID=5b366579547ac32dc99bb37a59ffc5be 
Number of updated asset objects reloaded before import = 0
Number of asset objects unloaded after import = 0
========================================================================
Received Import Request.
  Time of request: 2026-09-30T12:28:09.5035904Z
  Time since last request: 0.0004314 seconds.
  importAddress: GUID: 237934135a3b1433eade240044ab5490 - Path: Packages/com.unity.visualscripting/Editor/VisualScripting.State/Plugin/Changelogs/Changelog_1_2_3.cs - Importer: ScriptedImporter/UnityEditor.QuickSearchModule:UnityEditor.Search:ASIAI0B
Importing 'GUID: 237934135a3b1433eade240044ab5490 - Path: Packages/com.unity.visualscripting/Editor/VisualScripting.State/Plugin/Changelogs/Changelog_1_2_3.cs - Importer: ScriptedImporter/UnityEditor.QuickSearchModule:UnityEditor.Search:ASIAI0B' with importer (ScriptedImporter : UnityEditor.QuickSearchModule:UnityEditor.Search:ASIAI0B)
Imported 'GUID: 237934135a3b1433eade240044ab5490' -> (Import Result ID: '99b1447a1b8e4147eba2203092332d72') in 0.002 seconds [static and dynamic dependencies]. Details - ImportResultOutputID=d5646e18a789e4e335f98fb30cc3145a DependenciesID=6a3f154c05d8739e572b829eda721c08 StaticDependenciesID=c2105dd62b38d5f9765ac5d57a22ffee 
Number of updated asset objects reloaded before import = 0
Number of asset objects unloaded after import = 0
========================================================================
Received Import Request.
  Time of request: 2026-09-30T12:28:09.5055403Z
  Time since last request: 0.0002491 seconds.
  importAddress: GUID: 37ee537227ac94804ab3f383727f88d1 - Path: Packages/com.unity.visualscripting/Editor/VisualScripting.Flow/Framework/Time/WaitForFlowDescriptor.cs - Importer: ScriptedImporter/UnityEditor.QuickSearchModule:UnityEditor.Search:ASIAI0B
Importing 'GUID: 37ee537227ac94804ab3f383727f88d1 - Path: Packages/com.unity.visualscripting/Editor/VisualScripting.Flow/Framework/Time/WaitForFlowDescriptor.cs - Importer: ScriptedImporter/UnityEditor.QuickSearchModule:UnityEditor.Search:ASIAI0B' with importer (ScriptedImporter : UnityEditor.QuickSearchModule:UnityEditor.Search:ASIAI0B)
Imported 'GUID: 37ee537227ac94804ab3f383727f88d1' -> (Import Result ID: '0aa755e9be88cca3d26b00361476500c') in 0.002 seconds [static and dynamic dependencies]. Details - ImportResultOutputID=de61bbaf4840e9d3132b73e6759ea40f DependenciesID=312189a96cd6ee8490ab36276a16ec69 StaticDependenciesID=8207979e05cd4a3e016a56e654b7df7d 
Number of updated asset objects reloaded before import = 0
Number of asset objects unloaded after import = 0
========================================================================
Received Import Request.
  Time of request: 2026-09-30T12:28:09.5074751Z
  Time since last request: 0.000214 seconds.
  importAddress: GUID: 2b77970be97c9406697a53cdb575f692 - Path: Packages/com.unity.visualscripting/Editor/VisualScripting.Flow/Plugin/Changelogs/Changelog_1_4_2.cs - Importer: ScriptedImporter/UnityEditor.QuickSearchModule:UnityEditor.Search:ASIAI0B
Importing 'GUID: 2b77970be97c9406697a53cdb575f692 - Path: Packages/com.unity.visualscripting/Editor/VisualScripting.Flow/Plugin/Changelogs/Changelog_1_4_2.cs - Importer: ScriptedImporter/UnityEditor.QuickSearchModule:UnityEditor.Search:ASIAI0B' with importer (ScriptedImporter : UnityEditor.QuickSearchModule:UnityEditor.Search:ASIAI0B)
Imported 'GUID: 2b77970be97c9406697a53cdb575f692' -> (Import Result ID: 'bef5eebd746a6f7efe8c4de460c13dab') in 0.001 seconds [static and dynamic dependencies]. Details - ImportResultOutputID=398d512aa8199c5a177d0063f5a8aca7 DependenciesID=4d080856615a73d27c1a5dc41c94fdf3 StaticDependenciesID=22a1c0dfec5d3cd09b4d8e70b6755aa1 
Number of updated asset objects reloaded before import = 0
Number of asset objects unloaded after import = 0
========================================================================
Received Import Request.
  Time of request: 2026-09-30T12:28:09.509139Z
  Time since last request: 0.0002432 seconds.
  importAddress: GUID: 8246e995aafc341d299ef4fa86fdf7b7 - Path: Packages/com.unity.visualscripting/Editor/VisualScripting.Flow/Plugin/Changelogs/Changelog_1_0_1.cs - Importer: ScriptedImporter/UnityEditor.QuickSearchModule:UnityEditor.Search:ASIAI0B
Importing 'GUID: 8246e995aafc341d299ef4fa86fdf7b7 - Path: Packages/com.unity.visualscripting/Editor/VisualScripting.Flow/Plugin/Changelogs/Changelog_1_0_1.cs - Importer: ScriptedImporter/UnityEditor.QuickSearchModule:UnityEditor.Search:ASIAI0B' with importer (ScriptedImporter : UnityEditor.QuickSearchModule:UnityEditor.Search:ASIAI0B)
Imported 'GUID: 8246e995aafc341d299ef4fa86fdf7b7' -> (Import Result ID: '01f4e15469708c8771bdaccf515113a2') in 0.001 seconds [static and dynamic dependencies]. Details - ImportResultOutputID=47985cb0d458a1a4add1d81ca796efe7 DependenciesID=6b4d61ce3b28f879539f09aa2867298c StaticDependenciesID=f1e9dba78851c3b44b2943d96e7dd9c6 
Number of updated asset objects reloaded before import = 0
Number of asset objects unloaded after import = 0
========================================================================
Received Import Request.
  Time of request: 2026-09-30T12:28:09.5109473Z
  Time since last request: 0.000286 seconds.
  importAddress: GUID: 2f934162d2811436eb7a824dfc58a1f5 - Path: Packages/com.unity.visualscripting/Editor/VisualScripting.Flow/Framework/Nesting/GraphOutputAnalyser.cs - Importer: ScriptedImporter/UnityEditor.QuickSearchModule:UnityEditor.Search:ASIAI0B
Importing 'GUID: 2f934162d2811436eb7a824dfc58a1f5 - Path: Packages/com.unity.visualscripting/Editor/VisualScripting.Flow/Framework/Nesting/GraphOutputAnalyser.cs - Importer: ScriptedImporter/UnityEditor.QuickSearchModule:UnityEditor.Search:ASIAI0B' with importer (ScriptedImporter : UnityEditor.QuickSearchModule:UnityEditor.Search:ASIAI0B)
Imported 'GUID: 2f934162d2811436eb7a824dfc58a1f5' -> (Import Result ID: '3df09d923d4c1f54092bf6e144c5cb53') in 0.001 seconds [static and dynamic dependencies]. Details - ImportResultOutputID=fe2da688480d0f2bf6bfa634e59e369a DependenciesID=2ba70fb1b44455802d4a350493d1b260 StaticDependenciesID=e846e223b21a93cf60c6c96f11a177e4 
Number of updated asset objects reloaded before import = 0
Number of asset objects unloaded after import = 0
========================================================================
Received Import Request.
  Time of request: 2026-09-30T12:28:09.5127296Z
  Time since last request: 0.0001741 seconds.
  importAddress: GUID: 216a0cbaede884a7785cb137b90301b1 - Path: Packages/com.unity.visualscripting/Editor/VisualScripting.State/Plugin/Changelogs/Changelog_1_1_3.cs - Importer: ScriptedImporter/UnityEditor.QuickSearchModule:UnityEditor.Search:ASIAI0B
Importing 'GUID: 216a0cbaede884a7785cb137b90301b1 - Path: Packages/com.unity.visualscripting/Editor/VisualScripting.State/Plugin/Changelogs/Changelog_1_1_3.cs - Importer: ScriptedImporter/UnityEditor.QuickSearchModule:UnityEditor.Search:ASIAI0B' with importer (ScriptedImporter : UnityEditor.QuickSearchModule:UnityEditor.Search:ASIAI0B)
Imported 'GUID: 216a0cbaede884a7785cb137b90301b1' -> (Import Result ID: 'b036a8266ef25d21ebcc8fd838643a26') in 0.002 seconds [static and dynamic dependencies]. Details - ImportResultOutputID=4f35d6d9d1c73025d0496c245a5c6b03 DependenciesID=72ada0a7697af6846dd66eca5aeb2896 StaticDependenciesID=a3d50d9b026aec4fe91f96e543de1c3e 
Number of updated asset objects reloaded before import = 0
Number of asset objects unloaded after import = 0
========================================================================
Received Import Request.
  Time of request: 2026-09-30T12:28:09.5161321Z
  Time since last request: 0.0016793 seconds.
  importAddress: GUID: c87b8c463f7214cd88f60ae3f4ab4d4f - Path: Packages/com.unity.visualscripting/Editor/VisualScripting.Flow/Plugin/Migrations/Migration_1_2_0_to_1_2_2.cs - Importer: ScriptedImporter/UnityEditor.QuickSearchModule:UnityEditor.Search:ASIAI0B
Importing 'GUID: c87b8c463f7214cd88f60ae3f4ab4d4f - Path: Packages/com.unity.visualscripting/Editor/VisualScripting.Flow/Plugin/Migrations/Migration_1_2_0_to_1_2_2.cs - Importer: ScriptedImporter/UnityEditor.QuickSearchModule:UnityEditor.Search:ASIAI0B' with importer (ScriptedImporter : UnityEditor.QuickSearchModule:UnityEditor.Search:ASIAI0B)
Imported 'GUID: c87b8c463f7214cd88f60ae3f4ab4d4f' -> (Import Result ID: 'e3ee31e1d25e39f7c378c3598979e314') in 0.002 seconds [static and dynamic dependencies]. Details - ImportResultOutputID=8d42ac99b7f2d4f141ebc6e3a7c3a44d DependenciesID=11f203da2f07f4abd7a8ac6186bb44c1 StaticDependenciesID=368a9df0951136b614d71ff4eadcc211 
Number of updated asset objects reloaded before import = 0
Number of asset objects unloaded after import = 0
========================================================================
Received Import Request.
  Time of request: 2026-09-30T12:28:09.5192267Z
  Time since last request: 0.0007012 seconds.
  importAddress: GUID: 8c55736a7972cd241949ca6fc57125e7 - Path: Packages/com.unity.visualscripting/Editor/VisualScripting.Flow/Plugin/Migrations/Migration_Asset_to_Package.cs - Importer: ScriptedImporter/UnityEditor.QuickSearchModule:UnityEditor.Search:ASIAI0B
Importing 'GUID: 8c55736a7972cd241949ca6fc57125e7 - Path: Packages/com.unity.visualscripting/Editor/VisualScripting.Flow/Plugin/Migrations/Migration_Asset_to_Package.cs - Importer: ScriptedImporter/UnityEditor.QuickSearchModule:UnityEditor.Search:ASIAI0B' with importer (ScriptedImporter : UnityEditor.QuickSearchModule:UnityEditor.Search:ASIAI0B)
Imported 'GUID: 8c55736a7972cd241949ca6fc57125e7' -> (Import Result ID: '72ef13f2cc46c16eeae1039c156ca5a3') in 0.002 seconds [static and dynamic dependencies]. Details - ImportResultOutputID=4a2d4a280eb3e4e012b6c4b0b8e56c5f DependenciesID=06a06b26e196aa4b99d30d7c2b3a6eb2 StaticDependenciesID=57beb7113de441969540218b2c56a0b8 
Number of updated asset objects reloaded before import = 0
Number of asset objects unloaded after import = 0
========================================================================
Received Import Request.
  Time of request: 2026-09-30T12:28:09.5216757Z
  Time since last request: 0.0003006 seconds.
  importAddress: GUID: 2c693a7ac04049709a5412015f4be985 - Path: Packages/com.unity.visualscripting/Editor/VisualScripting.Flow/Plugin/Migrations/Migration_1_5_1_to_1_5_2.cs - Importer: ScriptedImporter/UnityEditor.QuickSearchModule:UnityEditor.Search:ASIAI0B
Importing 'GUID: 2c693a7ac04049709a5412015f4be985 - Path: Packages/com.unity.visualscripting/Editor/VisualScripting.Flow/Plugin/Migrations/Migration_1_5_1_to_1_5_2.cs - Importer: ScriptedImporter/UnityEditor.QuickSearchModule:UnityEditor.Search:ASIAI0B' with importer (ScriptedImporter : UnityEditor.QuickSearchModule:UnityEditor.Search:ASIAI0B)
Imported 'GUID: 2c693a7ac04049709a5412015f4be985' -> (Import Result ID: '82a40ba156ea6f2d84e5aceaad4fff0e') in 0.002 seconds [static and dynamic dependencies]. Details - ImportResultOutputID=0d5cbd3858ac5fc6eefaff36b3a38b78 DependenciesID=79a1bd4d665c376de457fefed2edeb24 StaticDependenciesID=dc9e95783fed2f70885bfaff9a7fc520 
Number of updated asset objects reloaded before import = 0
Number of asset objects unloaded after import = 0
========================================================================
Received Import Request.
  Time of request: 2026-09-30T12:28:09.523876Z
  Time since last request: 0.0003714 seconds.
  importAddress: GUID: fb52af51c49c24810bccfff47fba0f3b - Path: Packages/com.unity.visualscripting/Editor/VisualScripting.Flow/Plugin/Changelogs/Changelog_1_1_2.cs - Importer: ScriptedImporter/UnityEditor.QuickSearchModule:UnityEditor.Search:ASIAI0B
Importing 'GUID: fb52af51c49c24810bccfff47fba0f3b - Path: Packages/com.unity.visualscripting/Editor/VisualScripting.Flow/Plugin/Changelogs/Changelog_1_1_2.cs - Importer: ScriptedImporter/UnityEditor.QuickSearchModule:UnityEditor.Search:ASIAI0B' with importer (ScriptedImporter : UnityEditor.QuickSearchModule:UnityEditor.Search:ASIAI0B)
Imported 'GUID: fb52af51c49c24810bccfff47fba0f3b' -> (Import Result ID: 'db3fe751b76bff6a1831d9db9a97cd9b') in 0.001 seconds [static and dynamic dependencies]. Details - ImportResultOutputID=a75c27625d799df0d4472c9c37ebfd61 DependenciesID=23aaa853884dfa2d47e9672b067e4af8 StaticDependenciesID=645d6081f00be76320073177c621eeaa 
Number of updated asset objects reloaded before import = 0
Number of asset objects unloaded after import = 0
========================================================================
Received Import Request.
  Time of request: 2026-09-30T12:28:09.5255224Z
  Time since last request: 0.0002588 seconds.
  importAddress: GUID: f99cc5dee358b492f8b7df887ae4cfa7 - Path: Packages/com.unity.visualscripting/Editor/VisualScripting.Flow/Plugin/Changelogs/Changelog_1_4_7.cs - Importer: ScriptedImporter/UnityEditor.QuickSearchModule:UnityEditor.Search:ASIAI0B
Importing 'GUID: f99cc5dee358b492f8b7df887ae4cfa7 - Path: Packages/com.unity.visualscripting/Editor/VisualScripting.Flow/Plugin/Changelogs/Changelog_1_4_7.cs - Importer: ScriptedImporter/UnityEditor.QuickSearchModule:UnityEditor.Search:ASIAI0B' with importer (ScriptedImporter : UnityEditor.QuickSearchModule:UnityEditor.Search:ASIAI0B)
Imported 'GUID: f99cc5dee358b492f8b7df887ae4cfa7' -> (Import Result ID: 'e4aea89d738fd08acca414ffeb5e2204') in 0.001 seconds [static and dynamic dependencies]. Details - ImportResultOutputID=bb482a410c19cc8ba20993ab0fa87e41 DependenciesID=f16cb145c16035571d73b1ee5a7ed9c0 StaticDependenciesID=75d5ed721d58ee72df5354f26419a4c6 
Number of updated asset objects reloaded before import = 0
Number of asset objects unloaded after import = 0
========================================================================
Received Import Request.
  Time of request: 2026-09-30T12:28:09.5434962Z
  Time since last request: 0.0164906 seconds.
  importAddress: GUID: 797e2aea528a14145b3cb6b71c34be2e - Path: Packages/com.unity.visualscripting/Runtime/VisualScripting.Core/Dependencies/FullSerializer/fsSerializer.cs - Importer: ScriptedImporter/UnityEditor.QuickSearchModule:UnityEditor.Search:ASIAI0B
Importing 'GUID: 797e2aea528a14145b3cb6b71c34be2e - Path: Packages/com.unity.visualscripting/Runtime/VisualScripting.Core/Dependencies/FullSerializer/fsSerializer.cs - Importer: ScriptedImporter/UnityEditor.QuickSearchModule:UnityEditor.Search:ASIAI0B' with importer (ScriptedImporter : UnityEditor.QuickSearchModule:UnityEditor.Search:ASIAI0B)
Imported 'GUID: 797e2aea528a14145b3cb6b71c34be2e' -> (Import Result ID: 'f4caf4569f12ffcb4d5e9a338b699d52') in 0.002 seconds [static and dynamic dependencies]. Details - ImportResultOutputID=1da31a079b13e583821bed138edfccab DependenciesID=69adb8c4b23559b7b67fd76847bc741f StaticDependenciesID=903f0f2af70235da14bbb87f7a36700e 
Number of updated asset objects reloaded before import = 0
Number of asset objects unloaded after import = 0
========================================================================
Received Import Request.
  Time of request: 2026-09-30T12:28:09.5463737Z
  Time since last request: 0.0003894 seconds.
  importAddress: GUID: 816a280be4534656bc2404f15002e25b - Path: Packages/com.unity.visualscripting/Runtime/VisualScripting.Core/Listeners/MonoBehaviour/UnityOnJointBreak2DMessageListener.cs - Importer: ScriptedImporter/UnityEditor.QuickSearchModule:UnityEditor.Search:ASIAI0B
Importing 'GUID: 816a280be4534656bc2404f15002e25b - Path: Packages/com.unity.visualscripting/Runtime/VisualScripting.Core/Listeners/MonoBehaviour/UnityOnJointBreak2DMessageListener.cs - Importer: ScriptedImporter/UnityEditor.QuickSearchModule:UnityEditor.Search:ASIAI0B' with importer (ScriptedImporter : UnityEditor.QuickSearchModule:UnityEditor.Search:ASIAI0B)
Imported 'GUID: 816a280be4534656bc2404f15002e25b' -> (Import Result ID: 'bbc4025a49afecf80fa96e01639ecc05') in 0.002 seconds [static and dynamic dependencies]. Details - ImportResultOutputID=721aebaf0b8cad45a782c54f9e11a3eb DependenciesID=85acd448dd31f4b4c34a16b9651be1b7 StaticDependenciesID=2bd12e52d432d4763c4243a7affc70ad 
Number of updated asset objects reloaded before import = 0
Number of asset objects unloaded after import = 0
========================================================================
Received Import Request.
  Time of request: 2026-09-30T12:28:09.5493683Z
  Time since last request: 0.0005335 seconds.
  importAddress: GUID: 5c7e2ff8b37f14fb29e741eea37c4af1 - Path: Packages/com.unity.visualscripting/Runtime/VisualScripting.Core/Dependencies/FullSerializer/fsBaseConverter.cs - Importer: ScriptedImporter/UnityEditor.QuickSearchModule:UnityEditor.Search:ASIAI0B
Importing 'GUID: 5c7e2ff8b37f14fb29e741eea37c4af1 - Path: Packages/com.unity.visualscripting/Runtime/VisualScripting.Core/Dependencies/FullSerializer/fsBaseConverter.cs - Importer: ScriptedImporter/UnityEditor.QuickSearchModule:UnityEditor.Search:ASIAI0B' with importer (ScriptedImporter : UnityEditor.QuickSearchModule:UnityEditor.Search:ASIAI0B)
Imported 'GUID: 5c7e2ff8b37f14fb29e741eea37c4af1' -> (Import Result ID: '73bd03ae84191974a5e75d4b2ad55c34') in 0.002 seconds [static and dynamic dependencies]. Details - ImportResultOutputID=cb67e4f96cad7ef617e96a1e8f0fd970 DependenciesID=e6fd42011b163d82f309698fd733ba1e StaticDependenciesID=bd34d455e812ebdc7c2ade45114c3270 
Number of updated asset objects reloaded before import = 0
Number of asset objects unloaded after import = 0
========================================================================
Received Import Request.
  Time of request: 2026-09-30T12:28:09.5524664Z
  Time since last request: 0.0005036 seconds.
  importAddress: GUID: 0a458c80bcb97443e9e611c09e5ca71a - Path: Packages/com.unity.visualscripting/Runtime/VisualScripting.Core/Dependencies/FullSerializer/fsDirectConverter.cs - Importer: ScriptedImporter/UnityEditor.QuickSearchModule:UnityEditor.Search:ASIAI0B
Importing 'GUID: 0a458c80bcb97443e9e611c09e5ca71a - Path: Packages/com.unity.visualscripting/Runtime/VisualScripting.Core/Dependencies/FullSerializer/fsDirectConverter.cs - Importer: ScriptedImporter/UnityEditor.QuickSearchModule:UnityEditor.Search:ASIAI0B' with importer (ScriptedImporter : UnityEditor.QuickSearchModule:UnityEditor.Search:ASIAI0B)
Imported 'GUID: 0a458c80bcb97443e9e611c09e5ca71a' -> (Import Result ID: '2efb6c83fc2bc8adc2970b2a73d0a849') in 0.002 seconds [static and dynamic dependencies]. Details - ImportResultOutputID=0541de28f92580b95edbc387503243b9 DependenciesID=3458f4f4554ae31df5bc929b2e4706dc StaticDependenciesID=247ee320f30454af3781a66ec28fb65c 
Number of updated asset objects reloaded before import = 0
Number of asset objects unloaded after import = 0
========================================================================
Received Import Request.
  Time of request: 2026-09-30T12:28:09.5545363Z
  Time since last request: 0.0003885 seconds.
  importAddress: GUID: 3acaad389219148cfba8cecde87afb02 - Path: Packages/com.unity.visualscripting/Runtime/VisualScripting.Core/EditorBinding/Inspector/InspectorToggleLeftAttribute.cs - Importer: ScriptedImporter/UnityEditor.QuickSearchModule:UnityEditor.Search:ASIAI0B
Importing 'GUID: 3acaad389219148cfba8cecde87afb02 - Path: Packages/com.unity.visualscripting/Runtime/VisualScripting.Core/EditorBinding/Inspector/InspectorToggleLeftAttribute.cs - Importer: ScriptedImporter/UnityEditor.QuickSearchModule:UnityEditor.Search:ASIAI0B' with importer (ScriptedImporter : UnityEditor.QuickSearchModule:UnityEditor.Search:ASIAI0B)
Imported 'GUID: 3acaad389219148cfba8cecde87afb02' -> (Import Result ID: 'f7e3bcc18a1071c519375f9cd28d68f4') in 0.002 seconds [static and dynamic dependencies]. Details - ImportResultOutputID=b83c1653c169c77ef6da5e8a2ce098a2 DependenciesID=da4aeed21fff1b5ac20a701a2c6f92ca StaticDependenciesID=30e8a5400e0879785557a04859a5922d 
Number of updated asset objects reloaded before import = 0
Number of asset objects unloaded after import = 0
========================================================================
Received Import Request.
  Time of request: 2026-09-30T12:28:09.5567738Z
  Time since last request: 0.0003044 seconds.
  importAddress: GUID: df96669965cb4d29a0176903c854365a - Path: Packages/com.unity.visualscripting/Runtime/VisualScripting.Core/Listeners/MonoBehaviour/UnityOnCollisionEnterMessageListener.cs - Importer: ScriptedImporter/UnityEditor.QuickSearchModule:UnityEditor.Search:ASIAI0B
Importing 'GUID: df96669965cb4d29a0176903c854365a - Path: Packages/com.unity.visualscripting/Runtime/VisualScripting.Core/Listeners/MonoBehaviour/UnityOnCollisionEnterMessageListener.cs - Importer: ScriptedImporter/UnityEditor.QuickSearchModule:UnityEditor.Search:ASIAI0B' with importer (ScriptedImporter : UnityEditor.QuickSearchModule:UnityEditor.Search:ASIAI0B)
Imported 'GUID: df96669965cb4d29a0176903c854365a' -> (Import Result ID: '341d3459d1268b268e2d11a96ad54966') in 0.001 seconds [static and dynamic dependencies]. Details - ImportResultOutputID=247ca09defff861a7a53813b10da64fb DependenciesID=04c44f39012e7e347af5883b79d8f24f StaticDependenciesID=771411a391c214381e72697e8a735083 
Number of updated asset objects reloaded before import = 0
Number of asset objects unloaded after import = 0
========================================================================
Received Import Request.
  Time of request: 2026-09-30T12:28:09.5587325Z
  Time since last request: 0.0004556 seconds.
  importAddress: GUID: 754d3daf86414d0aacb711e36a6ba92b - Path: Packages/com.unity.visualscripting/Runtime/VisualScripting.Core/Listeners/MonoBehaviour/UnityOnMouseDownMessageListener.cs - Importer: ScriptedImporter/UnityEditor.QuickSearchModule:UnityEditor.Search:ASIAI0B
Importing 'GUID: 754d3daf86414d0aacb711e36a6ba92b - Path: Packages/com.unity.visualscripting/Runtime/VisualScripting.Core/Listeners/MonoBehaviour/UnityOnMouseDownMessageListener.cs - Importer: ScriptedImporter/UnityEditor.QuickSearchModule:UnityEditor.Search:ASIAI0B' with importer (ScriptedImporter : UnityEditor.QuickSearchModule:UnityEditor.Search:ASIAI0B)
Imported 'GUID: 754d3daf86414d0aacb711e36a6ba92b' -> (Import Result ID: '83cf995b4df8715be20465444256daf1') in 0.003 seconds [static and dynamic dependencies]. Details - ImportResultOutputID=b2650506078c221890700c4717578111 DependenciesID=1021a25d2ab825e4aa9d08c1d330823b StaticDependenciesID=e4165035aeec4966d8a77ba3ece5055a 
Number of updated asset objects reloaded before import = 0
Number of asset objects unloaded after import = 0
========================================================================
Received Import Request.
  Time of request: 2026-09-30T12:28:09.5616698Z
  Time since last request: 0.0002753 seconds.
  importAddress: GUID: bb2273f662a444114949392f30936c92 - Path: Packages/com.unity.visualscripting/Runtime/VisualScripting.Core/Cloning/Cloners/DictionaryCloner.cs - Importer: ScriptedImporter/UnityEditor.QuickSearchModule:UnityEditor.Search:ASIAI0B
Importing 'GUID: bb2273f662a444114949392f30936c92 - Path: Packages/com.unity.visualscripting/Runtime/VisualScripting.Core/Cloning/Cloners/DictionaryCloner.cs - Importer: ScriptedImporter/UnityEditor.QuickSearchModule:UnityEditor.Search:ASIAI0B' with importer (ScriptedImporter : UnityEditor.QuickSearchModule:UnityEditor.Search:ASIAI0B)
Imported 'GUID: bb2273f662a444114949392f30936c92' -> (Import Result ID: '865f8ca5cca7d3f66d433d80421956a2') in 0.001 seconds [static and dynamic dependencies]. Details - ImportResultOutputID=ade459260fdf22042954a1d0ab6058c4 DependenciesID=e7d0f522c7f99c6c4ef2934999187929 StaticDependenciesID=a3ee97a7634630565dffcab665c3ca22 
Number of updated asset objects reloaded before import = 0
Number of asset objects unloaded after import = 0
========================================================================
Received Import Request.
  Time of request: 2026-09-30T12:28:09.5634757Z
  Time since last request: 0.0004041 seconds.
  importAddress: GUID: 3fd8f4497abf4f0d926118d8277fed1c - Path: Packages/com.unity.visualscripting/Runtime/VisualScripting.Core/Listeners/MonoBehaviour/UnityOnCollisionStay2DMessageListener.cs - Importer: ScriptedImporter/UnityEditor.QuickSearchModule:UnityEditor.Search:ASIAI0B
Importing 'GUID: 3fd8f4497abf4f0d926118d8277fed1c - Path: Packages/com.unity.visualscripting/Runtime/VisualScripting.Core/Listeners/MonoBehaviour/UnityOnCollisionStay2DMessageListener.cs - Importer: ScriptedImporter/UnityEditor.QuickSearchModule:UnityEditor.Search:ASIAI0B' with importer (ScriptedImporter : UnityEditor.QuickSearchModule:UnityEditor.Search:ASIAI0B)
Imported 'GUID: 3fd8f4497abf4f0d926118d8277fed1c' -> (Import Result ID: '97c10ae016951f1586f978ce737bf4ee') in 0.001 seconds [static and dynamic dependencies]. Details - ImportResultOutputID=3d83ebdf00035fc8e77f88ab8903cf45 DependenciesID=4d64b292126f6b620d4ed0c1b68b331f StaticDependenciesID=01623ccddf7e1b5a144aeb5a60e7eebc 
Number of updated asset objects reloaded before import = 0
Number of asset objects unloaded after import = 0
========================================================================
Received Import Request.
  Time of request: 2026-09-30T12:28:09.5652876Z
  Time since last request: 0.0003964 seconds.
  importAddress: GUID: 14260676d94004f02b41b5c7844458fe - Path: Packages/com.unity.visualscripting/Runtime/VisualScripting.Core/Dependencies/FullSerializer/fsConverter.cs - Importer: ScriptedImporter/UnityEditor.QuickSearchModule:UnityEditor.Search:ASIAI0B
Importing 'GUID: 14260676d94004f02b41b5c7844458fe - Path: Packages/com.unity.visualscripting/Runtime/VisualScripting.Core/Dependencies/FullSerializer/fsConverter.cs - Importer: ScriptedImporter/UnityEditor.QuickSearchModule:UnityEditor.Search:ASIAI0B' with importer (ScriptedImporter : UnityEditor.QuickSearchModule:UnityEditor.Search:ASIAI0B)
Imported 'GUID: 14260676d94004f02b41b5c7844458fe' -> (Import Result ID: '4f90e8701fe63ff7a3f166711436a89c') in 0.003 seconds [static and dynamic dependencies]. Details - ImportResultOutputID=fc0b177534c678d36b3108dc65656b99 DependenciesID=21be06da9fdff71f5ab21751d2a6e06e StaticDependenciesID=c98ed2b3076d00f418e15e50fe865ac4 
Number of updated asset objects reloaded before import = 0
Number of asset objects unloaded after import = 0
========================================================================
Received Import Request.
  Time of request: 2026-09-30T12:28:09.5687713Z
  Time since last request: 0.0003126 seconds.
  importAddress: GUID: f658832818572457f80abe66f86cc055 - Path: Packages/com.unity.visualscripting/Runtime/VisualScripting.Core/Dependencies/FullSerializer/fsAotCompilationManager.cs - Importer: ScriptedImporter/UnityEditor.QuickSearchModule:UnityEditor.Search:ASIAI0B
Importing 'GUID: f658832818572457f80abe66f86cc055 - Path: Packages/com.unity.visualscripting/Runtime/VisualScripting.Core/Dependencies/FullSerializer/fsAotCompilationManager.cs - Importer: ScriptedImporter/UnityEditor.QuickSearchModule:UnityEditor.Search:ASIAI0B' with importer (ScriptedImporter : UnityEditor.QuickSearchModule:UnityEditor.Search:ASIAI0B)
Imported 'GUID: f658832818572457f80abe66f86cc055' -> (Import Result ID: 'c6c750e2262566bfa7505d24b668038e') in 0.002 seconds [static and dynamic dependencies]. Details - ImportResultOutputID=5374d00c6559520a0abd24fb73c1b376 DependenciesID=62980b1469cd1420d2cbe98b4c273290 StaticDependenciesID=e177182a268c255f6ca4b7b6baeed6a2 
Number of updated asset objects reloaded before import = 0
Number of asset objects unloaded after import = 0
========================================================================
Received Import Request.
  Time of request: 2026-09-30T12:28:09.5710324Z
  Time since last request: 0.000319 seconds.
  importAddress: GUID: 8f7612f68f0884e59857d404af50194d - Path: Packages/com.unity.visualscripting/Runtime/VisualScripting.Core/Ensure/Extensions/XString.cs - Importer: ScriptedImporter/UnityEditor.QuickSearchModule:UnityEditor.Search:ASIAI0B
Importing 'GUID: 8f7612f68f0884e59857d404af50194d - Path: Packages/com.unity.visualscripting/Runtime/VisualScripting.Core/Ensure/Extensions/XString.cs - Importer: ScriptedImporter/UnityEditor.QuickSearchModule:UnityEditor.Search:ASIAI0B' with importer (ScriptedImporter : UnityEditor.QuickSearchModule:UnityEditor.Search:ASIAI0B)
Imported 'GUID: 8f7612f68f0884e59857d404af50194d' -> (Import Result ID: 'f24b8f36db32b3a6e4432eca32a52235') in 0.001 seconds [static and dynamic dependencies]. Details - ImportResultOutputID=537cf81e4e160d6d12fada8935dbbfb0 DependenciesID=a4ce49d352f3747b82bf4860c57181ee StaticDependenciesID=60671cc53da8930590b191d9a24cac90 
Number of updated asset objects reloaded before import = 0
Number of asset objects unloaded after import = 0
========================================================================
Received Import Request.
  Time of request: 2026-09-30T12:28:09.572918Z
  Time since last request: 0.0003312 seconds.
  importAddress: GUID: f3a95ea3668ca49bba7f93586f8e08ce - Path: Packages/com.unity.visualscripting/Runtime/VisualScripting.Core/Cloning/Cloners/FieldsCloner.cs - Importer: ScriptedImporter/UnityEditor.QuickSearchModule:UnityEditor.Search:ASIAI0B
Importing 'GUID: f3a95ea3668ca49bba7f93586f8e08ce - Path: Packages/com.unity.visualscripting/Runtime/VisualScripting.Core/Cloning/Cloners/FieldsCloner.cs - Importer: ScriptedImporter/UnityEditor.QuickSearchModule:UnityEditor.Search:ASIAI0B' with importer (ScriptedImporter : UnityEditor.QuickSearchModule:UnityEditor.Search:ASIAI0B)
Imported 'GUID: f3a95ea3668ca49bba7f93586f8e08ce' -> (Import Result ID: 'cdf2bd6d4374df661516ca171edbd45e') in 0.001 seconds [static and dynamic dependencies]. Details - ImportResultOutputID=eaeadaad2a48b6dfe80efd5f1b840c76 DependenciesID=250da83520251a381bf015fce2491e82 StaticDependenciesID=062b4186c0efdba9540a7fe90e339d1d 
Number of updated asset objects reloaded before import = 0
Number of asset objects unloaded after import = 0
========================================================================
Received Import Request.
  Time of request: 2026-09-30T12:28:09.5748978Z
  Time since last request: 0.0003242 seconds.
  importAddress: GUID: ec8a76215406a466c86f4003b82f6811 - Path: Packages/com.unity.visualscripting/Runtime/VisualScripting.Core/Dependencies/FullSerializer/fsIgnoreAttribute.cs - Importer: ScriptedImporter/UnityEditor.QuickSearchModule:UnityEditor.Search:ASIAI0B
Importing 'GUID: ec8a76215406a466c86f4003b82f6811 - Path: Packages/com.unity.visualscripting/Runtime/VisualScripting.Core/Dependencies/FullSerializer/fsIgnoreAttribute.cs - Importer: ScriptedImporter/UnityEditor.QuickSearchModule:UnityEditor.Search:ASIAI0B' with importer (ScriptedImporter : UnityEditor.QuickSearchModule:UnityEditor.Search:ASIAI0B)
Imported 'GUID: ec8a76215406a466c86f4003b82f6811' -> (Import Result ID: '59446aea1b956948d640c55018585f29') in 0.001 seconds [static and dynamic dependencies]. Details - ImportResultOutputID=96f887c7eae0db6000c768da6d616e65 DependenciesID=9cac2067a1ad720de51cae53abc1f7d0 StaticDependenciesID=d018c5d60c7e2285b635570261d488d5 
Number of updated asset objects reloaded before import = 0
Number of asset objects unloaded after import = 0
========================================================================
Received Import Request.
  Time of request: 2026-09-30T12:28:09.5772504Z
  Time since last request: 0.0007313 seconds.
  importAddress: GUID: 8e8cdb556e8ed4b8e919d6d39e165125 - Path: Packages/com.unity.visualscripting/Editor/VisualScripting.State/Plugin/Changelogs/Changelog_1_4_1.cs - Importer: ScriptedImporter/UnityEditor.QuickSearchModule:UnityEditor.Search:ASIAI0B
Importing 'GUID: 8e8cdb556e8ed4b8e919d6d39e165125 - Path: Packages/com.unity.visualscripting/Editor/VisualScripting.State/Plugin/Changelogs/Changelog_1_4_1.cs - Importer: ScriptedImporter/UnityEditor.QuickSearchModule:UnityEditor.Search:ASIAI0B' with importer (ScriptedImporter : UnityEditor.QuickSearchModule:UnityEditor.Search:ASIAI0B)
Imported 'GUID: 8e8cdb556e8ed4b8e919d6d39e165125' -> (Import Result ID: '6043f4880e4ffb4e7da6fb14dfc9c2db') in 0.001 seconds [static and dynamic dependencies]. Details - ImportResultOutputID=88ddbd1fdc5e7e3a9057f6ce9a8bf9fa DependenciesID=911c112e371cdeacc346c298d36f4241 StaticDependenciesID=b1b188bea5c508229d5c0689b9e052bb 
Number of updated asset objects reloaded before import = 0
Number of asset objects unloaded after import = 0
========================================================================
Received Import Request.
  Time of request: 2026-09-30T12:28:09.5793401Z
  Time since last request: 0.0005609 seconds.
  importAddress: GUID: d112c25d2373f447a965ce5f734e2a67 - Path: Packages/com.unity.visualscripting/Runtime/VisualScripting.Core/Cloning/Cloners/FakeSerializationCloner.cs - Importer: ScriptedImporter/UnityEditor.QuickSearchModule:UnityEditor.Search:ASIAI0B
Importing 'GUID: d112c25d2373f447a965ce5f734e2a67 - Path: Packages/com.unity.visualscripting/Runtime/VisualScripting.Core/Cloning/Cloners/FakeSerializationCloner.cs - Importer: ScriptedImporter/UnityEditor.QuickSearchModule:UnityEditor.Search:ASIAI0B' with importer (ScriptedImporter : UnityEditor.QuickSearchModule:UnityEditor.Search:ASIAI0B)
Imported 'GUID: d112c25d2373f447a965ce5f734e2a67' -> (Import Result ID: '86431edf75127310a670c40ece349159') in 0.001 seconds [static and dynamic dependencies]. Details - ImportResultOutputID=7a650f8d965c00ca544fe9dab2202ed6 DependenciesID=afb84e56c5fc3b1280e40ac57d59d481 StaticDependenciesID=2ab685e81fe97a52fcb7a27e08156262 
Number of updated asset objects reloaded before import = 0
Number of asset objects unloaded after import = 0
========================================================================
Received Import Request.
  Time of request: 2026-09-30T12:28:09.5825897Z
  Time since last request: 0.0018188 seconds.
  importAddress: GUID: ee9168bfd69340c28ec04b77b877228b - Path: Packages/com.unity.visualscripting/Runtime/VisualScripting.Core/Listeners/MonoBehaviour/UnityOnMouseEnterMessageListener.cs - Importer: ScriptedImporter/UnityEditor.QuickSearchModule:UnityEditor.Search:ASIAI0B
Importing 'GUID: ee9168bfd69340c28ec04b77b877228b - Path: Packages/com.unity.visualscripting/Runtime/VisualScripting.Core/Listeners/MonoBehaviour/UnityOnMouseEnterMessageListener.cs - Importer: ScriptedImporter/UnityEditor.QuickSearchModule:UnityEditor.Search:ASIAI0B' with importer (ScriptedImporter : UnityEditor.QuickSearchModule:UnityEditor.Search:ASIAI0B)
Imported 'GUID: ee9168bfd69340c28ec04b77b877228b' -> (Import Result ID: 'ae8c1de847c16274b928c94dae7272a2') in 0.001 seconds [static and dynamic dependencies]. Details - ImportResultOutputID=be6f2a30ff14c7a14b926973544bcd4e DependenciesID=34a8bea6bd72c373193c53681d8c6a71 StaticDependenciesID=a8b2cfc32dff36cb1d421eec516be08b 
Number of updated asset objects reloaded before import = 0
Number of asset objects unloaded after import = 0
========================================================================
Received Import Request.
  Time of request: 2026-09-30T12:28:09.5845847Z
  Time since last request: 0.0003185 seconds.
  importAddress: GUID: 0a7f87d6d28e64ed9b331c4d12c46937 - Path: Packages/com.unity.visualscripting/Runtime/VisualScripting.Core/Cloning/Cloners/ArrayCloner.cs - Importer: ScriptedImporter/UnityEditor.QuickSearchModule:UnityEditor.Search:ASIAI0B
Importing 'GUID: 0a7f87d6d28e64ed9b331c4d12c46937 - Path: Packages/com.unity.visualscripting/Runtime/VisualScripting.Core/Cloning/Cloners/ArrayCloner.cs - Importer: ScriptedImporter/UnityEditor.QuickSearchModule:UnityEditor.Search:ASIAI0B' with importer (ScriptedImporter : UnityEditor.QuickSearchModule:UnityEditor.Search:ASIAI0B)
Imported 'GUID: 0a7f87d6d28e64ed9b331c4d12c46937' -> (Import Result ID: 'a1126e11d968f3c8679cfc058f1b55e0') in 0.001 seconds [static and dynamic dependencies]. Details - ImportResultOutputID=68fc84d4cb6a78df4c204af511bd78bd DependenciesID=c71ad2214f479f5ec4069b6346d26fd1 StaticDependenciesID=a3bf71a14428507e4aa473577a41acca 
Number of updated asset objects reloaded before import = 0
Number of asset objects unloaded after import = 0
========================================================================
Received Import Request.
  Time of request: 2026-09-30T12:28:09.5862754Z
  Time since last request: 0.0002135 seconds.
  importAddress: GUID: d728d1e1b7c1948a3a8493399aa1e900 - Path: Packages/com.unity.visualscripting/Runtime/VisualScripting.Core/EditorBinding/Inspector/InspectorTextAreaAttribute.cs - Importer: ScriptedImporter/UnityEditor.QuickSearchModule:UnityEditor.Search:ASIAI0B
Importing 'GUID: d728d1e1b7c1948a3a8493399aa1e900 - Path: Packages/com.unity.visualscripting/Runtime/VisualScripting.Core/EditorBinding/Inspector/InspectorTextAreaAttribute.cs - Importer: ScriptedImporter/UnityEditor.QuickSearchModule:UnityEditor.Search:ASIAI0B' with importer (ScriptedImporter : UnityEditor.QuickSearchModule:UnityEditor.Search:ASIAI0B)
Imported 'GUID: d728d1e1b7c1948a3a8493399aa1e900' -> (Import Result ID: '1a8599e54031dfea31edc00d158ce826') in 0.001 seconds [static and dynamic dependencies]. Details - ImportResultOutputID=6256047973a2a6eb503523a550484c43 DependenciesID=8339f399be92f250cd2a7407e4bfd0db StaticDependenciesID=a391647e60120ceb63f9140421de5bfc 
Number of updated asset objects reloaded before import = 0
Number of asset objects unloaded after import = 0
========================================================================
Received Import Request.
  Time of request: 2026-09-30T12:28:09.5879046Z
  Time since last request: 0.0002533 seconds.
  importAddress: GUID: 55f9606c92224790823f7ac7fd2c8d41 - Path: Packages/com.unity.visualscripting/Editor/VisualScripting.State/Plugin/Migrations/Migration_1_6_to_1_7.cs - Importer: ScriptedImporter/UnityEditor.QuickSearchModule:UnityEditor.Search:ASIAI0B
Importing 'GUID: 55f9606c92224790823f7ac7fd2c8d41 - Path: Packages/com.unity.visualscripting/Editor/VisualScripting.State/Plugin/Migrations/Migration_1_6_to_1_7.cs - Importer: ScriptedImporter/UnityEditor.QuickSearchModule:UnityEditor.Search:ASIAI0B' with importer (ScriptedImporter : UnityEditor.QuickSearchModule:UnityEditor.Search:ASIAI0B)
Imported 'GUID: 55f9606c92224790823f7ac7fd2c8d41' -> (Import Result ID: '0452e586426a4d126d40a596b829ef40') in 0.002 seconds [static and dynamic dependencies]. Details - ImportResultOutputID=c81430bba7932e14bd49743f8e68f912 DependenciesID=c35775c71982fbbff70622fbbcc3838b StaticDependenciesID=420af4d1004f127a503e35663e0d93dd 
Number of updated asset objects reloaded before import = 0
Number of asset objects unloaded after import = 0
========================================================================
Received Import Request.
  Time of request: 2026-09-30T12:28:09.5906712Z
  Time since last request: 0.0006019 seconds.
  importAddress: GUID: b6d1033b3313d4b48a5985fa78ec5621 - Path: Packages/com.unity.visualscripting/Runtime/VisualScripting.Core/Cloning/Cloners/EnumerableCloner.cs - Importer: ScriptedImporter/UnityEditor.QuickSearchModule:UnityEditor.Search:ASIAI0B
Importing 'GUID: b6d1033b3313d4b48a5985fa78ec5621 - Path: Packages/com.unity.visualscripting/Runtime/VisualScripting.Core/Cloning/Cloners/EnumerableCloner.cs - Importer: ScriptedImporter/UnityEditor.QuickSearchModule:UnityEditor.Search:ASIAI0B' with importer (ScriptedImporter : UnityEditor.QuickSearchModule:UnityEditor.Search:ASIAI0B)
Imported 'GUID: b6d1033b3313d4b48a5985fa78ec5621' -> (Import Result ID: '2cdb2ba9a57cf22d2e864d3caee987b2') in 0.002 seconds [static and dynamic dependencies]. Details - ImportResultOutputID=5644061cee6ce0048d5eb8b435d42844 DependenciesID=df876a84e5c1800b24f07fb9a2b1d08f StaticDependenciesID=07da31daf29b6babf28c8a515c1298da 
Number of updated asset objects reloaded before import = 0
Number of asset objects unloaded after import = 0
========================================================================
Received Import Request.
  Time of request: 2026-09-30T12:28:09.6079479Z
  Time since last request: 0.0151105 seconds.
  importAddress: GUID: 8eabcfe7821848de997cb10ce349c99c - Path: Packages/com.unity.visualscripting/Runtime/VisualScripting.Core/Listeners/MonoBehaviour/UnityOnMouseUpMessageListener.cs - Importer: ScriptedImporter/UnityEditor.QuickSearchModule:UnityEditor.Search:ASIAI0B
Importing 'GUID: 8eabcfe7821848de997cb10ce349c99c - Path: Packages/com.unity.visualscripting/Runtime/VisualScripting.Core/Listeners/MonoBehaviour/UnityOnMouseUpMessageListener.cs - Importer: ScriptedImporter/UnityEditor.QuickSearchModule:UnityEditor.Search:ASIAI0B' with importer (ScriptedImporter : UnityEditor.QuickSearchModule:UnityEditor.Search:ASIAI0B)
Imported 'GUID: 8eabcfe7821848de997cb10ce349c99c' -> (Import Result ID: '617516d8cc6320a5c4cad6f6465c446f') in 0.002 seconds [static and dynamic dependencies]. Details - ImportResultOutputID=5ad4e4d31f784a61feed1a4499730e4f DependenciesID=bc510bfd86e386ebcf5baa094e5daf00 StaticDependenciesID=224678f7acd610c735aebbf1ce29c5e3 
Number of updated asset objects reloaded before import = 0
Number of asset objects unloaded after import = 0
========================================================================
Received Import Request.
  Time of request: 2026-09-30T12:28:09.6105831Z
  Time since last request: 0.0004815 seconds.
  importAddress: GUID: d48a617890e147f390db9556ab4b381f - Path: Packages/com.unity.visualscripting/Runtime/VisualScripting.Core/Listeners/UIInterfaces/UnityOnDragMessageListener.cs - Importer: ScriptedImporter/UnityEditor.QuickSearchModule:UnityEditor.Search:ASIAI0B
Importing 'GUID: d48a617890e147f390db9556ab4b381f - Path: Packages/com.unity.visualscripting/Runtime/VisualScripting.Core/Listeners/UIInterfaces/UnityOnDragMessageListener.cs - Importer: ScriptedImporter/UnityEditor.QuickSearchModule:UnityEditor.Search:ASIAI0B' with importer (ScriptedImporter : UnityEditor.QuickSearchModule:UnityEditor.Search:ASIAI0B)
Imported 'GUID: d48a617890e147f390db9556ab4b381f' -> (Import Result ID: 'e6cf2b7c2b977f03f3f4ee0a446fe5a1') in 0.002 seconds [static and dynamic dependencies]. Details - ImportResultOutputID=989187b68d9eece580722f7f85be9450 DependenciesID=f748c140f70f6fef9fd0dd1194a53114 StaticDependenciesID=393543b3e99d115d2f437dc7c85f977c 
Number of updated asset objects reloaded before import = 0
Number of asset objects unloaded after import = 0
========================================================================
Received Import Request.
  Time of request: 2026-09-30T12:28:09.6127872Z
  Time since last request: 0.0004243 seconds.
  importAddress: GUID: fc755412ef51440c086b9a82a3eb1e97 - Path: Packages/com.unity.visualscripting/Runtime/VisualScripting.Core/Reflection/Operators/OperatorHandler.cs - Importer: ScriptedImporter/UnityEditor.QuickSearchModule:UnityEditor.Search:ASIAI0B
Importing 'GUID: fc755412ef51440c086b9a82a3eb1e97 - Path: Packages/com.unity.visualscripting/Runtime/VisualScripting.Core/Reflection/Operators/OperatorHandler.cs - Importer: ScriptedImporter/UnityEditor.QuickSearchModule:UnityEditor.Search:ASIAI0B' with importer (ScriptedImporter : UnityEditor.QuickSearchModule:UnityEditor.Search:ASIAI0B)
Imported 'GUID: fc755412ef51440c086b9a82a3eb1e97' -> (Import Result ID: '861c1d2fb923296e8ff0b58795ef9ff1') in 0.002 seconds [static and dynamic dependencies]. Details - ImportResultOutputID=1324091642a1bf0cba998679afcd04d8 DependenciesID=f0240b0315634374cfaddc2e36cf9788 StaticDependenciesID=c27480f961d27c77ce5e0266fbee4bc0 
Number of updated asset objects reloaded before import = 0
Number of asset objects unloaded after import = 0
========================================================================
Received Import Request.
  Time of request: 2026-09-30T12:28:09.6152297Z
  Time since last request: 0.0003033 seconds.
  importAddress: GUID: 324a15989877436a861bd398ad569655 - Path: Packages/com.unity.visualscripting/Runtime/VisualScripting.Core/Listeners/MonoBehaviour/UnityOnTriggerExit2DMListener.cs - Importer: ScriptedImporter/UnityEditor.QuickSearchModule:UnityEditor.Search:ASIAI0B
Importing 'GUID: 324a15989877436a861bd398ad569655 - Path: Packages/com.unity.visualscripting/Runtime/VisualScripting.Core/Listeners/MonoBehaviour/UnityOnTriggerExit2DMListener.cs - Importer: ScriptedImporter/UnityEditor.QuickSearchModule:UnityEditor.Search:ASIAI0B' with importer (ScriptedImporter : UnityEditor.QuickSearchModule:UnityEditor.Search:ASIAI0B)
Imported 'GUID: 324a15989877436a861bd398ad569655' -> (Import Result ID: '6f15e6b4112c3c9535b0cba712401e58') in 0.002 seconds [static and dynamic dependencies]. Details - ImportResultOutputID=f8dc32b3bffb16898c2407e7541ff520 DependenciesID=a98fcbf296e65802ac063a2115d67215 StaticDependenciesID=263563e53c12a0bad70ba35288d5d9bd 
Number of updated asset objects reloaded before import = 0
Number of asset objects unloaded after import = 0
========================================================================
Received Import Request.
  Time of request: 2026-09-30T12:28:09.6178022Z
  Time since last request: 0.0004708 seconds.
  importAddress: GUID: c5ed0c2a9c9654c51b429eb5ed2eed36 - Path: Packages/com.unity.visualscripting/Runtime/VisualScripting.Core/Reflection/Operators/EqualityHandler.cs - Importer: ScriptedImporter/UnityEditor.QuickSearchModule:UnityEditor.Search:ASIAI0B
Importing 'GUID: c5ed0c2a9c9654c51b429eb5ed2eed36 - Path: Packages/com.unity.visualscripting/Runtime/VisualScripting.Core/Reflection/Operators/EqualityHandler.cs - Importer: ScriptedImporter/UnityEditor.QuickSearchModule:UnityEditor.Search:ASIAI0B' with importer (ScriptedImporter : UnityEditor.QuickSearchModule:UnityEditor.Search:ASIAI0B)
Imported 'GUID: c5ed0c2a9c9654c51b429eb5ed2eed36' -> (Import Result ID: '4dcd3ae1855ffdcb560ee0dfcfbe90bb') in 0.001 seconds [static and dynamic dependencies]. Details - ImportResultOutputID=524abb27c07b004fab9224904a421dc9 DependenciesID=6886679558233b86a72fc5625ef70fda StaticDependenciesID=4f9416bd5e9d914632078246d238115a 
Number of updated asset objects reloaded before import = 0
Number of asset objects unloaded after import = 0
========================================================================
Received Import Request.
  Time of request: 2026-09-30T12:28:09.619638Z
  Time since last request: 0.0004311 seconds.
  importAddress: GUID: 4f50553705f24a9dbd72c9c6d45f61c1 - Path: Packages/com.unity.visualscripting/Runtime/VisualScripting.Core/Listeners/UIInterfaces/UnityOnSubmitMessageListener.cs - Importer: ScriptedImporter/UnityEditor.QuickSearchModule:UnityEditor.Search:ASIAI0B
Importing 'GUID: 4f50553705f24a9dbd72c9c6d45f61c1 - Path: Packages/com.unity.visualscripting/Runtime/VisualScripting.Core/Listeners/UIInterfaces/UnityOnSubmitMessageListener.cs - Importer: ScriptedImporter/UnityEditor.QuickSearchModule:UnityEditor.Search:ASIAI0B' with importer (ScriptedImporter : UnityEditor.QuickSearchModule:UnityEditor.Search:ASIAI0B)
Imported 'GUID: 4f50553705f24a9dbd72c9c6d45f61c1' -> (Import Result ID: '2a5316bd98879c58becd1294d217be57') in 0.001 seconds [static and dynamic dependencies]. Details - ImportResultOutputID=130fb4b80d6d136f5e02009b2e561321 DependenciesID=795bedaf2067cf1e5c4217565d3b07ce StaticDependenciesID=93e25162df2a9a94855d9b0e413d8ceb 
Number of updated asset objects reloaded before import = 0
Number of asset objects unloaded after import = 0
========================================================================
Received Import Request.
  Time of request: 2026-09-30T12:28:09.6215061Z
  Time since last request: 0.0003921 seconds.
  importAddress: GUID: d605072279c64478ab714dca21521800 - Path: Packages/com.unity.visualscripting/Runtime/VisualScripting.Core/Reflection/Operators/ExclusiveOrHandler.cs - Importer: ScriptedImporter/UnityEditor.QuickSearchModule:UnityEditor.Search:ASIAI0B
Importing 'GUID: d605072279c64478ab714dca21521800 - Path: Packages/com.unity.visualscripting/Runtime/VisualScripting.Core/Reflection/Operators/ExclusiveOrHandler.cs - Importer: ScriptedImporter/UnityEditor.QuickSearchModule:UnityEditor.Search:ASIAI0B' with importer (ScriptedImporter : UnityEditor.QuickSearchModule:UnityEditor.Search:ASIAI0B)
Imported 'GUID: d605072279c64478ab714dca21521800' -> (Import Result ID: 'ca5f79a87a64fe5dbc4d25365ba5a840') in 0.001 seconds [static and dynamic dependencies]. Details - ImportResultOutputID=73ee22f6984a40f0b5a9823ba33a6546 DependenciesID=b2cd1b6038e38b67f0bf2148e38eecc8 StaticDependenciesID=8c934d97880b3a99ea5b1b0982ad035e 
Number of updated asset objects reloaded before import = 0
Number of asset objects unloaded after import = 0
========================================================================
Received Import Request.
  Time of request: 2026-09-30T12:28:09.6231884Z
  Time since last request: 0.0002799 seconds.
  importAddress: GUID: 3351223033e248d890bf99ece68bb673 - Path: Packages/com.unity.visualscripting/Runtime/VisualScripting.Core/Listeners/MonoBehaviour/UnityOnParticleCollisionMessageListener.cs - Importer: ScriptedImporter/UnityEditor.QuickSearchModule:UnityEditor.Search:ASIAI0B
Importing 'GUID: 3351223033e248d890bf99ece68bb673 - Path: Packages/com.unity.visualscripting/Runtime/VisualScripting.Core/Listeners/MonoBehaviour/UnityOnParticleCollisionMessageListener.cs - Importer: ScriptedImporter/UnityEditor.QuickSearchModule:UnityEditor.Search:ASIAI0B' with importer (ScriptedImporter : UnityEditor.QuickSearchModule:UnityEditor.Search:ASIAI0B)
Imported 'GUID: 3351223033e248d890bf99ece68bb673' -> (Import Result ID: 'e86a25353b17b35acf787e8d47a10ade') in 0.001 seconds [static and dynamic dependencies]. Details - ImportResultOutputID=5358119a71e26d1995901dd6c6ab16c3 DependenciesID=bfff172a2e90456484770d30e0d21aa0 StaticDependenciesID=1a9725b963d9c71b010c15ead9851a96 
Number of updated asset objects reloaded before import = 0
Number of asset objects unloaded after import = 0
========================================================================
Received Import Request.
  Time of request: 2026-09-30T12:28:09.6249991Z
  Time since last request: 0.0003245 seconds.
  importAddress: GUID: aaade9cbed5b4446fa6850d4f1ba05d6 - Path: Packages/com.unity.visualscripting/Runtime/VisualScripting.Core/Reflection/Operators/DivisionHandler.cs - Importer: ScriptedImporter/UnityEditor.QuickSearchModule:UnityEditor.Search:ASIAI0B
Importing 'GUID: aaade9cbed5b4446fa6850d4f1ba05d6 - Path: Packages/com.unity.visualscripting/Runtime/VisualScripting.Core/Reflection/Operators/DivisionHandler.cs - Importer: ScriptedImporter/UnityEditor.QuickSearchModule:UnityEditor.Search:ASIAI0B' with importer (ScriptedImporter : UnityEditor.QuickSearchModule:UnityEditor.Search:ASIAI0B)
Imported 'GUID: aaade9cbed5b4446fa6850d4f1ba05d6' -> (Import Result ID: '82a43ffa3fe640cf6e0dc7904cd0cda7') in 0.002 seconds [static and dynamic dependencies]. Details - ImportResultOutputID=07dc84880cce8757f9f418c51ca1b534 DependenciesID=5f277dfaee5152c4c2792b0c9ac9850b StaticDependenciesID=8c158726f259e2408b1e05431dec88f5 
Number of updated asset objects reloaded before import = 0
Number of asset objects unloaded after import = 0
========================================================================
Received Import Request.
  Time of request: 2026-09-30T12:28:09.6272018Z
  Time since last request: 0.000455 seconds.
  importAddress: GUID: 90b8d0fe19604808aba0b0d4ae2b0c12 - Path: Packages/com.unity.visualscripting/Runtime/VisualScripting.Core/Listeners/UI/UnityOnSliderValueChangedMessageListener.cs - Importer: ScriptedImporter/UnityEditor.QuickSearchModule:UnityEditor.Search:ASIAI0B
Importing 'GUID: 90b8d0fe19604808aba0b0d4ae2b0c12 - Path: Packages/com.unity.visualscripting/Runtime/VisualScripting.Core/Listeners/UI/UnityOnSliderValueChangedMessageListener.cs - Importer: ScriptedImporter/UnityEditor.QuickSearchModule:UnityEditor.Search:ASIAI0B' with importer (ScriptedImporter : UnityEditor.QuickSearchModule:UnityEditor.Search:ASIAI0B)
Imported 'GUID: 90b8d0fe19604808aba0b0d4ae2b0c12' -> (Import Result ID: '76e5475d7a505f2369501dc13ee9b8c6') in 0.002 seconds [static and dynamic dependencies]. Details - ImportResultOutputID=7046490cc17608ff8d2726c5b03e052c DependenciesID=d008140eb35a757eaee2c09d2fe189b8 StaticDependenciesID=0c9fa3bb2c22c4a23369d05b5db1e608 
Number of updated asset objects reloaded before import = 0
Number of asset objects unloaded after import = 0
========================================================================
Received Import Request.
  Time of request: 2026-09-30T12:28:09.6295268Z
  Time since last request: 0.00036 seconds.
  importAddress: GUID: da2f29c1022a493897ccb5e5e3cfa8e6 - Path: Packages/com.unity.visualscripting/Runtime/VisualScripting.Core/Listeners/MonoBehaviour/UnityOnTriggerStayMListener.cs - Importer: ScriptedImporter/UnityEditor.QuickSearchModule:UnityEditor.Search:ASIAI0B
Importing 'GUID: da2f29c1022a493897ccb5e5e3cfa8e6 - Path: Packages/com.unity.visualscripting/Runtime/VisualScripting.Core/Listeners/MonoBehaviour/UnityOnTriggerStayMListener.cs - Importer: ScriptedImporter/UnityEditor.QuickSearchModule:UnityEditor.Search:ASIAI0B' with importer (ScriptedImporter : UnityEditor.QuickSearchModule:UnityEditor.Search:ASIAI0B)
Imported 'GUID: da2f29c1022a493897ccb5e5e3cfa8e6' -> (Import Result ID: 'd81b6998dcadc67a222fe9a7fde0a9e9') in 0.002 seconds [static and dynamic dependencies]. Details - ImportResultOutputID=239fa9842db7f3af9cdc5c6abd702ea8 DependenciesID=a4fecb93cb25382b58b217441a1d29ff StaticDependenciesID=2355dcc8f0b106fa1c557121eb01b4e7 
Number of updated asset objects reloaded before import = 0
Number of asset objects unloaded after import = 0
========================================================================
Received Import Request.
  Time of request: 2026-09-30T12:28:09.63244Z
  Time since last request: 0.0003844 seconds.
  importAddress: GUID: e14630a9514064be79c5de1ca7565cbe - Path: Packages/com.unity.visualscripting/Runtime/VisualScripting.Core/Reflection/Operators/LogicalNegationHandler.cs - Importer: ScriptedImporter/UnityEditor.QuickSearchModule:UnityEditor.Search:ASIAI0B
Importing 'GUID: e14630a9514064be79c5de1ca7565cbe - Path: Packages/com.unity.visualscripting/Runtime/VisualScripting.Core/Reflection/Operators/LogicalNegationHandler.cs - Importer: ScriptedImporter/UnityEditor.QuickSearchModule:UnityEditor.Search:ASIAI0B' with importer (ScriptedImporter : UnityEditor.QuickSearchModule:UnityEditor.Search:ASIAI0B)
Imported 'GUID: e14630a9514064be79c5de1ca7565cbe' -> (Import Result ID: 'f7911265686b70b904ee3aa5a0715c82') in 0.001 seconds [static and dynamic dependencies]. Details - ImportResultOutputID=7158146f971767f03f712c9f13e21c89 DependenciesID=5af1279a45532df9eb60c49ae41c8300 StaticDependenciesID=e0580ead725730c09137d113bbd8d1c0 
Number of updated asset objects reloaded before import = 0
Number of asset objects unloaded after import = 0
========================================================================
Received Import Request.
  Time of request: 2026-09-30T12:28:09.6342899Z
  Time since last request: 0.0002453 seconds.
  importAddress: GUID: d53a8293d351f4cf582ec062d60728a0 - Path: Packages/com.unity.visualscripting/Runtime/VisualScripting.Core/Reflection/Operators/UnaryOperatorHandler.cs - Importer: ScriptedImporter/UnityEditor.QuickSearchModule:UnityEditor.Search:ASIAI0B
Importing 'GUID: d53a8293d351f4cf582ec062d60728a0 - Path: Packages/com.unity.visualscripting/Runtime/VisualScripting.Core/Reflection/Operators/UnaryOperatorHandler.cs - Importer: ScriptedImporter/UnityEditor.QuickSearchModule:UnityEditor.Search:ASIAI0B' with importer (ScriptedImporter : UnityEditor.QuickSearchModule:UnityEditor.Search:ASIAI0B)
Imported 'GUID: d53a8293d351f4cf582ec062d60728a0' -> (Import Result ID: '6cb3266da55b38bd32b506e8de3983d8') in 0.001 seconds [static and dynamic dependencies]. Details - ImportResultOutputID=f756190f21b2353a255c491f7a281698 DependenciesID=44f9c21bab9de6e4223c117b397e1e4f StaticDependenciesID=588b88cdfca5fc25b3780821cd7d9562 
Number of updated asset objects reloaded before import = 0
Number of asset objects unloaded after import = 0
========================================================================
Received Import Request.
  Time of request: 2026-09-30T12:28:09.6360837Z
  Time since last request: 0.0002476 seconds.
  importAddress: GUID: 55edd124aa014fc2a4d8ef1794dcd775 - Path: Packages/com.unity.visualscripting/Runtime/VisualScripting.Core/Listeners/MonoBehaviour/UnityOnTriggerEnterMessageListener.cs - Importer: ScriptedImporter/UnityEditor.QuickSearchModule:UnityEditor.Search:ASIAI0B
Importing 'GUID: 55edd124aa014fc2a4d8ef1794dcd775 - Path: Packages/com.unity.visualscripting/Runtime/VisualScripting.Core/Listeners/MonoBehaviour/UnityOnTriggerEnterMessageListener.cs - Importer: ScriptedImporter/UnityEditor.QuickSearchModule:UnityEditor.Search:ASIAI0B' with importer (ScriptedImporter : UnityEditor.QuickSearchModule:UnityEditor.Search:ASIAI0B)
Imported 'GUID: 55edd124aa014fc2a4d8ef1794dcd775' -> (Import Result ID: 'e218691a4c3affe83374bdba17042d8c') in 0.002 seconds [static and dynamic dependencies]. Details - ImportResultOutputID=d8dbaf12643ea0b103bd3392b5953982 DependenciesID=592c7d6873d4f661c5c215a72784e19d StaticDependenciesID=4892588f3d734bdb8886db14561f6544 
Number of updated asset objects reloaded before import = 0
Number of asset objects unloaded after import = 0
========================================================================
Received Import Request.
  Time of request: 2026-09-30T12:28:09.6380802Z
  Time since last request: 0.0003821 seconds.
  importAddress: GUID: 951eec3420d7c48d2b7f8cd764b18650 - Path: Packages/com.unity.visualscripting/Runtime/VisualScripting.Core/Reflection/Operators/ModuloHandler.cs - Importer: ScriptedImporter/UnityEditor.QuickSearchModule:UnityEditor.Search:ASIAI0B
Importing 'GUID: 951eec3420d7c48d2b7f8cd764b18650 - Path: Packages/com.unity.visualscripting/Runtime/VisualScripting.Core/Reflection/Operators/ModuloHandler.cs - Importer: ScriptedImporter/UnityEditor.QuickSearchModule:UnityEditor.Search:ASIAI0B' with importer (ScriptedImporter : UnityEditor.QuickSearchModule:UnityEditor.Search:ASIAI0B)
Imported 'GUID: 951eec3420d7c48d2b7f8cd764b18650' -> (Import Result ID: '16c2abcd075103530c5b62b4b836a582') in 0.001 seconds [static and dynamic dependencies]. Details - ImportResultOutputID=4fab4f1e5a924540b4406273a818f164 DependenciesID=c4af78d14772a2108b7dbbcedf7a4d70 StaticDependenciesID=4fe60b1191714a14e12d57d5dbe1fc34 
Number of updated asset objects reloaded before import = 0
Number of asset objects unloaded after import = 0
========================================================================
Received Import Request.
  Time of request: 2026-09-30T12:28:09.6397818Z
  Time since last request: 0.0003728 seconds.
  importAddress: GUID: 7d817d037fef40c5b3283eb5ee38340c - Path: Packages/com.unity.visualscripting/Runtime/VisualScripting.Core/Listeners/UI/UnityOnScrollRectValueChangedMessageListener.cs - Importer: ScriptedImporter/UnityEditor.QuickSearchModule:UnityEditor.Search:ASIAI0B
Importing 'GUID: 7d817d037fef40c5b3283eb5ee38340c - Path: Packages/com.unity.visualscripting/Runtime/VisualScripting.Core/Listeners/UI/UnityOnScrollRectValueChangedMessageListener.cs - Importer: ScriptedImporter/UnityEditor.QuickSearchModule:UnityEditor.Search:ASIAI0B' with importer (ScriptedImporter : UnityEditor.QuickSearchModule:UnityEditor.Search:ASIAI0B)
Imported 'GUID: 7d817d037fef40c5b3283eb5ee38340c' -> (Import Result ID: '5123230dcf9e4a45d27c88ed4e4e6c91') in 0.001 seconds [static and dynamic dependencies]. Details - ImportResultOutputID=06ee2e1d7ccc552a17169cb7962ce0e4 DependenciesID=1591700076f2cd87f02ce6dc74c43b33 StaticDependenciesID=056f5cf1c186733aabc89c22eb8efc24 
Number of updated asset objects reloaded before import = 0
Number of asset objects unloaded after import = 0
========================================================================
Received Import Request.
  Time of request: 2026-09-30T12:28:09.6415914Z
  Time since last request: 0.0002572 seconds.
  importAddress: GUID: 188a1e0187f434d3380b492642a43320 - Path: Packages/com.unity.visualscripting/Runtime/VisualScripting.Core/Reflection/Operators/BinaryOperator.cs - Importer: ScriptedImporter/UnityEditor.QuickSearchModule:UnityEditor.Search:ASIAI0B
Importing 'GUID: 188a1e0187f434d3380b492642a43320 - Path: Packages/com.unity.visualscripting/Runtime/VisualScripting.Core/Reflection/Operators/BinaryOperator.cs - Importer: ScriptedImporter/UnityEditor.QuickSearchModule:UnityEditor.Search:ASIAI0B' with importer (ScriptedImporter : UnityEditor.QuickSearchModule:UnityEditor.Search:ASIAI0B)
Imported 'GUID: 188a1e0187f434d3380b492642a43320' -> (Import Result ID: '2c70571f611cf78e0399fa87b5918a93') in 0.001 seconds [static and dynamic dependencies]. Details - ImportResultOutputID=8d292d2996ac8579e83c8ccaf2106287 DependenciesID=00ea3acf4006912c1f24410346d20d59 StaticDependenciesID=87ea29a4ee4eca466fb4db07ce3fb87a 
Number of updated asset objects reloaded before import = 0
Number of asset objects unloaded after import = 0
========================================================================
Received Import Request.
  Time of request: 2026-09-30T12:28:09.6433458Z
  Time since last request: 0.0002117 seconds.
  importAddress: GUID: 51eb97cc5baa44c898f577d324843965 - Path: Packages/com.unity.visualscripting/Runtime/VisualScripting.Core/Listeners/UIInterfaces/UnityOnPointerClickMessageListener.cs - Importer: ScriptedImporter/UnityEditor.QuickSearchModule:UnityEditor.Search:ASIAI0B
Importing 'GUID: 51eb97cc5baa44c898f577d324843965 - Path: Packages/com.unity.visualscripting/Runtime/VisualScripting.Core/Listeners/UIInterfaces/UnityOnPointerClickMessageListener.cs - Importer: ScriptedImporter/UnityEditor.QuickSearchModule:UnityEditor.Search:ASIAI0B' with importer (ScriptedImporter : UnityEditor.QuickSearchModule:UnityEditor.Search:ASIAI0B)
Imported 'GUID: 51eb97cc5baa44c898f577d324843965' -> (Import Result ID: '9d8891408a740664cfc2a68c585e3dc1') in 0.001 seconds [static and dynamic dependencies]. Details - ImportResultOutputID=3e11bc43e6701e01b473aab1f54bd0ea DependenciesID=8e19d6575a769b4c022414967fb3c308 StaticDependenciesID=57b77b84717b8d6cabe6f2243a732aaa 
Number of updated asset objects reloaded before import = 0
Number of asset objects unloaded after import = 0
========================================================================
Received Import Request.
  Time of request: 2026-09-30T12:28:09.6451025Z
  Time since last request: 0.0003584 seconds.
  importAddress: GUID: 4a6c6829dd03e4750a1bd7107faa4730 - Path: Packages/com.unity.visualscripting/Runtime/VisualScripting.Core/Reflection/Operators/InvalidOperatorException.cs - Importer: ScriptedImporter/UnityEditor.QuickSearchModule:UnityEditor.Search:ASIAI0B
Importing 'GUID: 4a6c6829dd03e4750a1bd7107faa4730 - Path: Packages/com.unity.visualscripting/Runtime/VisualScripting.Core/Reflection/Operators/InvalidOperatorException.cs - Importer: ScriptedImporter/UnityEditor.QuickSearchModule:UnityEditor.Search:ASIAI0B' with importer (ScriptedImporter : UnityEditor.QuickSearchModule:UnityEditor.Search:ASIAI0B)
Imported 'GUID: 4a6c6829dd03e4750a1bd7107faa4730' -> (Import Result ID: '75646c1aebdc04170f4ccec9eea73bda') in 0.001 seconds [static and dynamic dependencies]. Details - ImportResultOutputID=82dd33536660855282ebb812f9985570 DependenciesID=bc75e991aa6fd9be310f0ebd8d1a482b StaticDependenciesID=285de9456ea0956fd1a43127fad4a757 
Number of updated asset objects reloaded before import = 0
Number of asset objects unloaded after import = 0
========================================================================
Received Import Request.
  Time of request: 2026-09-30T12:28:09.6469468Z
  Time since last request: 0.0003664 seconds.
  importAddress: GUID: 90b15a896e1b468b9e634bb9b49bcb9e - Path: Packages/com.unity.visualscripting/Runtime/VisualScripting.Core/Listeners/MonoBehaviour/UnityOnTransformChildrenChangedMListener.cs - Importer: ScriptedImporter/UnityEditor.QuickSearchModule:UnityEditor.Search:ASIAI0B
Importing 'GUID: 90b15a896e1b468b9e634bb9b49bcb9e - Path: Packages/com.unity.visualscripting/Runtime/VisualScripting.Core/Listeners/MonoBehaviour/UnityOnTransformChildrenChangedMListener.cs - Importer: ScriptedImporter/UnityEditor.QuickSearchModule:UnityEditor.Search:ASIAI0B' with importer (ScriptedImporter : UnityEditor.QuickSearchModule:UnityEditor.Search:ASIAI0B)
Imported 'GUID: 90b15a896e1b468b9e634bb9b49bcb9e' -> (Import Result ID: '8b4e819e3cf0e8a5c43e76ca30aabbf9') in 0.001 seconds [static and dynamic dependencies]. Details - ImportResultOutputID=02f9431d0c31f456799c6c96e2093fc2 DependenciesID=de23b44e0d754819f0573ada849aa82e StaticDependenciesID=6928d6c5e64aee6de56f117a49596453 
Number of updated asset objects reloaded before import = 0
Number of asset objects unloaded after import = 0
========================================================================
Received Import Request.
  Time of request: 2026-09-30T12:28:09.6488659Z
  Time since last request: 0.0006124 seconds.
  importAddress: GUID: f7eff71d2342343c3985596ad46e6480 - Path: Packages/com.unity.visualscripting/Runtime/VisualScripting.Core/Reflection/Operators/AndHandler.cs - Importer: ScriptedImporter/UnityEditor.QuickSearchModule:UnityEditor.Search:ASIAI0B
Importing 'GUID: f7eff71d2342343c3985596ad46e6480 - Path: Packages/com.unity.visualscripting/Runtime/VisualScripting.Core/Reflection/Operators/AndHandler.cs - Importer: ScriptedImporter/UnityEditor.QuickSearchModule:UnityEditor.Search:ASIAI0B' with importer (ScriptedImporter : UnityEditor.QuickSearchModule:UnityEditor.Search:ASIAI0B)
Imported 'GUID: f7eff71d2342343c3985596ad46e6480' -> (Import Result ID: '4ea7bf44ce9de1a62e818ff2f6e8858a') in 0.002 seconds [static and dynamic dependencies]. Details - ImportResultOutputID=48e2a48df919e04b4005269250cf1f37 DependenciesID=fbf2abac1d57b28fcacc79598221c34b StaticDependenciesID=4a368d3863bdd01ea52deae831d5579a 
Number of updated asset objects reloaded before import = 0
Number of asset objects unloaded after import = 0
========================================================================
Received Import Request.
  Time of request: 2026-09-30T12:28:09.6582617Z
  Time since last request: 0.007686 seconds.
  importAddress: GUID: 85a593e3a5d094d33b2bd1ca335d4a4f - Path: Packages/com.unity.visualscripting/Runtime/VisualScripting.Core/Reflection/Optimization/InstanceFunctionInvoker_5.cs - Importer: ScriptedImporter/UnityEditor.QuickSearchModule:UnityEditor.Search:ASIAI0B
Importing 'GUID: 85a593e3a5d094d33b2bd1ca335d4a4f - Path: Packages/com.unity.visualscripting/Runtime/VisualScripting.Core/Reflection/Optimization/InstanceFunctionInvoker_5.cs - Importer: ScriptedImporter/UnityEditor.QuickSearchModule:UnityEditor.Search:ASIAI0B' with importer (ScriptedImporter : UnityEditor.QuickSearchModule:UnityEditor.Search:ASIAI0B)
Imported 'GUID: 85a593e3a5d094d33b2bd1ca335d4a4f' -> (Import Result ID: 'b61206c674505d4bd4ffe1615374a9c6') in 0.002 seconds [static and dynamic dependencies]. Details - ImportResultOutputID=b7ab28a05a21f4e92fe82c70bfd5a99b DependenciesID=462ef2b74171d34d6ba0643f401300a3 StaticDependenciesID=290af3c02a574ccdb03b6316265beba8 
Number of updated asset objects reloaded before import = 0
Number of asset objects unloaded after import = 0
========================================================================
Received Import Request.
  Time of request: 2026-09-30T12:28:09.6613807Z
  Time since last request: 0.0006245 seconds.
  importAddress: GUID: 04e713e5043874d68b4f7e6998aabacb - Path: Packages/com.unity.visualscripting/Runtime/VisualScripting.Core/Reflection/Optimization/StaticActionInvoker_2.cs - Importer: ScriptedImporter/UnityEditor.QuickSearchModule:UnityEditor.Search:ASIAI0B
Importing 'GUID: 04e713e5043874d68b4f7e6998aabacb - Path: Packages/com.unity.visualscripting/Runtime/VisualScripting.Core/Reflection/Optimization/StaticActionInvoker_2.cs - Importer: ScriptedImporter/UnityEditor.QuickSearchModule:UnityEditor.Search:ASIAI0B' with importer (ScriptedImporter : UnityEditor.QuickSearchModule:UnityEditor.Search:ASIAI0B)
Imported 'GUID: 04e713e5043874d68b4f7e6998aabacb' -> (Import Result ID: '41577ddcc9440cc4bba7d9aaf42bc213') in 0.001 seconds [static and dynamic dependencies]. Details - ImportResultOutputID=78968bb0bb5899c80b80c7e7de20f643 DependenciesID=aab830e38e98bc16cac184ae7fd7704d StaticDependenciesID=db17b774c0d3a193da19bd161b3b7be8 
Number of updated asset objects reloaded before import = 0
Number of asset objects unloaded after import = 0
========================================================================
Received Import Request.
  Time of request: 2026-09-30T12:28:09.6631169Z
  Time since last request: 0.000262 seconds.
  importAddress: GUID: b546fea2e0eea4ab98c47948cb30b03c - Path: Packages/com.unity.visualscripting/Runtime/VisualScripting.Flow/Dependencies/NCalc/EvaluationOption.cs - Importer: ScriptedImporter/UnityEditor.QuickSearchModule:UnityEditor.Search:ASIAI0B
Importing 'GUID: b546fea2e0eea4ab98c47948cb30b03c - Path: Packages/com.unity.visualscripting/Runtime/VisualScripting.Flow/Dependencies/NCalc/EvaluationOption.cs - Importer: ScriptedImporter/UnityEditor.QuickSearchModule:UnityEditor.Search:ASIAI0B' with importer (ScriptedImporter : UnityEditor.QuickSearchModule:UnityEditor.Search:ASIAI0B)
Imported 'GUID: b546fea2e0eea4ab98c47948cb30b03c' -> (Import Result ID: '59e45a5d473ebb7d469a0c8eec7ed750') in 0.002 seconds [static and dynamic dependencies]. Details - ImportResultOutputID=d2a717653faf3266b8843b8e7adb6357 DependenciesID=a44d5d556c115068a3962fac4e8ead45 StaticDependenciesID=bdfaaca196a699d89648294a416cd482 
Number of updated asset objects reloaded before import = 0
Number of asset objects unloaded after import = 0
========================================================================
Received Import Request.
  Time of request: 2026-09-30T12:28:09.6663521Z
  Time since last request: 0.0010101 seconds.
  importAddress: GUID: e7fd49b5fad854cb09974df4282ea2d9 - Path: Packages/com.unity.visualscripting/Runtime/VisualScripting.Core/Reflection/Optimization/StaticActionInvoker_4.cs - Importer: ScriptedImporter/UnityEditor.QuickSearchModule:UnityEditor.Search:ASIAI0B
Importing 'GUID: e7fd49b5fad854cb09974df4282ea2d9 - Path: Packages/com.unity.visualscripting/Runtime/VisualScripting.Core/Reflection/Optimization/StaticActionInvoker_4.cs - Importer: ScriptedImporter/UnityEditor.QuickSearchModule:UnityEditor.Search:ASIAI0B' with importer (ScriptedImporter : UnityEditor.QuickSearchModule:UnityEditor.Search:ASIAI0B)
Imported 'GUID: e7fd49b5fad854cb09974df4282ea2d9' -> (Import Result ID: 'c224053d53cc56b8d21077886578a123') in 0.002 seconds [static and dynamic dependencies]. Details - ImportResultOutputID=87e230315fda0b26259ee802a8e5cc40 DependenciesID=afbe92cb5cdf63fd3b4f505a6eec0a0b StaticDependenciesID=e66daeafb94072de0598d84fc2ca8e07 
Number of updated asset objects reloaded before import = 0
Number of asset objects unloaded after import = 0
========================================================================
Received Import Request.
  Time of request: 2026-09-30T12:28:09.6686225Z
  Time since last request: 0.0003438 seconds.
  importAddress: GUID: adbde1bbd3b564927972074085a24f86 - Path: Packages/com.unity.visualscripting/Runtime/VisualScripting.Core/Reflection/Optimization/StaticFunctionInvoker_5.cs - Importer: ScriptedImporter/UnityEditor.QuickSearchModule:UnityEditor.Search:ASIAI0B
Importing 'GUID: adbde1bbd3b564927972074085a24f86 - Path: Packages/com.unity.visualscripting/Runtime/VisualScripting.Core/Reflection/Optimization/StaticFunctionInvoker_5.cs - Importer: ScriptedImporter/UnityEditor.QuickSearchModule:UnityEditor.Search:ASIAI0B' with importer (ScriptedImporter : UnityEditor.QuickSearchModule:UnityEditor.Search:ASIAI0B)
Imported 'GUID: adbde1bbd3b564927972074085a24f86' -> (Import Result ID: '8222781d996ad28b7eb1d31edd25f3a8') in 0.001 seconds [static and dynamic dependencies]. Details - ImportResultOutputID=5828b22ab8b455e2b227e51b469b545c DependenciesID=304f4dc9e34a0c5031d0cb06b567d66e StaticDependenciesID=19fcad9781b978a0a8bb4fe668e9ab73 
Number of updated asset objects reloaded before import = 0
Number of asset objects unloaded after import = 0
========================================================================
Received Import Request.
  Time of request: 2026-09-30T12:28:09.6704541Z
  Time since last request: 0.0001886 seconds.
  importAddress: GUID: 1900baa5498f6417b8a7037bb313eb83 - Path: Packages/com.unity.visualscripting/Runtime/VisualScripting.Core/Reflection/Optimization/InstanceFunctionInvokerBase.cs - Importer: ScriptedImporter/UnityEditor.QuickSearchModule:UnityEditor.Search:ASIAI0B
Importing 'GUID: 1900baa5498f6417b8a7037bb313eb83 - Path: Packages/com.unity.visualscripting/Runtime/VisualScripting.Core/Reflection/Optimization/InstanceFunctionInvokerBase.cs - Importer: ScriptedImporter/UnityEditor.QuickSearchModule:UnityEditor.Search:ASIAI0B' with importer (ScriptedImporter : UnityEditor.QuickSearchModule:UnityEditor.Search:ASIAI0B)
Imported 'GUID: 1900baa5498f6417b8a7037bb313eb83' -> (Import Result ID: '7fbd96fe73e9c28f7afb0784b45f8f15') in 0.002 seconds [static and dynamic dependencies]. Details - ImportResultOutputID=899084e8f37c65a70cf8de346f4cc746 DependenciesID=a4afdf185abbe50936279e76c78dd989 StaticDependenciesID=014e60b0c21c7d41d55d755ce2148e0a 
Number of updated asset objects reloaded before import = 0
Number of asset objects unloaded after import = 0
========================================================================
Received Import Request.
  Time of request: 2026-09-30T12:28:09.6729377Z
  Time since last request: 0.000301 seconds.
  importAddress: GUID: 6499d38cb236f4d369ab2ce0e0585ecc - Path: Packages/com.unity.visualscripting/Runtime/VisualScripting.Flow/Dependencies/NCalc/EvaluationException.cs - Importer: ScriptedImporter/UnityEditor.QuickSearchModule:UnityEditor.Search:ASIAI0B
Importing 'GUID: 6499d38cb236f4d369ab2ce0e0585ecc - Path: Packages/com.unity.visualscripting/Runtime/VisualScripting.Flow/Dependencies/NCalc/EvaluationException.cs - Importer: ScriptedImporter/UnityEditor.QuickSearchModule:UnityEditor.Search:ASIAI0B' with importer (ScriptedImporter : UnityEditor.QuickSearchModule:UnityEditor.Search:ASIAI0B)
Imported 'GUID: 6499d38cb236f4d369ab2ce0e0585ecc' -> (Import Result ID: 'a0a5bcf987f97e1990c50feef249259a') in 0.002 seconds [static and dynamic dependencies]. Details - ImportResultOutputID=703a2113c66d691d32ba1a72b6858010 DependenciesID=754c3ba751cd46c2b7c24a65991b1eb8 StaticDependenciesID=a667d085f323c593f1fc5be131ab4b80 
Number of updated asset objects reloaded before import = 0
Number of asset objects unloaded after import = 0
========================================================================
Received Import Request.
  Time of request: 2026-09-30T12:28:09.6752069Z
  Time since last request: 0.0002406 seconds.
  importAddress: GUID: 7ba5f39821e844d3bb87e953543d2572 - Path: Packages/com.unity.visualscripting/Runtime/VisualScripting.Core/Reflection/Optimization/StaticFunctionInvoker_0.cs - Importer: ScriptedImporter/UnityEditor.QuickSearchModule:UnityEditor.Search:ASIAI0B
Importing 'GUID: 7ba5f39821e844d3bb87e953543d2572 - Path: Packages/com.unity.visualscripting/Runtime/VisualScripting.Core/Reflection/Optimization/StaticFunctionInvoker_0.cs - Importer: ScriptedImporter/UnityEditor.QuickSearchModule:UnityEditor.Search:ASIAI0B' with importer (ScriptedImporter : UnityEditor.QuickSearchModule:UnityEditor.Search:ASIAI0B)
Imported 'GUID: 7ba5f39821e844d3bb87e953543d2572' -> (Import Result ID: '4717fcd79277d591ea9be0e6549f3142') in 0.002 seconds [static and dynamic dependencies]. Details - ImportResultOutputID=03538d8b966e692fc406d95729155320 DependenciesID=12ed389928aaedc9c73f4ef3e15cdd8e StaticDependenciesID=7484cc6286fa051929def19f15d9f056 
Number of updated asset objects reloaded before import = 0
Number of asset objects unloaded after import = 0
========================================================================
Received Import Request.
  Time of request: 2026-09-30T12:28:09.6777714Z
  Time since last request: 0.0002595 seconds.
  importAddress: GUID: 1d65eede9661f46a88d6e1949070eb9f - Path: Packages/com.unity.visualscripting/Runtime/VisualScripting.Flow/Dependencies/NCalc/NCalc.g - Importer: ScriptedImporter/UnityEditor.QuickSearchModule:UnityEditor.Search:ASIAI0B
Importing 'GUID: 1d65eede9661f46a88d6e1949070eb9f - Path: Packages/com.unity.visualscripting/Runtime/VisualScripting.Flow/Dependencies/NCalc/NCalc.g - Importer: ScriptedImporter/UnityEditor.QuickSearchModule:UnityEditor.Search:ASIAI0B' with importer (ScriptedImporter : UnityEditor.QuickSearchModule:UnityEditor.Search:ASIAI0B)
Imported 'GUID: 1d65eede9661f46a88d6e1949070eb9f' -> (Import Result ID: 'f9e6ef3fc418339673fa114b6048a96b') in 0.002 seconds [static and dynamic dependencies]. Details - ImportResultOutputID=a6d7fcbd2b76ba8c7514591b8424876c DependenciesID=3444b8ce97d2b3567258f47c8b352ab4 StaticDependenciesID=d6753e29b63db667bfdc1958874c9d53 
Number of updated asset objects reloaded before import = 0
Number of asset objects unloaded after import = 1
========================================================================
Received Import Request.
  Time of request: 2026-09-30T12:28:09.6797514Z
  Time since last request: 0.0002844 seconds.
  importAddress: GUID: 6199aa1c124454b9ab004ddedcce5610 - Path: Packages/com.unity.visualscripting/Runtime/VisualScripting.Core/Reflection/Optimization/StaticFunctionInvoker_4.cs - Importer: ScriptedImporter/UnityEditor.QuickSearchModule:UnityEditor.Search:ASIAI0B
Importing 'GUID: 6199aa1c124454b9ab004ddedcce5610 - Path: Packages/com.unity.visualscripting/Runtime/VisualScripting.Core/Reflection/Optimization/StaticFunctionInvoker_4.cs - Importer: ScriptedImporter/UnityEditor.QuickSearchModule:UnityEditor.Search:ASIAI0B' with importer (ScriptedImporter : UnityEditor.QuickSearchModule:UnityEditor.Search:ASIAI0B)
Imported 'GUID: 6199aa1c124454b9ab004ddedcce5610' -> (Import Result ID: '313a249436c12fcd5fc3674a118c68ce') in 0.001 seconds [static and dynamic dependencies]. Details - ImportResultOutputID=420e993b5bbaea873f1a816f8e1350ea DependenciesID=c1d3f070d7b3e43f6952cb4aaae8c0ff StaticDependenciesID=9608629b6b2bbb5b6df3c482f5ae3dc3 
Number of updated asset objects reloaded before import = 0
Number of asset objects unloaded after import = 0
========================================================================
Received Import Request.
  Time of request: 2026-09-30T12:28:09.6815163Z
  Time since last request: 0.0003398 seconds.
  importAddress: GUID: 2a04f80a14e674d8baadb6f7e1fa4941 - Path: Packages/com.unity.visualscripting/Runtime/VisualScripting.Core/Reflection/Optimization/ReflectionFieldAccessor.cs - Importer: ScriptedImporter/UnityEditor.QuickSearchModule:UnityEditor.Search:ASIAI0B
Importing 'GUID: 2a04f80a14e674d8baadb6f7e1fa4941 - Path: Packages/com.unity.visualscripting/Runtime/VisualScripting.Core/Reflection/Optimization/ReflectionFieldAccessor.cs - Importer: ScriptedImporter/UnityEditor.QuickSearchModule:UnityEditor.Search:ASIAI0B' with importer (ScriptedImporter : UnityEditor.QuickSearchModule:UnityEditor.Search:ASIAI0B)
Imported 'GUID: 2a04f80a14e674d8baadb6f7e1fa4941' -> (Import Result ID: '7ffb6e059168c4ef9401a150132e1ce3') in 0.002 seconds [static and dynamic dependencies]. Details - ImportResultOutputID=a074e424eab02ddb3f84d0e02850f32e DependenciesID=ef4f89bf5257193cdde7695c2b676b68 StaticDependenciesID=47311b9e4d8617092e25762d2d5a5d3a 
Number of updated asset objects reloaded before import = 0
Number of asset objects unloaded after import = 0
========================================================================
Received Import Request.
  Time of request: 2026-09-30T12:28:09.6837687Z
  Time since last request: 0.0002633 seconds.
  importAddress: GUID: a7c789f20584c492cb1c844dbb459bba - Path: Packages/com.unity.visualscripting/Runtime/VisualScripting.Core/Reflection/Optimization/InvokerBase.cs - Importer: ScriptedImporter/UnityEditor.QuickSearchModule:UnityEditor.Search:ASIAI0B
Importing 'GUID: a7c789f20584c492cb1c844dbb459bba - Path: Packages/com.unity.visualscripting/Runtime/VisualScripting.Core/Reflection/Optimization/InvokerBase.cs - Importer: ScriptedImporter/UnityEditor.QuickSearchModule:UnityEditor.Search:ASIAI0B' with importer (ScriptedImporter : UnityEditor.QuickSearchModule:UnityEditor.Search:ASIAI0B)
Imported 'GUID: a7c789f20584c492cb1c844dbb459bba' -> (Import Result ID: 'b4ccc63a98f220b1897206d7b2095454') in 0.001 seconds [static and dynamic dependencies]. Details - ImportResultOutputID=9c9db806e9b69964339da90ae6870a80 DependenciesID=9a20e38fec95d9604593493c82692cea StaticDependenciesID=e8752df005425b23c87d5110d2536497 
Number of updated asset objects reloaded before import = 0
Number of asset objects unloaded after import = 0
========================================================================
Received Import Request.
  Time of request: 2026-09-30T12:28:09.6853796Z
  Time since last request: 0.0002775 seconds.
  importAddress: GUID: 31e550d17f6264ba68218683267984df - Path: Packages/com.unity.visualscripting/Runtime/VisualScripting.Core/Reflection/Optimization/IOptimizedAccessor.cs - Importer: ScriptedImporter/UnityEditor.QuickSearchModule:UnityEditor.Search:ASIAI0B
Importing 'GUID: 31e550d17f6264ba68218683267984df - Path: Packages/com.unity.visualscripting/Runtime/VisualScripting.Core/Reflection/Optimization/IOptimizedAccessor.cs - Importer: ScriptedImporter/UnityEditor.QuickSearchModule:UnityEditor.Search:ASIAI0B' with importer (ScriptedImporter : UnityEditor.QuickSearchModule:UnityEditor.Search:ASIAI0B)
Imported 'GUID: 31e550d17f6264ba68218683267984df' -> (Import Result ID: 'd047bc229cc7fef333f683b994f6cb86') in 0.002 seconds [static and dynamic dependencies]. Details - ImportResultOutputID=d451caa3041ad402ec4ec01f425cf434 DependenciesID=d4ec6f2711c068197189cf68c168ec91 StaticDependenciesID=e0cb7567f8a1dbf395442e4ee9666c12 
Number of updated asset objects reloaded before import = 0
Number of asset objects unloaded after import = 0
========================================================================
Received Import Request.
  Time of request: 2026-09-30T12:28:09.6875091Z
  Time since last request: 0.0002633 seconds.
  importAddress: GUID: c48adaa9f604d4ecf8326fb23b1333c3 - Path: Packages/com.unity.visualscripting/Runtime/VisualScripting.Core/Reflection/Optimization/IOptimizedInvoker.cs - Importer: ScriptedImporter/UnityEditor.QuickSearchModule:UnityEditor.Search:ASIAI0B
Importing 'GUID: c48adaa9f604d4ecf8326fb23b1333c3 - Path: Packages/com.unity.visualscripting/Runtime/VisualScripting.Core/Reflection/Optimization/IOptimizedInvoker.cs - Importer: ScriptedImporter/UnityEditor.QuickSearchModule:UnityEditor.Search:ASIAI0B' with importer (ScriptedImporter : UnityEditor.QuickSearchModule:UnityEditor.Search:ASIAI0B)
Imported 'GUID: c48adaa9f604d4ecf8326fb23b1333c3' -> (Import Result ID: '8dfd88a68927090d1977f60c7f8068fd') in 0.001 seconds [static and dynamic dependencies]. Details - ImportResultOutputID=c699a1f39abf4d6d6d769c5a52c3ca7c DependenciesID=e9d87347e7cc0e2e1fc774357435495c StaticDependenciesID=dc618d593f9ca73319548d860257a9b4 
Number of updated asset objects reloaded before import = 0
Number of asset objects unloaded after import = 0
========================================================================
Received Import Request.
  Time of request: 2026-09-30T12:28:09.6892052Z
  Time since last request: 0.0003263 seconds.
  importAddress: GUID: 85446336b4c0548199297578ebc69d08 - Path: Packages/com.unity.visualscripting/Runtime/VisualScripting.Core/Reflection/Optimization/InstanceFieldAccessor.cs - Importer: ScriptedImporter/UnityEditor.QuickSearchModule:UnityEditor.Search:ASIAI0B
Importing 'GUID: 85446336b4c0548199297578ebc69d08 - Path: Packages/com.unity.visualscripting/Runtime/VisualScripting.Core/Reflection/Optimization/InstanceFieldAccessor.cs - Importer: ScriptedImporter/UnityEditor.QuickSearchModule:UnityEditor.Search:ASIAI0B' with importer (ScriptedImporter : UnityEditor.QuickSearchModule:UnityEditor.Search:ASIAI0B)
Imported 'GUID: 85446336b4c0548199297578ebc69d08' -> (Import Result ID: 'fd3527203f9016cec9fbf4ab9c03ec26') in 0.003 seconds [static and dynamic dependencies]. Details - ImportResultOutputID=a078cc48f3fba7bd4fce98ee4ab7fe12 DependenciesID=3e3556c919ccbd39791fe3c79eb4dc95 StaticDependenciesID=2390700ab1221c39735d9a9a5c3ea434 
Number of updated asset objects reloaded before import = 0
Number of asset objects unloaded after import = 0
========================================================================
Received Import Request.
  Time of request: 2026-09-30T12:28:09.6928205Z
  Time since last request: 0.0005026 seconds.
  importAddress: GUID: 3dd474c9747c7444d9ca4b191b48301d - Path: Packages/com.unity.visualscripting/Runtime/VisualScripting.Flow/Dependencies/NCalc/Expression.cs - Importer: ScriptedImporter/UnityEditor.QuickSearchModule:UnityEditor.Search:ASIAI0B
Importing 'GUID: 3dd474c9747c7444d9ca4b191b48301d - Path: Packages/com.unity.visualscripting/Runtime/VisualScripting.Flow/Dependencies/NCalc/Expression.cs - Importer: ScriptedImporter/UnityEditor.QuickSearchModule:UnityEditor.Search:ASIAI0B' with importer (ScriptedImporter : UnityEditor.QuickSearchModule:UnityEditor.Search:ASIAI0B)
Imported 'GUID: 3dd474c9747c7444d9ca4b191b48301d' -> (Import Result ID: '007120cd32837e88d9bd99e8ad672930') in 0.002 seconds [static and dynamic dependencies]. Details - ImportResultOutputID=bc2a9f5897deffc3874b121444c0f1ce DependenciesID=b6fdbca26477f12e8f25336f61d43dd8 StaticDependenciesID=b704c2df3018e39f9cf22949e4c476ac 
Number of updated asset objects reloaded before import = 0
Number of asset objects unloaded after import = 0
========================================================================
Received Import Request.
  Time of request: 2026-09-30T12:28:09.6954367Z
  Time since last request: 0.0004103 seconds.
  importAddress: GUID: 65e6471546f3440519afbbdb3c6419b5 - Path: Packages/com.unity.visualscripting/Runtime/VisualScripting.Core/Reflection/Optimization/InstanceActionInvoker_4.cs - Importer: ScriptedImporter/UnityEditor.QuickSearchModule:UnityEditor.Search:ASIAI0B
Importing 'GUID: 65e6471546f3440519afbbdb3c6419b5 - Path: Packages/com.unity.visualscripting/Runtime/VisualScripting.Core/Reflection/Optimization/InstanceActionInvoker_4.cs - Importer: ScriptedImporter/UnityEditor.QuickSearchModule:UnityEditor.Search:ASIAI0B' with importer (ScriptedImporter : UnityEditor.QuickSearchModule:UnityEditor.Search:ASIAI0B)
Imported 'GUID: 65e6471546f3440519afbbdb3c6419b5' -> (Import Result ID: 'de7895e296eec3c574fe203d4c86c1fe') in 0.002 seconds [static and dynamic dependencies]. Details - ImportResultOutputID=f9ab322d91e0973d30a2e161551828f1 DependenciesID=27eaa9f8c1b2585f70167047426466fc StaticDependenciesID=047f64b5752c91f365a3302fd6403d2b 
Number of updated asset objects reloaded before import = 0
Number of asset objects unloaded after import = 0
========================================================================
Received Import Request.
  Time of request: 2026-09-30T12:28:09.6975757Z
  Time since last request: 0.000423 seconds.
  importAddress: GUID: 6180c9bbe40b44d45980f2b1a0325e58 - Path: Packages/com.unity.visualscripting/Runtime/VisualScripting.Flow/Dependencies/NCalc/EvaluateParameterHandler.cs - Importer: ScriptedImporter/UnityEditor.QuickSearchModule:UnityEditor.Search:ASIAI0B
Importing 'GUID: 6180c9bbe40b44d45980f2b1a0325e58 - Path: Packages/com.unity.visualscripting/Runtime/VisualScripting.Flow/Dependencies/NCalc/EvaluateParameterHandler.cs - Importer: ScriptedImporter/UnityEditor.QuickSearchModule:UnityEditor.Search:ASIAI0B' with importer (ScriptedImporter : UnityEditor.QuickSearchModule:UnityEditor.Search:ASIAI0B)
Imported 'GUID: 6180c9bbe40b44d45980f2b1a0325e58' -> (Import Result ID: 'f1be7416e508a52c559460bd02a0ae93') in 0.002 seconds [static and dynamic dependencies]. Details - ImportResultOutputID=7499f9b46c531754dd7dee3dbc16217f DependenciesID=98fd4445401aa58fde1e2e58fb98d83f StaticDependenciesID=b6049d838375c6f92c1596078a580288 
Number of updated asset objects reloaded before import = 0
Number of asset objects unloaded after import = 0
========================================================================
Received Import Request.
  Time of request: 2026-09-30T12:28:09.7002425Z
  Time since last request: 0.0003102 seconds.
  importAddress: GUID: 55514a8464191433785154307e445337 - Path: Packages/com.unity.visualscripting/Runtime/VisualScripting.Flow/Dependencies/NCalc/FunctionArgs.cs - Importer: ScriptedImporter/UnityEditor.QuickSearchModule:UnityEditor.Search:ASIAI0B
Importing 'GUID: 55514a8464191433785154307e445337 - Path: Packages/com.unity.visualscripting/Runtime/VisualScripting.Flow/Dependencies/NCalc/FunctionArgs.cs - Importer: ScriptedImporter/UnityEditor.QuickSearchModule:UnityEditor.Search:ASIAI0B' with importer (ScriptedImporter : UnityEditor.QuickSearchModule:UnityEditor.Search:ASIAI0B)
Imported 'GUID: 55514a8464191433785154307e445337' -> (Import Result ID: 'a5f02d76d6ffd5902d5d4ce682612812') in 0.002 seconds [static and dynamic dependencies]. Details - ImportResultOutputID=9db1e6272d57690c39c6a36a20d5e21b DependenciesID=1d78890d31ca795da5490f7bc9d22f85 StaticDependenciesID=1468631ff4a2aeac7fc14494b308a2c3 
Number of updated asset objects reloaded before import = 0
Number of asset objects unloaded after import = 0
========================================================================
Received Import Request.
  Time of request: 2026-09-30T12:28:09.7025022Z
  Time since last request: 0.000451 seconds.
  importAddress: GUID: 637699a0545ee4284830c7149ad3bcf7 - Path: Packages/com.unity.visualscripting/Runtime/VisualScripting.Core/Reflection/Optimization/Action_6.cs - Importer: ScriptedImporter/UnityEditor.QuickSearchModule:UnityEditor.Search:ASIAI0B
Importing 'GUID: 637699a0545ee4284830c7149ad3bcf7 - Path: Packages/com.unity.visualscripting/Runtime/VisualScripting.Core/Reflection/Optimization/Action_6.cs - Importer: ScriptedImporter/UnityEditor.QuickSearchModule:UnityEditor.Search:ASIAI0B' with importer (ScriptedImporter : UnityEditor.QuickSearchModule:UnityEditor.Search:ASIAI0B)
Imported 'GUID: 637699a0545ee4284830c7149ad3bcf7' -> (Import Result ID: 'd55058adc6b40325d2e0b864c616512f') in 0.002 seconds [static and dynamic dependencies]. Details - ImportResultOutputID=3a363d6a89146ceac6f7eb8b8be3db7e DependenciesID=95fb778823578adef148f7bf39a1db71 StaticDependenciesID=095306c6500c99a731981d282d02c201 
Number of updated asset objects reloaded before import = 0
Number of asset objects unloaded after import = 0
========================================================================
Received Import Request.
  Time of request: 2026-09-30T12:28:09.7052186Z
  Time since last request: 0.0003066 seconds.
  importAddress: GUID: 066e7650f540d49cba91aaa2975fb430 - Path: Packages/com.unity.visualscripting/Runtime/VisualScripting.Core/Reflection/Optimization/StaticActionInvoker_1.cs - Importer: ScriptedImporter/UnityEditor.QuickSearchModule:UnityEditor.Search:ASIAI0B
Importing 'GUID: 066e7650f540d49cba91aaa2975fb430 - Path: Packages/com.unity.visualscripting/Runtime/VisualScripting.Core/Reflection/Optimization/StaticActionInvoker_1.cs - Importer: ScriptedImporter/UnityEditor.QuickSearchModule:UnityEditor.Search:ASIAI0B' with importer (ScriptedImporter : UnityEditor.QuickSearchModule:UnityEditor.Search:ASIAI0B)
Imported 'GUID: 066e7650f540d49cba91aaa2975fb430' -> (Import Result ID: '4e9a615deedb12264b5d13cca8f78ef2') in 0.002 seconds [static and dynamic dependencies]. Details - ImportResultOutputID=33c9c1d335b624ecec6e4207f8c88979 DependenciesID=6e0a84150383147cd1ad84b6b7902874 StaticDependenciesID=a346db2f8a660307a300cba5772401d8 
Number of updated asset objects reloaded before import = 0
Number of asset objects unloaded after import = 0
========================================================================
Received Import Request.
  Time of request: 2026-09-30T12:28:09.7248992Z
  Time since last request: 0.0176016 seconds.
  importAddress: GUID: c614751e0f58c477cb0e9658be0ebdc4 - Path: Packages/com.unity.visualscripting/Runtime/VisualScripting.Flow/Dependencies/NCalc/UnaryExpression.cs - Importer: ScriptedImporter/UnityEditor.QuickSearchModule:UnityEditor.Search:ASIAI0B
Importing 'GUID: c614751e0f58c477cb0e9658be0ebdc4 - Path: Packages/com.unity.visualscripting/Runtime/VisualScripting.Flow/Dependencies/NCalc/UnaryExpression.cs - Importer: ScriptedImporter/UnityEditor.QuickSearchModule:UnityEditor.Search:ASIAI0B' with importer (ScriptedImporter : UnityEditor.QuickSearchModule:UnityEditor.Search:ASIAI0B)
Imported 'GUID: c614751e0f58c477cb0e9658be0ebdc4' -> (Import Result ID: '61e0fb97c19067eb481e8497a2b55e16') in 0.002 seconds [static and dynamic dependencies]. Details - ImportResultOutputID=7c54cafe46f0f849f44906f509a29174 DependenciesID=0b5d4dad5ba234c68cdc18c6f7566b6c StaticDependenciesID=9468ac90ef2f0e0ce7f6671e8b3e5f4c 
Number of updated asset objects reloaded before import = 0
Number of asset objects unloaded after import = 0
========================================================================
Received Import Request.
  Time of request: 2026-09-30T12:28:09.7280484Z
  Time since last request: 0.0005847 seconds.
  importAddress: GUID: b7338a5f262ac4ecea97462e8eb78178 - Path: Packages/com.unity.visualscripting/Runtime/VisualScripting.Flow/Dependencies/NCalc/ValueExpression.cs - Importer: ScriptedImporter/UnityEditor.QuickSearchModule:UnityEditor.Search:ASIAI0B
Importing 'GUID: b7338a5f262ac4ecea97462e8eb78178 - Path: Packages/com.unity.visualscripting/Runtime/VisualScripting.Flow/Dependencies/NCalc/ValueExpression.cs - Importer: ScriptedImporter/UnityEditor.QuickSearchModule:UnityEditor.Search:ASIAI0B' with importer (ScriptedImporter : UnityEditor.QuickSearchModule:UnityEditor.Search:ASIAI0B)
Imported 'GUID: b7338a5f262ac4ecea97462e8eb78178' -> (Import Result ID: 'a633c63fc04695d24eb379e6668f4c84') in 0.002 seconds [static and dynamic dependencies]. Details - ImportResultOutputID=3a19624fda388667bf3acfd4d3a32ae6 DependenciesID=9cad6ab55c7e9e1b559c9cf283b27817 StaticDependenciesID=a4e3610c7fd95ab801020fef78a1c4e7 
Number of updated asset objects reloaded before import = 0
Number of asset objects unloaded after import = 0
========================================================================
Received Import Request.
  Time of request: 2026-09-30T12:28:09.7307886Z
  Time since last request: 0.0003958 seconds.
  importAddress: GUID: f1f5cc0ec16bb47f8bca4d860c0c1339 - Path: Packages/com.unity.visualscripting/Runtime/VisualScripting.Flow/Framework/Events/BoltUnityEvent.cs - Importer: ScriptedImporter/UnityEditor.QuickSearchModule:UnityEditor.Search:ASIAI0B
Importing 'GUID: f1f5cc0ec16bb47f8bca4d860c0c1339 - Path: Packages/com.unity.visualscripting/Runtime/VisualScripting.Flow/Framework/Events/BoltUnityEvent.cs - Importer: ScriptedImporter/UnityEditor.QuickSearchModule:UnityEditor.Search:ASIAI0B' with importer (ScriptedImporter : UnityEditor.QuickSearchModule:UnityEditor.Search:ASIAI0B)
Imported 'GUID: f1f5cc0ec16bb47f8bca4d860c0c1339' -> (Import Result ID: '8262f126987d8b5c7fd4b350a54dd215') in 0.002 seconds [static and dynamic dependencies]. Details - ImportResultOutputID=fc15045a80e015edc417b24f63cae76e DependenciesID=6d65a93d2a16eb63a50d68124a8fc4b4 StaticDependenciesID=c9bdc00ec4af190e9af358451f0cc49a 
Number of updated asset objects reloaded before import = 0
Number of asset objects unloaded after import = 0
========================================================================
Received Import Request.
  Time of request: 2026-09-30T12:28:09.7331943Z
  Time since last request: 0.0002698 seconds.
  importAddress: GUID: 38ba506333a224b0da52d06c9c27e1f4 - Path: Packages/com.unity.visualscripting/Runtime/VisualScripting.Flow/Framework/Control/SelectUnit_T.cs - Importer: ScriptedImporter/UnityEditor.QuickSearchModule:UnityEditor.Search:ASIAI0B
Importing 'GUID: 38ba506333a224b0da52d06c9c27e1f4 - Path: Packages/com.unity.visualscripting/Runtime/VisualScripting.Flow/Framework/Control/SelectUnit_T.cs - Importer: ScriptedImporter/UnityEditor.QuickSearchModule:UnityEditor.Search:ASIAI0B' with importer (ScriptedImporter : UnityEditor.QuickSearchModule:UnityEditor.Search:ASIAI0B)
Imported 'GUID: 38ba506333a224b0da52d06c9c27e1f4' -> (Import Result ID: 'cb367bc16ed83a2d65316775d9a3f88c') in 0.001 seconds [static and dynamic dependencies]. Details - ImportResultOutputID=e2acf106360a922e37fa25c38407335d DependenciesID=eb81b92f9cc9f06ad32486d6220e1f36 StaticDependenciesID=b29a04f8cc5e9bf1a62243aa8919d088 
Number of updated asset objects reloaded before import = 0
Number of asset objects unloaded after import = 0
========================================================================
Received Import Request.
  Time of request: 2026-09-30T12:28:09.7350724Z
  Time since last request: 0.0004001 seconds.
  importAddress: GUID: dcb6d6466a47741b7814e9bca56b1573 - Path: Packages/com.unity.visualscripting/Runtime/VisualScripting.Flow/Framework/Control/Throw.cs - Importer: ScriptedImporter/UnityEditor.QuickSearchModule:UnityEditor.Search:ASIAI0B
Importing 'GUID: dcb6d6466a47741b7814e9bca56b1573 - Path: Packages/com.unity.visualscripting/Runtime/VisualScripting.Flow/Framework/Control/Throw.cs - Importer: ScriptedImporter/UnityEditor.QuickSearchModule:UnityEditor.Search:ASIAI0B' with importer (ScriptedImporter : UnityEditor.QuickSearchModule:UnityEditor.Search:ASIAI0B)
Imported 'GUID: dcb6d6466a47741b7814e9bca56b1573' -> (Import Result ID: 'f713a8ce19aed7e32e752d6c5feb7370') in 0.002 seconds [static and dynamic dependencies]. Details - ImportResultOutputID=31fc680372eac5dfbd099014d6afac0a DependenciesID=8562ad0582ad9cd79cc3611f83ec0d5b StaticDependenciesID=f910e312626b3fe047ae4a16c48ba99e 
Number of updated asset objects reloaded before import = 0
Number of asset objects unloaded after import = 0
========================================================================
Received Import Request.
  Time of request: 2026-09-30T12:28:09.7376648Z
  Time since last request: 0.0003441 seconds.
  importAddress: GUID: af2d94135152d4d9f8cbc7d76430b106 - Path: Packages/com.unity.visualscripting/Runtime/VisualScripting.Flow/Framework/Codebase/CreateStruct.cs - Importer: ScriptedImporter/UnityEditor.QuickSearchModule:UnityEditor.Search:ASIAI0B
Importing 'GUID: af2d94135152d4d9f8cbc7d76430b106 - Path: Packages/com.unity.visualscripting/Runtime/VisualScripting.Flow/Framework/Codebase/CreateStruct.cs - Importer: ScriptedImporter/UnityEditor.QuickSearchModule:UnityEditor.Search:ASIAI0B' with importer (ScriptedImporter : UnityEditor.QuickSearchModule:UnityEditor.Search:ASIAI0B)
Imported 'GUID: af2d94135152d4d9f8cbc7d76430b106' -> (Import Result ID: '6bd7b0b5b39c0d63fd3ba6c950515118') in 0.002 seconds [static and dynamic dependencies]. Details - ImportResultOutputID=e959c33786415ffba1d0ea1860ffc3b8 DependenciesID=680f386971579df6dfe12db4ecfc72a7 StaticDependenciesID=c88d167da2ef5d7889190ecf657ac51c 
Number of updated asset objects reloaded before import = 0
Number of asset objects unloaded after import = 0
========================================================================
Received Import Request.
  Time of request: 2026-09-30T12:28:09.7402081Z
  Time since last request: 0.0004278 seconds.
  importAddress: GUID: ea642e809385d4bd8951566868e7f534 - Path: Packages/com.unity.visualscripting/Runtime/VisualScripting.Flow/Framework/Events/CustomEvent.cs - Importer: ScriptedImporter/UnityEditor.QuickSearchModule:UnityEditor.Search:ASIAI0B
Importing 'GUID: ea642e809385d4bd8951566868e7f534 - Path: Packages/com.unity.visualscripting/Runtime/VisualScripting.Flow/Framework/Events/CustomEvent.cs - Importer: ScriptedImporter/UnityEditor.QuickSearchModule:UnityEditor.Search:ASIAI0B' with importer (ScriptedImporter : UnityEditor.QuickSearchModule:UnityEditor.Search:ASIAI0B)
Imported 'GUID: ea642e809385d4bd8951566868e7f534' -> (Import Result ID: 'acaf8f87469c47dbd2ff961b3129888a') in 0.001 seconds [static and dynamic dependencies]. Details - ImportResultOutputID=ad1f3ea732e86ceb41ec2626e93687e1 DependenciesID=722513ac8ad2c4016e63fe15634f686a StaticDependenciesID=01a93a37ee47fed1b41f3b891fda213c 
Number of updated asset objects reloaded before import = 0
Number of asset objects unloaded after import = 0
========================================================================
Received Import Request.
  Time of request: 2026-09-30T12:28:09.7422405Z
  Time since last request: 0.0005033 seconds.
  importAddress: GUID: e6845fb1b3e234ec3a032ba6e14b7e85 - Path: Packages/com.unity.visualscripting/Runtime/VisualScripting.Flow/Framework/Logic/ApproximatelyEqual.cs - Importer: ScriptedImporter/UnityEditor.QuickSearchModule:UnityEditor.Search:ASIAI0B
Importing 'GUID: e6845fb1b3e234ec3a032ba6e14b7e85 - Path: Packages/com.unity.visualscripting/Runtime/VisualScripting.Flow/Framework/Logic/ApproximatelyEqual.cs - Importer: ScriptedImporter/UnityEditor.QuickSearchModule:UnityEditor.Search:ASIAI0B' with importer (ScriptedImporter : UnityEditor.QuickSearchModule:UnityEditor.Search:ASIAI0B)
Imported 'GUID: e6845fb1b3e234ec3a032ba6e14b7e85' -> (Import Result ID: '92f77d0b2e09a8f6c0dbe00b8f243d9c') in 0.002 seconds [static and dynamic dependencies]. Details - ImportResultOutputID=208234ddca04db646e61b2a4362e8130 DependenciesID=df17d3855292974ee55c1b5645f57ee5 StaticDependenciesID=86f15f2a86cdbb0747a19f4fc413a86c 
Number of updated asset objects reloaded before import = 0
Number of asset objects unloaded after import = 0
========================================================================
Received Import Request.
  Time of request: 2026-09-30T12:28:09.7447006Z
  Time since last request: 0.0005908 seconds.
  importAddress: GUID: 9ba199e97bc1b4300b1fc168762de698 - Path: Packages/com.unity.visualscripting/Runtime/VisualScripting.Flow/Framework/Codebase/MemberUnit.cs - Importer: ScriptedImporter/UnityEditor.QuickSearchModule:UnityEditor.Search:ASIAI0B
Importing 'GUID: 9ba199e97bc1b4300b1fc168762de698 - Path: Packages/com.unity.visualscripting/Runtime/VisualScripting.Flow/Framework/Codebase/MemberUnit.cs - Importer: ScriptedImporter/UnityEditor.QuickSearchModule:UnityEditor.Search:ASIAI0B' with importer (ScriptedImporter : UnityEditor.QuickSearchModule:UnityEditor.Search:ASIAI0B)
Imported 'GUID: 9ba199e97bc1b4300b1fc168762de698' -> (Import Result ID: '894bef455ca699cc110ebebeb0a06760') in 0.001 seconds [static and dynamic dependencies]. Details - ImportResultOutputID=1e1b3f8c32e338c55567276ea4e6dcec DependenciesID=3c740d1ed54ca003e5ae629a39eda18c StaticDependenciesID=3f926a083bee4d88e8cb5eae91ac4bed 
Number of updated asset objects reloaded before import = 0
Number of asset objects unloaded after import = 0
========================================================================
Received Import Request.
  Time of request: 2026-09-30T12:28:09.7467382Z
  Time since last request: 0.0004284 seconds.
  importAddress: GUID: 29c380f94a7fa4c689552cdcb68ba45e - Path: Packages/com.unity.visualscripting/Runtime/VisualScripting.Flow/Framework/Events/IEventUnit.cs - Importer: ScriptedImporter/UnityEditor.QuickSearchModule:UnityEditor.Search:ASIAI0B
Importing 'GUID: 29c380f94a7fa4c689552cdcb68ba45e - Path: Packages/com.unity.visualscripting/Runtime/VisualScripting.Flow/Framework/Events/IEventUnit.cs - Importer: ScriptedImporter/UnityEditor.QuickSearchModule:UnityEditor.Search:ASIAI0B' with importer (ScriptedImporter : UnityEditor.QuickSearchModule:UnityEditor.Search:ASIAI0B)
Imported 'GUID: 29c380f94a7fa4c689552cdcb68ba45e' -> (Import Result ID: '5a1b02e8704d69881617b96e4be3632e') in 0.001 seconds [static and dynamic dependencies]. Details - ImportResultOutputID=9363e325c74e81611204bf128663a7e1 DependenciesID=8d20c15e27b9f18c88089868a659d35b StaticDependenciesID=26c13ac6e4a35594384594708e6ad8e2 
Number of updated asset objects reloaded before import = 0
Number of asset objects unloaded after import = 0
========================================================================
Received Import Request.
  Time of request: 2026-09-30T12:28:09.7490698Z
  Time since last request: 0.0007334 seconds.
  importAddress: GUID: b0df414b887c340aba028b9858a02b8c - Path: Packages/com.unity.visualscripting/Runtime/VisualScripting.Flow/Framework/Events/ManualEventUnit.cs - Importer: ScriptedImporter/UnityEditor.QuickSearchModule:UnityEditor.Search:ASIAI0B
Importing 'GUID: b0df414b887c340aba028b9858a02b8c - Path: Packages/com.unity.visualscripting/Runtime/VisualScripting.Flow/Framework/Events/ManualEventUnit.cs - Importer: ScriptedImporter/UnityEditor.QuickSearchModule:UnityEditor.Search:ASIAI0B' with importer (ScriptedImporter : UnityEditor.QuickSearchModule:UnityEditor.Search:ASIAI0B)
Imported 'GUID: b0df414b887c340aba028b9858a02b8c' -> (Import Result ID: '7601c11491df8d9f995a48fb11958067') in 0.002 seconds [static and dynamic dependencies]. Details - ImportResultOutputID=98120def86f86d704822443d51634cc7 DependenciesID=98ee455666dc475ece127177ce24a27c StaticDependenciesID=3a75e95f5698fb6f34a9ba539e84f9cc 
Number of updated asset objects reloaded before import = 0
Number of asset objects unloaded after import = 0
========================================================================
Received Import Request.
  Time of request: 2026-09-30T12:28:09.7511879Z
  Time since last request: 0.0003316 seconds.
  importAddress: GUID: 4c159d9546a084c019e5b2d7610a0269 - Path: Packages/com.unity.visualscripting/Runtime/VisualScripting.Flow/Framework/Control/SelectUnit.cs - Importer: ScriptedImporter/UnityEditor.QuickSearchModule:UnityEditor.Search:ASIAI0B
Importing 'GUID: 4c159d9546a084c019e5b2d7610a0269 - Path: Packages/com.unity.visualscripting/Runtime/VisualScripting.Flow/Framework/Control/SelectUnit.cs - Importer: ScriptedImporter/UnityEditor.QuickSearchModule:UnityEditor.Search:ASIAI0B' with importer (ScriptedImporter : UnityEditor.QuickSearchModule:UnityEditor.Search:ASIAI0B)
Imported 'GUID: 4c159d9546a084c019e5b2d7610a0269' -> (Import Result ID: '85cc01ceedd6def7556b4fb946e15962') in 0.002 seconds [static and dynamic dependencies]. Details - ImportResultOutputID=2eef135dadbffded34d2bbedb37e097c DependenciesID=eea477160b903c15821c5d1be32a6692 StaticDependenciesID=7a51142a8bde33d2dcc40af878aaa379 
Number of updated asset objects reloaded before import = 0
Number of asset objects unloaded after import = 0
========================================================================
Received Import Request.
  Time of request: 2026-09-30T12:28:09.753964Z
  Time since last request: 0.000351 seconds.
  importAddress: GUID: 4945b8296ec5d4b6fad874116f9bc835 - Path: Packages/com.unity.visualscripting/Runtime/VisualScripting.Flow/Framework/Control/SelectOnString.cs - Importer: ScriptedImporter/UnityEditor.QuickSearchModule:UnityEditor.Search:ASIAI0B
Importing 'GUID: 4945b8296ec5d4b6fad874116f9bc835 - Path: Packages/com.unity.visualscripting/Runtime/VisualScripting.Flow/Framework/Control/SelectOnString.cs - Importer: ScriptedImporter/UnityEditor.QuickSearchModule:UnityEditor.Search:ASIAI0B' with importer (ScriptedImporter : UnityEditor.QuickSearchModule:UnityEditor.Search:ASIAI0B)
Imported 'GUID: 4945b8296ec5d4b6fad874116f9bc835' -> (Import Result ID: 'da7e8f90a3c637666e68301e54e112e4') in 0.002 seconds [static and dynamic dependencies]. Details - ImportResultOutputID=a5a8167f1cb9a7c9f8366eb9fefb1d3a DependenciesID=4232d64c720de075301433a99b603e3e StaticDependenciesID=3fb7368d6557e6f1d21558b2b7e41bf6 
Number of updated asset objects reloaded before import = 0
Number of asset objects unloaded after import = 0
========================================================================
Received Import Request.
  Time of request: 2026-09-30T12:28:09.7565819Z
  Time since last request: 0.0002723 seconds.
  importAddress: GUID: fbd0f6265057340c79ba4709013bc343 - Path: Packages/com.unity.visualscripting/Runtime/VisualScripting.Flow/Framework/Logic/Comparison.cs - Importer: ScriptedImporter/UnityEditor.QuickSearchModule:UnityEditor.Search:ASIAI0B
Importing 'GUID: fbd0f6265057340c79ba4709013bc343 - Path: Packages/com.unity.visualscripting/Runtime/VisualScripting.Flow/Framework/Logic/Comparison.cs - Importer: ScriptedImporter/UnityEditor.QuickSearchModule:UnityEditor.Search:ASIAI0B' with importer (ScriptedImporter : UnityEditor.QuickSearchModule:UnityEditor.Search:ASIAI0B)
Imported 'GUID: fbd0f6265057340c79ba4709013bc343' -> (Import Result ID: '9292e5e97e8cd887288ecbaf1f24d562') in 0.002 seconds [static and dynamic dependencies]. Details - ImportResultOutputID=62161939c3024685786940a0f40e60da DependenciesID=43ef6db59c4bee1710de0afac77ae86f StaticDependenciesID=071e4f08b27287633f8c4f23eff32b9d 
Number of updated asset objects reloaded before import = 0
Number of asset objects unloaded after import = 0
========================================================================
Received Import Request.
  Time of request: 2026-09-30T12:28:09.7587475Z
  Time since last request: 0.00049 seconds.
  importAddress: GUID: faf9b20d93da1412c8a40afd3632646a - Path: Packages/com.unity.visualscripting/Runtime/VisualScripting.Flow/Framework/Control/SelectOnEnum.cs - Importer: ScriptedImporter/UnityEditor.QuickSearchModule:UnityEditor.Search:ASIAI0B
Importing 'GUID: faf9b20d93da1412c8a40afd3632646a - Path: Packages/com.unity.visualscripting/Runtime/VisualScripting.Flow/Framework/Control/SelectOnEnum.cs - Importer: ScriptedImporter/UnityEditor.QuickSearchModule:UnityEditor.Search:ASIAI0B' with importer (ScriptedImporter : UnityEditor.QuickSearchModule:UnityEditor.Search:ASIAI0B)
Imported 'GUID: faf9b20d93da1412c8a40afd3632646a' -> (Import Result ID: '359edb750ad469429ca83e8555bd661c') in 0.002 seconds [static and dynamic dependencies]. Details - ImportResultOutputID=07ab2f049a6973e74ce06e01077312ca DependenciesID=48277f812982e4ab0ba96e8da0c9a496 StaticDependenciesID=8b2f7d398425362ad9a31d6870bc4812 
Number of updated asset objects reloaded before import = 0
Number of asset objects unloaded after import = 0
========================================================================
Received Import Request.
  Time of request: 2026-09-30T12:28:09.7609427Z
  Time since last request: 0.0003584 seconds.
  importAddress: GUID: bd7208df7e06b49e19424ccc0a6cc140 - Path: Packages/com.unity.visualscripting/Runtime/VisualScripting.Flow/Framework/Events/EventUnit.cs - Importer: ScriptedImporter/UnityEditor.QuickSearchModule:UnityEditor.Search:ASIAI0B
Importing 'GUID: bd7208df7e06b49e19424ccc0a6cc140 - Path: Packages/com.unity.visualscripting/Runtime/VisualScripting.Flow/Framework/Events/EventUnit.cs - Importer: ScriptedImporter/UnityEditor.QuickSearchModule:UnityEditor.Search:ASIAI0B' with importer (ScriptedImporter : UnityEditor.QuickSearchModule:UnityEditor.Search:ASIAI0B)
Imported 'GUID: bd7208df7e06b49e19424ccc0a6cc140' -> (Import Result ID: 'b4fd452a34f6dbbf1d99587a6e6782ee') in 0.001 seconds [static and dynamic dependencies]. Details - ImportResultOutputID=5959c73e332579b950212b651e659d80 DependenciesID=7a02df230629d4869014f48825fde5fd StaticDependenciesID=150fac20b081877af58aaf4b2e499a7f 
Number of updated asset objects reloaded before import = 0
Number of asset objects unloaded after import = 0
========================================================================
Received Import Request.
  Time of request: 2026-09-30T12:28:09.7626719Z
  Time since last request: 0.0003035 seconds.
  importAddress: GUID: c2f0650f5067e4d28b03e37eee8066b6 - Path: Packages/com.unity.visualscripting/Runtime/VisualScripting.Flow/Framework/Events/MachineEventUnit.cs - Importer: ScriptedImporter/UnityEditor.QuickSearchModule:UnityEditor.Search:ASIAI0B
Importing 'GUID: c2f0650f5067e4d28b03e37eee8066b6 - Path: Packages/com.unity.visualscripting/Runtime/VisualScripting.Flow/Framework/Events/MachineEventUnit.cs - Importer: ScriptedImporter/UnityEditor.QuickSearchModule:UnityEditor.Search:ASIAI0B' with importer (ScriptedImporter : UnityEditor.QuickSearchModule:UnityEditor.Search:ASIAI0B)
Imported 'GUID: c2f0650f5067e4d28b03e37eee8066b6' -> (Import Result ID: '14cf599cfb0a41c8fea13dd655f4d7e8') in 0.001 seconds [static and dynamic dependencies]. Details - ImportResultOutputID=ef4c953ec40306533a088f13f136143c DependenciesID=b0da94559abe13c6e889b223adc70bc0 StaticDependenciesID=953d5eca32c51f2d3cb0491d2b5ef321 
Number of updated asset objects reloaded before import = 0
Number of asset objects unloaded after import = 0
========================================================================
Received Import Request.
  Time of request: 2026-09-30T12:28:09.7644906Z
  Time since last request: 0.0003521 seconds.
  importAddress: GUID: 1e339c45a25164bda8fb4ef97ff8d67e - Path: Packages/com.unity.visualscripting/Runtime/VisualScripting.Flow/Dependencies/NCalc/TernaryExpression.cs - Importer: ScriptedImporter/UnityEditor.QuickSearchModule:UnityEditor.Search:ASIAI0B
Importing 'GUID: 1e339c45a25164bda8fb4ef97ff8d67e - Path: Packages/com.unity.visualscripting/Runtime/VisualScripting.Flow/Dependencies/NCalc/TernaryExpression.cs - Importer: ScriptedImporter/UnityEditor.QuickSearchModule:UnityEditor.Search:ASIAI0B' with importer (ScriptedImporter : UnityEditor.QuickSearchModule:UnityEditor.Search:ASIAI0B)
Imported 'GUID: 1e339c45a25164bda8fb4ef97ff8d67e' -> (Import Result ID: '39868b680b380b694a89777be77a9a4b') in 0.002 seconds [static and dynamic dependencies]. Details - ImportResultOutputID=a7c8f99a8d4ded7436f4fdf5f259d2db DependenciesID=a63e016446bc51ecc4477079713add19 StaticDependenciesID=b2189b1176a93558526cf01953b9a169 
Number of updated asset objects reloaded before import = 0
Number of asset objects unloaded after import = 0
========================================================================
Received Import Request.
  Time of request: 2026-09-30T12:28:09.7669393Z
  Time since last request: 0.0006123 seconds.
  importAddress: GUID: 9fa98e01b870f4a3e9ee4ae8ee30b97b - Path: Packages/com.unity.visualscripting/Runtime/VisualScripting.Flow/Framework/Control/If.cs - Importer: ScriptedImporter/UnityEditor.QuickSearchModule:UnityEditor.Search:ASIAI0B
Importing 'GUID: 9fa98e01b870f4a3e9ee4ae8ee30b97b - Path: Packages/com.unity.visualscripting/Runtime/VisualScripting.Flow/Framework/Control/If.cs - Importer: ScriptedImporter/UnityEditor.QuickSearchModule:UnityEditor.Search:ASIAI0B' with importer (ScriptedImporter : UnityEditor.QuickSearchModule:UnityEditor.Search:ASIAI0B)
Imported 'GUID: 9fa98e01b870f4a3e9ee4ae8ee30b97b' -> (Import Result ID: 'a860a5778b4703e93cfd527604e8de73') in 0.001 seconds [static and dynamic dependencies]. Details - ImportResultOutputID=38e5af414c4192d4dc53761ba4b409c1 DependenciesID=9329b26f901d929197bccf17c8e98995 StaticDependenciesID=a7fdc336565cc108eaaaae304bbb4813 
Number of updated asset objects reloaded before import = 0
Number of asset objects unloaded after import = 0
========================================================================
Received Import Request.
  Time of request: 2026-09-30T12:28:09.7688233Z
  Time since last request: 0.000461 seconds.
  importAddress: GUID: 92a833df7bb3f4742942d5608142400e - Path: Packages/com.unity.visualscripting/Runtime/VisualScripting.Flow/Framework/Control/IBranchUnit.cs - Importer: ScriptedImporter/UnityEditor.QuickSearchModule:UnityEditor.Search:ASIAI0B
Importing 'GUID: 92a833df7bb3f4742942d5608142400e - Path: Packages/com.unity.visualscripting/Runtime/VisualScripting.Flow/Framework/Control/IBranchUnit.cs - Importer: ScriptedImporter/UnityEditor.QuickSearchModule:UnityEditor.Search:ASIAI0B' with importer (ScriptedImporter : UnityEditor.QuickSearchModule:UnityEditor.Search:ASIAI0B)
Imported 'GUID: 92a833df7bb3f4742942d5608142400e' -> (Import Result ID: '857a46c1c10e198bfab81ecadd77d6f5') in 0.003 seconds [static and dynamic dependencies]. Details - ImportResultOutputID=b2085acbdcf1a2a94907fd9ba1b3c2ed DependenciesID=a42d81829853aba84a96f8ac8ca13170 StaticDependenciesID=77c670cabec57c65dc8c7efeb29237cd 
Number of updated asset objects reloaded before import = 0
Number of asset objects unloaded after import = 0
========================================================================
Received Import Request.
  Time of request: 2026-09-30T12:28:09.7719237Z
  Time since last request: 0.00039 seconds.
  importAddress: GUID: d0be416aee80140f1b4dc427896bc8c5 - Path: Packages/com.unity.visualscripting/Runtime/VisualScripting.Flow/Framework/Control/ForEach.cs - Importer: ScriptedImporter/UnityEditor.QuickSearchModule:UnityEditor.Search:ASIAI0B
Importing 'GUID: d0be416aee80140f1b4dc427896bc8c5 - Path: Packages/com.unity.visualscripting/Runtime/VisualScripting.Flow/Framework/Control/ForEach.cs - Importer: ScriptedImporter/UnityEditor.QuickSearchModule:UnityEditor.Search:ASIAI0B' with importer (ScriptedImporter : UnityEditor.QuickSearchModule:UnityEditor.Search:ASIAI0B)
Imported 'GUID: d0be416aee80140f1b4dc427896bc8c5' -> (Import Result ID: '36f89101d87278b23c7d5c6f9db95d50') in 0.002 seconds [static and dynamic dependencies]. Details - ImportResultOutputID=fac009c48301048ef041c7613c593e65 DependenciesID=fd53e6ffb7fadfb7d698c081e78441dc StaticDependenciesID=32dd97b7e4ba172ace1fb0f657d1b998 
Number of updated asset objects reloaded before import = 0
Number of asset objects unloaded after import = 0
========================================================================
Received Import Request.
  Time of request: 2026-09-30T12:28:09.7739586Z
  Time since last request: 0.0002642 seconds.
  importAddress: GUID: 0617241f63fdf4b819789715e39c4a90 - Path: Packages/com.unity.visualscripting/Runtime/VisualScripting.Flow/Framework/Graph/GetScriptGraph.cs - Importer: ScriptedImporter/UnityEditor.QuickSearchModule:UnityEditor.Search:ASIAI0B
Importing 'GUID: 0617241f63fdf4b819789715e39c4a90 - Path: Packages/com.unity.visualscripting/Runtime/VisualScripting.Flow/Framework/Graph/GetScriptGraph.cs - Importer: ScriptedImporter/UnityEditor.QuickSearchModule:UnityEditor.Search:ASIAI0B' with importer (ScriptedImporter : UnityEditor.QuickSearchModule:UnityEditor.Search:ASIAI0B)
Imported 'GUID: 0617241f63fdf4b819789715e39c4a90' -> (Import Result ID: '5e36b05dc304de35424eb9caacd43c53') in 0.002 seconds [static and dynamic dependencies]. Details - ImportResultOutputID=2b3783489ac0e8050f0523117c927c22 DependenciesID=5bc14e53f243ccc50f6236adbe87a817 StaticDependenciesID=0de7707f202765095586825a30758779 
Number of updated asset objects reloaded before import = 0
Number of asset objects unloaded after import = 0
========================================================================
Received Import Request.
  Time of request: 2026-09-30T12:28:09.791788Z
  Time since last request: 0.0160879 seconds.
  importAddress: GUID: f1c68f228caee4112980151ba33d3aea - Path: Packages/com.unity.visualscripting/Runtime/VisualScripting.Flow/Framework/Logic/Or.cs - Importer: ScriptedImporter/UnityEditor.QuickSearchModule:UnityEditor.Search:ASIAI0B
Importing 'GUID: f1c68f228caee4112980151ba33d3aea - Path: Packages/com.unity.visualscripting/Runtime/VisualScripting.Flow/Framework/Logic/Or.cs - Importer: ScriptedImporter/UnityEditor.QuickSearchModule:UnityEditor.Search:ASIAI0B' with importer (ScriptedImporter : UnityEditor.QuickSearchModule:UnityEditor.Search:ASIAI0B)
Imported 'GUID: f1c68f228caee4112980151ba33d3aea' -> (Import Result ID: '30b8ff4f846c40279af10bc21982474e') in 0.002 seconds [static and dynamic dependencies]. Details - ImportResultOutputID=3bfd65040408e760171b27028518d2f8 DependenciesID=e23b1462c273c818ac9f5cd2ae86cede StaticDependenciesID=db1dd62337f0607679b30f16ed62391e 
Number of updated asset objects reloaded before import = 0
Number of asset objects unloaded after import = 0
========================================================================
Received Import Request.
  Time of request: 2026-09-30T12:28:09.7948187Z
  Time since last request: 0.000712 seconds.
  importAddress: GUID: f55d126cc6c2f47c59e44b0f810c9e55 - Path: Packages/com.unity.visualscripting/Runtime/VisualScripting.Flow/Framework/Variables/SetVariable.cs - Importer: ScriptedImporter/UnityEditor.QuickSearchModule:UnityEditor.Search:ASIAI0B
Importing 'GUID: f55d126cc6c2f47c59e44b0f810c9e55 - Path: Packages/com.unity.visualscripting/Runtime/VisualScripting.Flow/Framework/Variables/SetVariable.cs - Importer: ScriptedImporter/UnityEditor.QuickSearchModule:UnityEditor.Search:ASIAI0B' with importer (ScriptedImporter : UnityEditor.QuickSearchModule:UnityEditor.Search:ASIAI0B)
Imported 'GUID: f55d126cc6c2f47c59e44b0f810c9e55' -> (Import Result ID: 'b3df973fb551528b929fe31539b153de') in 0.001 seconds [static and dynamic dependencies]. Details - ImportResultOutputID=07571a5260207c3569a49c6d16eba0fd DependenciesID=3624156894ce76fdff936f8e9ac22d9e StaticDependenciesID=981a86b5b150661cf9e4273e947771f6 
Number of updated asset objects reloaded before import = 0
Number of asset objects unloaded after import = 0
========================================================================
Received Import Request.
  Time of request: 2026-09-30T12:28:09.7968742Z
  Time since last request: 0.0004735 seconds.
  importAddress: GUID: 4148c9dca42b44d6ea0c67879fb1cd06 - Path: Packages/com.unity.visualscripting/Editor/VisualScripting.Core/Dependencies/ReorderableList/ElementAdderMenu/GenericElementAdderMenu.cs - Importer: ScriptedImporter/UnityEditor.QuickSearchModule:UnityEditor.Search:ASIAI0B
Importing 'GUID: 4148c9dca42b44d6ea0c67879fb1cd06 - Path: Packages/com.unity.visualscripting/Editor/VisualScripting.Core/Dependencies/ReorderableList/ElementAdderMenu/GenericElementAdderMenu.cs - Importer: ScriptedImporter/UnityEditor.QuickSearchModule:UnityEditor.Search:ASIAI0B' with importer (ScriptedImporter : UnityEditor.QuickSearchModule:UnityEditor.Search:ASIAI0B)
Imported 'GUID: 4148c9dca42b44d6ea0c67879fb1cd06' -> (Import Result ID: '97f72c469237cd7e5a0b7497573c5394') in 0.001 seconds [static and dynamic dependencies]. Details - ImportResultOutputID=42ff9c43720192f50f792e13fbdfd2b1 DependenciesID=626f2384ab6f14f302159a3a9a969af0 StaticDependenciesID=d175130d8bd5fc7afd34542f8b4c586a 
Number of updated asset objects reloaded before import = 0
Number of asset objects unloaded after import = 0
========================================================================
Received Import Request.
  Time of request: 2026-09-30T12:28:09.7988665Z
  Time since last request: 0.0004167 seconds.
  importAddress: GUID: 9499dcfe8b4e7461ba7881c30897fc49 - Path: Packages/com.unity.visualscripting/Editor/VisualScripting.Core/Dependencies/ReorderableList/ElementAdderMenu/ElementAdderMenuCommandAttribute.cs - Importer: ScriptedImporter/UnityEditor.QuickSearchModule:UnityEditor.Search:ASIAI0B
Importing 'GUID: 9499dcfe8b4e7461ba7881c30897fc49 - Path: Packages/com.unity.visualscripting/Editor/VisualScripting.Core/Dependencies/ReorderableList/ElementAdderMenu/ElementAdderMenuCommandAttribute.cs - Importer: ScriptedImporter/UnityEditor.QuickSearchModule:UnityEditor.Search:ASIAI0B' with importer (ScriptedImporter : UnityEditor.QuickSearchModule:UnityEditor.Search:ASIAI0B)
Imported 'GUID: 9499dcfe8b4e7461ba7881c30897fc49' -> (Import Result ID: 'dabe8d3afe822a0a8bf6de09fcdfabe8') in 0.003 seconds [static and dynamic dependencies]. Details - ImportResultOutputID=95377f5cf2be6cbef7cc288f02091fad DependenciesID=a0738e0db231c37f8343725983dbd59d StaticDependenciesID=cd6d319795696a1fd0e8cd57973b3312 
Number of updated asset objects reloaded before import = 0
Number of asset objects unloaded after import = 0
========================================================================
Received Import Request.
  Time of request: 2026-09-30T12:28:09.8021051Z
  Time since last request: 0.0005453 seconds.
  importAddress: GUID: fed0565fb7e8d472aaf2db299ce61593 - Path: Packages/com.unity.visualscripting/Runtime/VisualScripting.Flow/Framework/Logic/Equal.cs - Importer: ScriptedImporter/UnityEditor.QuickSearchModule:UnityEditor.Search:ASIAI0B
Importing 'GUID: fed0565fb7e8d472aaf2db299ce61593 - Path: Packages/com.unity.visualscripting/Runtime/VisualScripting.Flow/Framework/Logic/Equal.cs - Importer: ScriptedImporter/UnityEditor.QuickSearchModule:UnityEditor.Search:ASIAI0B' with importer (ScriptedImporter : UnityEditor.QuickSearchModule:UnityEditor.Search:ASIAI0B)
Imported 'GUID: fed0565fb7e8d472aaf2db299ce61593' -> (Import Result ID: '5ec24639156b414d8d68458ad8144c11') in 0.001 seconds [static and dynamic dependencies]. Details - ImportResultOutputID=270ac6dc0e25705c25a3c9d7016d2d79 DependenciesID=2ffbfdce191973fbb99a073210c88de1 StaticDependenciesID=3d19ed6b1b5a9f2975fa034cc07c027e 
Number of updated asset objects reloaded before import = 0
Number of asset objects unloaded after import = 0
========================================================================
Received Import Request.
  Time of request: 2026-09-30T12:28:09.8038114Z
  Time since last request: 0.0002516 seconds.
  importAddress: GUID: bae6ebd8aa394436e8efe2a5f32d9912 - Path: Packages/com.unity.visualscripting/Editor/VisualScripting.Core/Dependencies/ReorderableList/ElementAdderMenu/IElementAdder.cs - Importer: ScriptedImporter/UnityEditor.QuickSearchModule:UnityEditor.Search:ASIAI0B
Importing 'GUID: bae6ebd8aa394436e8efe2a5f32d9912 - Path: Packages/com.unity.visualscripting/Editor/VisualScripting.Core/Dependencies/ReorderableList/ElementAdderMenu/IElementAdder.cs - Importer: ScriptedImporter/UnityEditor.QuickSearchModule:UnityEditor.Search:ASIAI0B' with importer (ScriptedImporter : UnityEditor.QuickSearchModule:UnityEditor.Search:ASIAI0B)
Imported 'GUID: bae6ebd8aa394436e8efe2a5f32d9912' -> (Import Result ID: '72fa09f0f0e47aca19fd995cb19875b5') in 0.001 seconds [static and dynamic dependencies]. Details - ImportResultOutputID=6b46b08a94bc059c74c7c6cfed0734bb DependenciesID=6aada835a37174307f322a32eedba467 StaticDependenciesID=e825df3888016fa6f69f75d8248d51c3 
Number of updated asset objects reloaded before import = 0
Number of asset objects unloaded after import = 0
========================================================================
Received Import Request.
  Time of request: 2026-09-30T12:28:09.8055943Z
  Time since last request: 0.0002871 seconds.
  importAddress: GUID: 534413c3fdaa04b5597bcb93bde48b49 - Path: Packages/com.unity.visualscripting/Runtime/VisualScripting.Flow/Framework/Math/Project.cs - Importer: ScriptedImporter/UnityEditor.QuickSearchModule:UnityEditor.Search:ASIAI0B
Importing 'GUID: 534413c3fdaa04b5597bcb93bde48b49 - Path: Packages/com.unity.visualscripting/Runtime/VisualScripting.Flow/Framework/Math/Project.cs - Importer: ScriptedImporter/UnityEditor.QuickSearchModule:UnityEditor.Search:ASIAI0B' with importer (ScriptedImporter : UnityEditor.QuickSearchModule:UnityEditor.Search:ASIAI0B)
Imported 'GUID: 534413c3fdaa04b5597bcb93bde48b49' -> (Import Result ID: '8a040ba6c2ed1dc592b68fccbc0629fd') in 0.002 seconds [static and dynamic dependencies]. Details - ImportResultOutputID=50436a252d87a1d240d490a860ac913c DependenciesID=67bcfa00145d52f08487e86f7ca315d3 StaticDependenciesID=ff6db2d234b05e3d8162ffa061a82cb5 
Number of updated asset objects reloaded before import = 0
Number of asset objects unloaded after import = 0
========================================================================
Received Import Request.
  Time of request: 2026-09-30T12:28:09.8081418Z
  Time since last request: 0.0004841 seconds.
  importAddress: GUID: b821313717eb047e5a54728b020594af - Path: Packages/com.unity.visualscripting/Runtime/VisualScripting.Flow/Framework/Math/MoveTowards.cs - Importer: ScriptedImporter/UnityEditor.QuickSearchModule:UnityEditor.Search:ASIAI0B
Importing 'GUID: b821313717eb047e5a54728b020594af - Path: Packages/com.unity.visualscripting/Runtime/VisualScripting.Flow/Framework/Math/MoveTowards.cs - Importer: ScriptedImporter/UnityEditor.QuickSearchModule:UnityEditor.Search:ASIAI0B' with importer (ScriptedImporter : UnityEditor.QuickSearchModule:UnityEditor.Search:ASIAI0B)
Imported 'GUID: b821313717eb047e5a54728b020594af' -> (Import Result ID: 'b332586a7adb173d119c9104088a4e85') in 0.002 seconds [static and dynamic dependencies]. Details - ImportResultOutputID=a7882af683b21bbb425e3e7e345840f2 DependenciesID=02784a07f6690f9d207b602cad5fdf65 StaticDependenciesID=01699c1d93dbd331a30da0abd53e0e3f 
Number of updated asset objects reloaded before import = 0
Number of asset objects unloaded after import = 0
========================================================================
Received Import Request.
  Time of request: 2026-09-30T12:28:09.8100769Z
  Time since last request: 0.0002421 seconds.
  importAddress: GUID: 8dc4d806f74854bdda032e8f83badb42 - Path: Packages/com.unity.visualscripting/Runtime/VisualScripting.Flow/Framework/Logic/NumericComparison.cs - Importer: ScriptedImporter/UnityEditor.QuickSearchModule:UnityEditor.Search:ASIAI0B
Importing 'GUID: 8dc4d806f74854bdda032e8f83badb42 - Path: Packages/com.unity.visualscripting/Runtime/VisualScripting.Flow/Framework/Logic/NumericComparison.cs - Importer: ScriptedImporter/UnityEditor.QuickSearchModule:UnityEditor.Search:ASIAI0B' with importer (ScriptedImporter : UnityEditor.QuickSearchModule:UnityEditor.Search:ASIAI0B)
Imported 'GUID: 8dc4d806f74854bdda032e8f83badb42' -> (Import Result ID: 'b80385500dfb670f13c9f20229d161d9') in 0.001 seconds [static and dynamic dependencies]. Details - ImportResultOutputID=8551d438763b730d7c5a76d77c8fad93 DependenciesID=3f3b87e43fe65447f1e0b69c5938b6cf StaticDependenciesID=f74a9d00e4bff1e3e2a46d15b77b525e 
Number of updated asset objects reloaded before import = 0
Number of asset objects unloaded after import = 0
========================================================================
Received Import Request.
  Time of request: 2026-09-30T12:28:09.8120441Z
  Time since last request: 0.0004075 seconds.
  importAddress: GUID: 715413cdba8ac4cec8843061e37e032f - Path: Packages/com.unity.visualscripting/Runtime/VisualScripting.Flow/Framework/Math/Distance.cs - Importer: ScriptedImporter/UnityEditor.QuickSearchModule:UnityEditor.Search:ASIAI0B
Importing 'GUID: 715413cdba8ac4cec8843061e37e032f - Path: Packages/com.unity.visualscripting/Runtime/VisualScripting.Flow/Framework/Math/Distance.cs - Importer: ScriptedImporter/UnityEditor.QuickSearchModule:UnityEditor.Search:ASIAI0B' with importer (ScriptedImporter : UnityEditor.QuickSearchModule:UnityEditor.Search:ASIAI0B)
Imported 'GUID: 715413cdba8ac4cec8843061e37e032f' -> (Import Result ID: '8c9f6273f26d48be12ed5f2efdea080d') in 0.002 seconds [static and dynamic dependencies]. Details - ImportResultOutputID=8ebd01758caeb870538400c6d9eddd39 DependenciesID=97795ac6903740d2274c47c3c18c4a0d StaticDependenciesID=7bf2d87416b07a49807edc8940d771d8 
Number of updated asset objects reloaded before import = 0
Number of asset objects unloaded after import = 0
========================================================================
Received Import Request.
  Time of request: 2026-09-30T12:28:09.8150989Z
  Time since last request: 0.0000143 seconds.
  importAddress: GUID: 19e33d0193ab84820855fc989cb9d7eb - Path: Packages/com.unity.visualscripting/Runtime/VisualScripting.Flow/Framework/Math/Divide.cs - Importer: ScriptedImporter/UnityEditor.QuickSearchModule:UnityEditor.Search:ASIAI0B
Importing 'GUID: 19e33d0193ab84820855fc989cb9d7eb - Path: Packages/com.unity.visualscripting/Runtime/VisualScripting.Flow/Framework/Math/Divide.cs - Importer: ScriptedImporter/UnityEditor.QuickSearchModule:UnityEditor.Search:ASIAI0B' with importer (ScriptedImporter : UnityEditor.QuickSearchModule:UnityEditor.Search:ASIAI0B)
Imported 'GUID: 19e33d0193ab84820855fc989cb9d7eb' -> (Import Result ID: '244e6c804a230cf08f0858afffc7a0e8') in 0.002 seconds [static and dynamic dependencies]. Details - ImportResultOutputID=2c16dad147ea1d68f8647f84251042be DependenciesID=4bf6bdb27bc16329294f6eff50c759f3 StaticDependenciesID=7ae1a3571ddfa3d274fb47ca577f1035 
Number of updated asset objects reloaded before import = 0
Number of asset objects unloaded after import = 0
========================================================================
Received Import Request.
  Time of request: 2026-09-30T12:28:09.817988Z
  Time since last request: 0.0004589 seconds.
  importAddress: GUID: 97745dc9f2f4640559e8bd02331d9feb - Path: Packages/com.unity.visualscripting/Runtime/VisualScripting.Flow/Framework/Time/Timer.cs - Importer: ScriptedImporter/UnityEditor.QuickSearchModule:UnityEditor.Search:ASIAI0B
Importing 'GUID: 97745dc9f2f4640559e8bd02331d9feb - Path: Packages/com.unity.visualscripting/Runtime/VisualScripting.Flow/Framework/Time/Timer.cs - Importer: ScriptedImporter/UnityEditor.QuickSearchModule:UnityEditor.Search:ASIAI0B' with importer (ScriptedImporter : UnityEditor.QuickSearchModule:UnityEditor.Search:ASIAI0B)
Imported 'GUID: 97745dc9f2f4640559e8bd02331d9feb' -> (Import Result ID: 'af836a6c7582e81856ad4ec200be0ebb') in 0.002 seconds [static and dynamic dependencies]. Details - ImportResultOutputID=22c13139742cdbb5666cac1232263d01 DependenciesID=42a83bfa41ff24ccf92ab6b5d4fec5b3 StaticDependenciesID=ca153d521692523aef690a7bb1126163 
Number of updated asset objects reloaded before import = 0
Number of asset objects unloaded after import = 0
========================================================================
Received Import Request.
  Time of request: 2026-09-30T12:28:09.8199249Z
  Time since last request: 0.0002655 seconds.
  importAddress: GUID: 56b542bbc53e849d48aaa938b56cad94 - Path: Packages/com.unity.visualscripting/Runtime/VisualScripting.Flow/Framework/Math/Average.cs - Importer: ScriptedImporter/UnityEditor.QuickSearchModule:UnityEditor.Search:ASIAI0B
Importing 'GUID: 56b542bbc53e849d48aaa938b56cad94 - Path: Packages/com.unity.visualscripting/Runtime/VisualScripting.Flow/Framework/Math/Average.cs - Importer: ScriptedImporter/UnityEditor.QuickSearchModule:UnityEditor.Search:ASIAI0B' with importer (ScriptedImporter : UnityEditor.QuickSearchModule:UnityEditor.Search:ASIAI0B)
Imported 'GUID: 56b542bbc53e849d48aaa938b56cad94' -> (Import Result ID: 'b4a69ca7da2c6397e1e60e902f27e5c5') in 0.001 seconds [static and dynamic dependencies]. Details - ImportResultOutputID=095f24da55efb91227c36b3c1b2858d0 DependenciesID=9a274cce13b68515c28e26ddf14814c9 StaticDependenciesID=26466265bc5af3dbb84b941770119e14 
Number of updated asset objects reloaded before import = 0
Number of asset objects unloaded after import = 0
========================================================================
Received Import Request.
  Time of request: 2026-09-30T12:28:09.8216887Z
  Time since last request: 0.0002636 seconds.
  importAddress: GUID: 32dca6adb07ad4626be264766bb6bb52 - Path: Packages/com.unity.visualscripting/Runtime/VisualScripting.Flow/Framework/Math/Maximum.cs - Importer: ScriptedImporter/UnityEditor.QuickSearchModule:UnityEditor.Search:ASIAI0B
Importing 'GUID: 32dca6adb07ad4626be264766bb6bb52 - Path: Packages/com.unity.visualscripting/Runtime/VisualScripting.Flow/Framework/Math/Maximum.cs - Importer: ScriptedImporter/UnityEditor.QuickSearchModule:UnityEditor.Search:ASIAI0B' with importer (ScriptedImporter : UnityEditor.QuickSearchModule:UnityEditor.Search:ASIAI0B)
Imported 'GUID: 32dca6adb07ad4626be264766bb6bb52' -> (Import Result ID: 'eb00c98e6d82d30781bb324c213c5326') in 0.002 seconds [static and dynamic dependencies]. Details - ImportResultOutputID=5a4510e386770cffd088ef7b5ad25f10 DependenciesID=375cca331d758c406d067d09e21c6ec3 StaticDependenciesID=acd7215b8bf99ed3f0f8563b7081a72c 
Number of updated asset objects reloaded before import = 0
Number of asset objects unloaded after import = 0
========================================================================
Received Import Request.
  Time of request: 2026-09-30T12:28:09.824152Z
  Time since last request: 0.0002923 seconds.
  importAddress: GUID: b5658b09198d84f91ae7360864557308 - Path: Packages/com.unity.visualscripting/Runtime/VisualScripting.Flow/Framework/Logic/NotApproximatelyEqual.cs - Importer: ScriptedImporter/UnityEditor.QuickSearchModule:UnityEditor.Search:ASIAI0B
Importing 'GUID: b5658b09198d84f91ae7360864557308 - Path: Packages/com.unity.visualscripting/Runtime/VisualScripting.Flow/Framework/Logic/NotApproximatelyEqual.cs - Importer: ScriptedImporter/UnityEditor.QuickSearchModule:UnityEditor.Search:ASIAI0B' with importer (ScriptedImporter : UnityEditor.QuickSearchModule:UnityEditor.Search:ASIAI0B)
Imported 'GUID: b5658b09198d84f91ae7360864557308' -> (Import Result ID: 'b2f1cead4546a9be74ff5a65bf6507af') in 0.002 seconds [static and dynamic dependencies]. Details - ImportResultOutputID=da88ff2e17f8436893cb2401e75ca1c1 DependenciesID=68436e503a0cd1d120064fb89b9e7ac3 StaticDependenciesID=ccfe864d9880a2688a757e47ec7c9a41 
Number of updated asset objects reloaded before import = 0
Number of asset objects unloaded after import = 0
========================================================================
Received Import Request.
  Time of request: 2026-09-30T12:28:09.8262672Z
  Time since last request: 0.0003735 seconds.
  importAddress: GUID: fafc0ba4e24ff411697e06cb5daf09b8 - Path: Packages/com.unity.visualscripting/Runtime/VisualScripting.Flow/Framework/Nulls/NullCoalesce.cs - Importer: ScriptedImporter/UnityEditor.QuickSearchModule:UnityEditor.Search:ASIAI0B
Importing 'GUID: fafc0ba4e24ff411697e06cb5daf09b8 - Path: Packages/com.unity.visualscripting/Runtime/VisualScripting.Flow/Framework/Nulls/NullCoalesce.cs - Importer: ScriptedImporter/UnityEditor.QuickSearchModule:UnityEditor.Search:ASIAI0B' with importer (ScriptedImporter : UnityEditor.QuickSearchModule:UnityEditor.Search:ASIAI0B)
Imported 'GUID: fafc0ba4e24ff411697e06cb5daf09b8' -> (Import Result ID: 'b3109c86d3a76529ac44fdc3c188228c') in 0.002 seconds [static and dynamic dependencies]. Details - ImportResultOutputID=1159f531eaa5ad5bb74f9dbb396fc4c2 DependenciesID=6b2474028abb10a4b7020a431d67258b StaticDependenciesID=a9e2812e806ce47f3664ab616ea67ff4 
Number of updated asset objects reloaded before import = 0
Number of asset objects unloaded after import = 0
========================================================================
Received Import Request.
  Time of request: 2026-09-30T12:28:09.8281993Z
  Time since last request: 0.0002334 seconds.
  importAddress: GUID: e690d92c6a6094c218b950b910edb21a - Path: Packages/com.unity.visualscripting/Runtime/VisualScripting.Flow/Framework/Math/Add.cs - Importer: ScriptedImporter/UnityEditor.QuickSearchModule:UnityEditor.Search:ASIAI0B
Importing 'GUID: e690d92c6a6094c218b950b910edb21a - Path: Packages/com.unity.visualscripting/Runtime/VisualScripting.Flow/Framework/Math/Add.cs - Importer: ScriptedImporter/UnityEditor.QuickSearchModule:UnityEditor.Search:ASIAI0B' with importer (ScriptedImporter : UnityEditor.QuickSearchModule:UnityEditor.Search:ASIAI0B)
Imported 'GUID: e690d92c6a6094c218b950b910edb21a' -> (Import Result ID: '0cca5e9085537e74ebeffe0fcc9e00ca') in 0.001 seconds [static and dynamic dependencies]. Details - ImportResultOutputID=0bf358b56330a13c69e3df7ab643d069 DependenciesID=d616c4cbda16e09fa1b97379de15c479 StaticDependenciesID=d88eed20efa5af6b262119187c5d3403 
Number of updated asset objects reloaded before import = 0
Number of asset objects unloaded after import = 0
========================================================================
Received Import Request.
  Time of request: 2026-09-30T12:28:09.8300872Z
  Time since last request: 0.0004352 seconds.
  importAddress: GUID: cc6b78093d57e40f883de7672944949a - Path: Packages/com.unity.visualscripting/Runtime/VisualScripting.Flow/Framework/Time/WaitUnit.cs - Importer: ScriptedImporter/UnityEditor.QuickSearchModule:UnityEditor.Search:ASIAI0B
Importing 'GUID: cc6b78093d57e40f883de7672944949a - Path: Packages/com.unity.visualscripting/Runtime/VisualScripting.Flow/Framework/Time/WaitUnit.cs - Importer: ScriptedImporter/UnityEditor.QuickSearchModule:UnityEditor.Search:ASIAI0B' with importer (ScriptedImporter : UnityEditor.QuickSearchModule:UnityEditor.Search:ASIAI0B)
Imported 'GUID: cc6b78093d57e40f883de7672944949a' -> (Import Result ID: '426be72a5bf9179c791e3d3db514fb15') in 0.001 seconds [static and dynamic dependencies]. Details - ImportResultOutputID=88214119fdc435a71d7b4a8fa4fbb3a7 DependenciesID=1272b9cf895b630c2028cfe1d0bcf6d4 StaticDependenciesID=ea45a85e93b4b5814858934c09fd60b2 
Number of updated asset objects reloaded before import = 0
Number of asset objects unloaded after import = 0
========================================================================
Received Import Request.
  Time of request: 2026-09-30T12:28:09.832104Z
  Time since last request: 0.0003945 seconds.
  importAddress: GUID: 88625867c6f324d3c8afee297a904beb - Path: Packages/com.unity.visualscripting/Editor/VisualScripting.Core/Dependencies/ReorderableList/ElementAdderMenu/GenericElementAdderMenuBuilder.cs - Importer: ScriptedImporter/UnityEditor.QuickSearchModule:UnityEditor.Search:ASIAI0B
Importing 'GUID: 88625867c6f324d3c8afee297a904beb - Path: Packages/com.unity.visualscripting/Editor/VisualScripting.Core/Dependencies/ReorderableList/ElementAdderMenu/GenericElementAdderMenuBuilder.cs - Importer: ScriptedImporter/UnityEditor.QuickSearchModule:UnityEditor.Search:ASIAI0B' with importer (ScriptedImporter : UnityEditor.QuickSearchModule:UnityEditor.Search:ASIAI0B)
Imported 'GUID: 88625867c6f324d3c8afee297a904beb' -> (Import Result ID: '2fec448766a26a971c96e407da51762e') in 0.001 seconds [static and dynamic dependencies]. Details - ImportResultOutputID=e1f5ef7961bbc3e76058d44b7212c3b0 DependenciesID=4aed03ad03b1c1cdaa6c14599ae18b80 StaticDependenciesID=1871806aefddf5941dda6c02c4cdc23f 
Number of updated asset objects reloaded before import = 0
Number of asset objects unloaded after import = 0
========================================================================
Received Import Request.
  Time of request: 2026-09-30T12:28:09.8342773Z
  Time since last request: 0.0006478 seconds.
  importAddress: GUID: 6f935b6ded4fe4b88b88e6184bad1ea6 - Path: Packages/com.unity.visualscripting/Runtime/VisualScripting.Flow/Framework/Logic/LessOrEqual.cs - Importer: ScriptedImporter/UnityEditor.QuickSearchModule:UnityEditor.Search:ASIAI0B
Importing 'GUID: 6f935b6ded4fe4b88b88e6184bad1ea6 - Path: Packages/com.unity.visualscripting/Runtime/VisualScripting.Flow/Framework/Logic/LessOrEqual.cs - Importer: ScriptedImporter/UnityEditor.QuickSearchModule:UnityEditor.Search:ASIAI0B' with importer (ScriptedImporter : UnityEditor.QuickSearchModule:UnityEditor.Search:ASIAI0B)
Imported 'GUID: 6f935b6ded4fe4b88b88e6184bad1ea6' -> (Import Result ID: '2e778536225d875daeefbbfa29410b2f') in 0.002 seconds [static and dynamic dependencies]. Details - ImportResultOutputID=7820b3c79ef62a7abc9fb58d3df317c9 DependenciesID=4afc50c230442ab28eb6e8d10b8fb4e6 StaticDependenciesID=9ec10ef7ea045c3ead08f41679b38c24 
Number of updated asset objects reloaded before import = 0
Number of asset objects unloaded after import = 0
========================================================================
Received Import Request.
  Time of request: 2026-09-30T12:28:09.8372652Z
  Time since last request: 0.0007006 seconds.
  importAddress: GUID: f1ce51feaceca405daca97b5a2789be9 - Path: Packages/com.unity.visualscripting/Runtime/VisualScripting.Flow/Framework/Time/WaitForFlow.cs - Importer: ScriptedImporter/UnityEditor.QuickSearchModule:UnityEditor.Search:ASIAI0B
Importing 'GUID: f1ce51feaceca405daca97b5a2789be9 - Path: Packages/com.unity.visualscripting/Runtime/VisualScripting.Flow/Framework/Time/WaitForFlow.cs - Importer: ScriptedImporter/UnityEditor.QuickSearchModule:UnityEditor.Search:ASIAI0B' with importer (ScriptedImporter : UnityEditor.QuickSearchModule:UnityEditor.Search:ASIAI0B)
Imported 'GUID: f1ce51feaceca405daca97b5a2789be9' -> (Import Result ID: '2ee1c0957a5a33ea85d35eb543dbf711') in 0.002 seconds [static and dynamic dependencies]. Details - ImportResultOutputID=01d704337bb7bc42cd994e6bae0bb282 DependenciesID=45393468dfd0522156f0a85096ac2b9c StaticDependenciesID=275bd20a1ab5ed4c9d1224cbb85d497b 
Number of updated asset objects reloaded before import = 0
Number of asset objects unloaded after import = 0
========================================================================
Received Import Request.
  Time of request: 2026-09-30T12:28:09.8400728Z
  Time since last request: 0.0006829 seconds.
  importAddress: GUID: e49254f4d20de43e3aeabce2138f05e0 - Path: Packages/com.unity.visualscripting/Runtime/VisualScripting.Flow/Framework/Variables/GetVariable.cs - Importer: ScriptedImporter/UnityEditor.QuickSearchModule:UnityEditor.Search:ASIAI0B
Importing 'GUID: e49254f4d20de43e3aeabce2138f05e0 - Path: Packages/com.unity.visualscripting/Runtime/VisualScripting.Flow/Framework/Variables/GetVariable.cs - Importer: ScriptedImporter/UnityEditor.QuickSearchModule:UnityEditor.Search:ASIAI0B' with importer (ScriptedImporter : UnityEditor.QuickSearchModule:UnityEditor.Search:ASIAI0B)
Imported 'GUID: e49254f4d20de43e3aeabce2138f05e0' -> (Import Result ID: '050c80d1799baafd42c805d3ea572d60') in 0.002 seconds [static and dynamic dependencies]. Details - ImportResultOutputID=3c08d32d65a27f5d5fa39e054cd40972 DependenciesID=b919f44774844049111a29a285f0d32f StaticDependenciesID=1c373b04e899d17fab4cca6cbefd7061 
Number of updated asset objects reloaded before import = 0
Number of asset objects unloaded after import = 0
========================================================================
Received Import Request.
  Time of request: 2026-09-30T12:28:09.8423185Z
  Time since last request: 0.0003827 seconds.
  importAddress: GUID: c6db431be018c40a6b21af88b6d9438f - Path: Packages/com.unity.visualscripting/Editor/VisualScripting.Core/Dependencies/ReorderableList/ElementAdderMenu/IElementAdderMenu.cs - Importer: ScriptedImporter/UnityEditor.QuickSearchModule:UnityEditor.Search:ASIAI0B
Importing 'GUID: c6db431be018c40a6b21af88b6d9438f - Path: Packages/com.unity.visualscripting/Editor/VisualScripting.Core/Dependencies/ReorderableList/ElementAdderMenu/IElementAdderMenu.cs - Importer: ScriptedImporter/UnityEditor.QuickSearchModule:UnityEditor.Search:ASIAI0B' with importer (ScriptedImporter : UnityEditor.QuickSearchModule:UnityEditor.Search:ASIAI0B)
Imported 'GUID: c6db431be018c40a6b21af88b6d9438f' -> (Import Result ID: '31e784b0d9c887e467c8b0affa0aea06') in 0.001 seconds [static and dynamic dependencies]. Details - ImportResultOutputID=95c65b8b80cd01ceb0e28ef6509dc80f DependenciesID=c60209ce98c55e20738a11aa7c81190b StaticDependenciesID=9b44810ff22b39ebd5d3f31d2b8429fc 
Number of updated asset objects reloaded before import = 0
Number of asset objects unloaded after import = 0
========================================================================
Received Import Request.
  Time of request: 2026-09-30T12:28:09.8590215Z
  Time since last request: 0.0152108 seconds.
  importAddress: GUID: a9a4efecbd0fe49e8a2f78d04225e5a1 - Path: Packages/com.unity.visualscripting/Editor/VisualScripting.Core/Plugin/Changelogs/LegacyLudiqGraphs/Changelog_1_2_4.cs - Importer: ScriptedImporter/UnityEditor.QuickSearchModule:UnityEditor.Search:ASIAI0B
Importing 'GUID: a9a4efecbd0fe49e8a2f78d04225e5a1 - Path: Packages/com.unity.visualscripting/Editor/VisualScripting.Core/Plugin/Changelogs/LegacyLudiqGraphs/Changelog_1_2_4.cs - Importer: ScriptedImporter/UnityEditor.QuickSearchModule:UnityEditor.Search:ASIAI0B' with importer (ScriptedImporter : UnityEditor.QuickSearchModule:UnityEditor.Search:ASIAI0B)
Imported 'GUID: a9a4efecbd0fe49e8a2f78d04225e5a1' -> (Import Result ID: 'f4781a504b0ca64fb95cad0cc51acacc') in 0.003 seconds [static and dynamic dependencies]. Details - ImportResultOutputID=7dfedaf0455d72c1d1de851921682bd6 DependenciesID=14c57bf491a2c762d0b47f34d5f06cc5 StaticDependenciesID=a836a369fff3169fa5a0ef34398681dc 
Number of updated asset objects reloaded before import = 0
Number of asset objects unloaded after import = 0
========================================================================
Received Import Request.
  Time of request: 2026-09-30T12:28:09.8621281Z
  Time since last request: 0.0003401 seconds.
  importAddress: GUID: d8ddc46856b3146d693158e7ca0b7f89 - Path: Packages/com.unity.visualscripting/Editor/VisualScripting.Core/Plugin/Changelogs/LegacyLudiqCore/Changelog_1_2_0.cs - Importer: ScriptedImporter/UnityEditor.QuickSearchModule:UnityEditor.Search:ASIAI0B
Importing 'GUID: d8ddc46856b3146d693158e7ca0b7f89 - Path: Packages/com.unity.visualscripting/Editor/VisualScripting.Core/Plugin/Changelogs/LegacyLudiqCore/Changelog_1_2_0.cs - Importer: ScriptedImporter/UnityEditor.QuickSearchModule:UnityEditor.Search:ASIAI0B' with importer (ScriptedImporter : UnityEditor.QuickSearchModule:UnityEditor.Search:ASIAI0B)
Imported 'GUID: d8ddc46856b3146d693158e7ca0b7f89' -> (Import Result ID: '67f53be0be5619621af03ed27e882f86') in 0.001 seconds [static and dynamic dependencies]. Details - ImportResultOutputID=3781559207c326e10380206b9a828309 DependenciesID=6b76e2586e06dd9059051ee146ae164e StaticDependenciesID=bed27e3abd7b7e919f0754a5bd8478ea 
Number of updated asset objects reloaded before import = 0
Number of asset objects unloaded after import = 0
========================================================================
Received Import Request.
  Time of request: 2026-09-30T12:28:09.8639559Z
  Time since last request: 0.000338 seconds.
  importAddress: GUID: 084e29f4478104596b396170098a1a88 - Path: Packages/com.unity.visualscripting/Editor/VisualScripting.Core/Plugin/Changelogs/LegacyLudiqCore/Changelog_1_4_6.cs - Importer: ScriptedImporter/UnityEditor.QuickSearchModule:UnityEditor.Search:ASIAI0B
Importing 'GUID: 084e29f4478104596b396170098a1a88 - Path: Packages/com.unity.visualscripting/Editor/VisualScripting.Core/Plugin/Changelogs/LegacyLudiqCore/Changelog_1_4_6.cs - Importer: ScriptedImporter/UnityEditor.QuickSearchModule:UnityEditor.Search:ASIAI0B' with importer (ScriptedImporter : UnityEditor.QuickSearchModule:UnityEditor.Search:ASIAI0B)
Imported 'GUID: 084e29f4478104596b396170098a1a88' -> (Import Result ID: '949a5299714959b9240509592c16c606') in 0.002 seconds [static and dynamic dependencies]. Details - ImportResultOutputID=c1e853498602ed3149e52ee98eae83db DependenciesID=dd7ec6737e2085ef46d9480afd6fb70a StaticDependenciesID=c5cd1077f60988207eb8b2bb8fe2ab42 
Number of updated asset objects reloaded before import = 0
Number of asset objects unloaded after import = 0
========================================================================
Received Import Request.
  Time of request: 2026-09-30T12:28:09.866486Z
  Time since last request: 0.0003503 seconds.
  importAddress: GUID: b142f439114984af3a532b57fda2c820 - Path: Packages/com.unity.visualscripting/Editor/VisualScripting.Core/Plugin/Changelogs/LegacyLudiqCore/Changelog_1_0_3.cs - Importer: ScriptedImporter/UnityEditor.QuickSearchModule:UnityEditor.Search:ASIAI0B
Importing 'GUID: b142f439114984af3a532b57fda2c820 - Path: Packages/com.unity.visualscripting/Editor/VisualScripting.Core/Plugin/Changelogs/LegacyLudiqCore/Changelog_1_0_3.cs - Importer: ScriptedImporter/UnityEditor.QuickSearchModule:UnityEditor.Search:ASIAI0B' with importer (ScriptedImporter : UnityEditor.QuickSearchModule:UnityEditor.Search:ASIAI0B)
Imported 'GUID: b142f439114984af3a532b57fda2c820' -> (Import Result ID: '25ff15a6d2887aea5a20ce1e6fff23e0') in 0.002 seconds [static and dynamic dependencies]. Details - ImportResultOutputID=b033e1819ce89c6586dc35912122b2ae DependenciesID=3e501790167d5fcf5acdb1ef8704ca6e StaticDependenciesID=0b4d0eb0250f4290c581e227aedd3003 
Number of updated asset objects reloaded before import = 0
Number of asset objects unloaded after import = 0
========================================================================
Received Import Request.
  Time of request: 2026-09-30T12:28:09.8689054Z
  Time since last request: 0.0002519 seconds.
  importAddress: GUID: 88c617e7448984bd8bf8b0f44f886997 - Path: Packages/com.unity.visualscripting/Editor/VisualScripting.Core/Plugin/Changelogs/LegacyLudiqGraphs/Changelog_1_0_0.cs - Importer: ScriptedImporter/UnityEditor.QuickSearchModule:UnityEditor.Search:ASIAI0B
Importing 'GUID: 88c617e7448984bd8bf8b0f44f886997 - Path: Packages/com.unity.visualscripting/Editor/VisualScripting.Core/Plugin/Changelogs/LegacyLudiqGraphs/Changelog_1_0_0.cs - Importer: ScriptedImporter/UnityEditor.QuickSearchModule:UnityEditor.Search:ASIAI0B' with importer (ScriptedImporter : UnityEditor.QuickSearchModule:UnityEditor.Search:ASIAI0B)
Imported 'GUID: 88c617e7448984bd8bf8b0f44f886997' -> (Import Result ID: '4e58982bee1b66229abbcf93fc5cd377') in 0.001 seconds [static and dynamic dependencies]. Details - ImportResultOutputID=25ab9b4911fc3395280ced71271338a6 DependenciesID=8949d0f054a459b0765c9fa52678a7e4 StaticDependenciesID=e9f60d05a3165103bd797b8e5d360a6b 
Number of updated asset objects reloaded before import = 0
Number of asset objects unloaded after import = 0
========================================================================
Received Import Request.
  Time of request: 2026-09-30T12:28:09.8707666Z
  Time since last request: 0.0003913 seconds.
  importAddress: GUID: 8d35773964af148639b8eadf97586c79 - Path: Packages/com.unity.visualscripting/Editor/VisualScripting.Core/Plugin/Changelogs/LegacyLudiqCore/Changelog_1_0_5.cs - Importer: ScriptedImporter/UnityEditor.QuickSearchModule:UnityEditor.Search:ASIAI0B
Importing 'GUID: 8d35773964af148639b8eadf97586c79 - Path: Packages/com.unity.visualscripting/Editor/VisualScripting.Core/Plugin/Changelogs/LegacyLudiqCore/Changelog_1_0_5.cs - Importer: ScriptedImporter/UnityEditor.QuickSearchModule:UnityEditor.Search:ASIAI0B' with importer (ScriptedImporter : UnityEditor.QuickSearchModule:UnityEditor.Search:ASIAI0B)
Imported 'GUID: 8d35773964af148639b8eadf97586c79' -> (Import Result ID: '703e3539ffe55b8d3057ca8107f89fd9') in 0.002 seconds [static and dynamic dependencies]. Details - ImportResultOutputID=ee99fe21c12ab4354d263b548dd53b53 DependenciesID=ff4523b807deb7cfbb17cb91e6f23b58 StaticDependenciesID=e8cd6c258489389f77080ec9664a09ae 
Number of updated asset objects reloaded before import = 0
Number of asset objects unloaded after import = 0
========================================================================
Received Import Request.
  Time of request: 2026-09-30T12:28:09.8733695Z
  Time since last request: 0.000592 seconds.
  importAddress: GUID: 610e9d67618e64ecf89e557badb94348 - Path: Packages/com.unity.visualscripting/Editor/VisualScripting.Core/Plugin/Changelogs/LegacyLudiqCore/Changelog_1_0_6.cs - Importer: ScriptedImporter/UnityEditor.QuickSearchModule:UnityEditor.Search:ASIAI0B
Importing 'GUID: 610e9d67618e64ecf89e557badb94348 - Path: Packages/com.unity.visualscripting/Editor/VisualScripting.Core/Plugin/Changelogs/LegacyLudiqCore/Changelog_1_0_6.cs - Importer: ScriptedImporter/UnityEditor.QuickSearchModule:UnityEditor.Search:ASIAI0B' with importer (ScriptedImporter : UnityEditor.QuickSearchModule:UnityEditor.Search:ASIAI0B)
Imported 'GUID: 610e9d67618e64ecf89e557badb94348' -> (Import Result ID: 'fb8abc9535495244295e21fc1d8aae14') in 0.001 seconds [static and dynamic dependencies]. Details - ImportResultOutputID=b5252bc43797c89592f4ed65d0202bdd DependenciesID=17ee0cd7eb7ff5a83211c1067184ebd6 StaticDependenciesID=db8b1fff912293884886aaf3341ac093 
Number of updated asset objects reloaded before import = 0
Number of asset objects unloaded after import = 0
========================================================================
Received Import Request.
  Time of request: 2026-09-30T12:28:09.87525Z
  Time since last request: 0.0003732 seconds.
  importAddress: GUID: 5def96c62e5d440ac8a21883d37d6d59 - Path: Packages/com.unity.visualscripting/Editor/VisualScripting.Core/Plugin/Changelogs/LegacyLudiqCore/Changelog_1_0_1.cs - Importer: ScriptedImporter/UnityEditor.QuickSearchModule:UnityEditor.Search:ASIAI0B
Importing 'GUID: 5def96c62e5d440ac8a21883d37d6d59 - Path: Packages/com.unity.visualscripting/Editor/VisualScripting.Core/Plugin/Changelogs/LegacyLudiqCore/Changelog_1_0_1.cs - Importer: ScriptedImporter/UnityEditor.QuickSearchModule:UnityEditor.Search:ASIAI0B' with importer (ScriptedImporter : UnityEditor.QuickSearchModule:UnityEditor.Search:ASIAI0B)
Imported 'GUID: 5def96c62e5d440ac8a21883d37d6d59' -> (Import Result ID: '7ebfadd07c954861a5a6f97dc357b4fb') in 0.002 seconds [static and dynamic dependencies]. Details - ImportResultOutputID=943c257962e1ffcb7c2906e9e0e04303 DependenciesID=24f35aeb61e27c732efa47c195fabb65 StaticDependenciesID=06b605dff7d71a8082384c466b1de550 
Number of updated asset objects reloaded before import = 0
Number of asset objects unloaded after import = 0
========================================================================
Received Import Request.
  Time of request: 2026-09-30T12:28:09.8777238Z
  Time since last request: 0.0005112 seconds.
  importAddress: GUID: 1123f413d661e499bbfa9bba565a52cf - Path: Packages/com.unity.visualscripting/Editor/VisualScripting.Core/Plugin/Changelogs/LegacyLudiqGraphs/Changelog_1_1_2.cs - Importer: ScriptedImporter/UnityEditor.QuickSearchModule:UnityEditor.Search:ASIAI0B
Importing 'GUID: 1123f413d661e499bbfa9bba565a52cf - Path: Packages/com.unity.visualscripting/Editor/VisualScripting.Core/Plugin/Changelogs/LegacyLudiqGraphs/Changelog_1_1_2.cs - Importer: ScriptedImporter/UnityEditor.QuickSearchModule:UnityEditor.Search:ASIAI0B' with importer (ScriptedImporter : UnityEditor.QuickSearchModule:UnityEditor.Search:ASIAI0B)
Imported 'GUID: 1123f413d661e499bbfa9bba565a52cf' -> (Import Result ID: 'ab888520814e28576769d446b568db39') in 0.001 seconds [static and dynamic dependencies]. Details - ImportResultOutputID=9a530ff0c9b00edf9fc8d6aa5e0c1cc8 DependenciesID=5a95379e2897c12b13cf67d74ef7ce02 StaticDependenciesID=943b82a60ba64fc1868e93bf52631bfa 
Number of updated asset objects reloaded before import = 0
Number of asset objects unloaded after import = 0
========================================================================
Received Import Request.
  Time of request: 2026-09-30T12:28:09.8794882Z
  Time since last request: 0.0002355 seconds.
  importAddress: GUID: bbbb56225190444f885cc3b5d37d8b32 - Path: Packages/com.unity.visualscripting/Editor/VisualScripting.Core/Plugin/Changelogs/LegacyLudiqCore/Changelog_1_4_2.cs - Importer: ScriptedImporter/UnityEditor.QuickSearchModule:UnityEditor.Search:ASIAI0B
Importing 'GUID: bbbb56225190444f885cc3b5d37d8b32 - Path: Packages/com.unity.visualscripting/Editor/VisualScripting.Core/Plugin/Changelogs/LegacyLudiqCore/Changelog_1_4_2.cs - Importer: ScriptedImporter/UnityEditor.QuickSearchModule:UnityEditor.Search:ASIAI0B' with importer (ScriptedImporter : UnityEditor.QuickSearchModule:UnityEditor.Search:ASIAI0B)
Imported 'GUID: bbbb56225190444f885cc3b5d37d8b32' -> (Import Result ID: 'fb1bc9e12edb1545601897cc80421d48') in 0.001 seconds [static and dynamic dependencies]. Details - ImportResultOutputID=f043c06a5da56e3224e7f96b5f1df47d DependenciesID=ece3254d72ce21a1bfd9cd0a9a694726 StaticDependenciesID=bbd226b400185fe49bf4d5593210630b 
Number of updated asset objects reloaded before import = 0
Number of asset objects unloaded after import = 0
========================================================================
Received Import Request.
  Time of request: 2026-09-30T12:28:09.8818971Z
  Time since last request: 0.0007703 seconds.
  importAddress: GUID: ba7b5d9cf997049849f07ae938ee8b78 - Path: Packages/com.unity.visualscripting/Editor/VisualScripting.Core/Plugin/Changelogs/LegacyLudiqCore/Changelog_1_2_2.cs - Importer: ScriptedImporter/UnityEditor.QuickSearchModule:UnityEditor.Search:ASIAI0B
Importing 'GUID: ba7b5d9cf997049849f07ae938ee8b78 - Path: Packages/com.unity.visualscripting/Editor/VisualScripting.Core/Plugin/Changelogs/LegacyLudiqCore/Changelog_1_2_2.cs - Importer: ScriptedImporter/UnityEditor.QuickSearchModule:UnityEditor.Search:ASIAI0B' with importer (ScriptedImporter : UnityEditor.QuickSearchModule:UnityEditor.Search:ASIAI0B)
Imported 'GUID: ba7b5d9cf997049849f07ae938ee8b78' -> (Import Result ID: '7089db70efcc325281bb28a4d9a24e43') in 0.002 seconds [static and dynamic dependencies]. Details - ImportResultOutputID=f59547ab1ca941f9b1a9959a28c17f70 DependenciesID=ad28fde91745adbd3d7e4554b283932e StaticDependenciesID=fad0221cacc5c6b4d7db4155869f0b31 
Number of updated asset objects reloaded before import = 0
Number of asset objects unloaded after import = 0
========================================================================
Received Import Request.
  Time of request: 2026-09-30T12:28:09.883819Z
  Time since last request: 0.0002217 seconds.
  importAddress: GUID: 97f6ae860506d4fdab45c5f475c6389c - Path: Packages/com.unity.visualscripting/Editor/VisualScripting.Core/Dependencies/ReorderableList/Internal/GUIHelper.cs - Importer: ScriptedImporter/UnityEditor.QuickSearchModule:UnityEditor.Search:ASIAI0B
Importing 'GUID: 97f6ae860506d4fdab45c5f475c6389c - Path: Packages/com.unity.visualscripting/Editor/VisualScripting.Core/Dependencies/ReorderableList/Internal/GUIHelper.cs - Importer: ScriptedImporter/UnityEditor.QuickSearchModule:UnityEditor.Search:ASIAI0B' with importer (ScriptedImporter : UnityEditor.QuickSearchModule:UnityEditor.Search:ASIAI0B)
Imported 'GUID: 97f6ae860506d4fdab45c5f475c6389c' -> (Import Result ID: '7d775a56f81f7460b46a07941faddf1e') in 0.001 seconds [static and dynamic dependencies]. Details - ImportResultOutputID=b9a1677d82662831589ccdd3639d4fea DependenciesID=b4362c2594571f5a82518a009a306c08 StaticDependenciesID=3b508218631e91b5f286c3dd97f251b3 
Number of updated asset objects reloaded before import = 0
Number of asset objects unloaded after import = 0
========================================================================
Received Import Request.
  Time of request: 2026-09-30T12:28:09.8856788Z
  Time since last request: 0.0003501 seconds.
  importAddress: GUID: 77b5ada58b7944b10845007e13f78a5f - Path: Packages/com.unity.visualscripting/Editor/VisualScripting.Core/Plugin/Changelogs/LegacyLudiqCore/Changelog_1_4_13.cs - Importer: ScriptedImporter/UnityEditor.QuickSearchModule:UnityEditor.Search:ASIAI0B
Importing 'GUID: 77b5ada58b7944b10845007e13f78a5f - Path: Packages/com.unity.visualscripting/Editor/VisualScripting.Core/Plugin/Changelogs/LegacyLudiqCore/Changelog_1_4_13.cs - Importer: ScriptedImporter/UnityEditor.QuickSearchModule:UnityEditor.Search:ASIAI0B' with importer (ScriptedImporter : UnityEditor.QuickSearchModule:UnityEditor.Search:ASIAI0B)
Imported 'GUID: 77b5ada58b7944b10845007e13f78a5f' -> (Import Result ID: 'a1d9a0d1ddac7bee9202787315513fb4') in 0.002 seconds [static and dynamic dependencies]. Details - ImportResultOutputID=f7b1c21cdf3053d9cddc785d0d2cd56e DependenciesID=6e4ae81b724b0ba93543cacd3bd4392b StaticDependenciesID=a5a4821e2e827bf5983c6610f5f22092 
Number of updated asset objects reloaded before import = 0
Number of asset objects unloaded after import = 0
========================================================================
Received Import Request.
  Time of request: 2026-09-30T12:28:09.8880267Z
  Time since last request: 0.0003974 seconds.
  importAddress: GUID: 5f4c650178b4b4b79a3b5cabd17c9307 - Path: Packages/com.unity.visualscripting/Runtime/VisualScripting.Core/Dependencies/FullSerializer/Converters/fsArrayConverter.cs - Importer: ScriptedImporter/UnityEditor.QuickSearchModule:UnityEditor.Search:ASIAI0B
Importing 'GUID: 5f4c650178b4b4b79a3b5cabd17c9307 - Path: Packages/com.unity.visualscripting/Runtime/VisualScripting.Core/Dependencies/FullSerializer/Converters/fsArrayConverter.cs - Importer: ScriptedImporter/UnityEditor.QuickSearchModule:UnityEditor.Search:ASIAI0B' with importer (ScriptedImporter : UnityEditor.QuickSearchModule:UnityEditor.Search:ASIAI0B)
Imported 'GUID: 5f4c650178b4b4b79a3b5cabd17c9307' -> (Import Result ID: 'c5b002f174f44ca3d39804d7d2f8cea0') in 0.002 seconds [static and dynamic dependencies]. Details - ImportResultOutputID=f229539ffc0a4093089c44400de4242e DependenciesID=15a9330e9fa5282c3956fda3baa97c72 StaticDependenciesID=a9b8bc3d761cc60e372f2cd44bee0293 
Number of updated asset objects reloaded before import = 0
Number of asset objects unloaded after import = 0
========================================================================
Received Import Request.
  Time of request: 2026-09-30T12:28:09.8909184Z
  Time since last request: 0.0007062 seconds.
  importAddress: GUID: d723633d433c941a4a9e7a28a03b5c5d - Path: Packages/com.unity.visualscripting/Editor/VisualScripting.Core/Plugin/Changelogs/LegacyLudiqGraphs/Changelog_1_2_2.cs - Importer: ScriptedImporter/UnityEditor.QuickSearchModule:UnityEditor.Search:ASIAI0B
Importing 'GUID: d723633d433c941a4a9e7a28a03b5c5d - Path: Packages/com.unity.visualscripting/Editor/VisualScripting.Core/Plugin/Changelogs/LegacyLudiqGraphs/Changelog_1_2_2.cs - Importer: ScriptedImporter/UnityEditor.QuickSearchModule:UnityEditor.Search:ASIAI0B' with importer (ScriptedImporter : UnityEditor.QuickSearchModule:UnityEditor.Search:ASIAI0B)
Imported 'GUID: d723633d433c941a4a9e7a28a03b5c5d' -> (Import Result ID: '16b864c43cce4f63fb9796e21fb1f078') in 0.002 seconds [static and dynamic dependencies]. Details - ImportResultOutputID=ebaab7567ff03225e04f9be36f2e362b DependenciesID=88a5b2c2400141693c3d785a9d790a95 StaticDependenciesID=32500828f41d6cd601562d47e8b894f4 
Number of updated asset objects reloaded before import = 0
Number of asset objects unloaded after import = 0
========================================================================
Received Import Request.
  Time of request: 2026-09-30T12:28:09.8932707Z
  Time since last request: 0.0005029 seconds.
  importAddress: GUID: b2cf6489d32e14b8ba1bec90f2dcc4bf - Path: Packages/com.unity.visualscripting/Runtime/VisualScripting.Core/Dependencies/FullSerializer/Converters/fsDateConverter.cs - Importer: ScriptedImporter/UnityEditor.QuickSearchModule:UnityEditor.Search:ASIAI0B
Importing 'GUID: b2cf6489d32e14b8ba1bec90f2dcc4bf - Path: Packages/com.unity.visualscripting/Runtime/VisualScripting.Core/Dependencies/FullSerializer/Converters/fsDateConverter.cs - Importer: ScriptedImporter/UnityEditor.QuickSearchModule:UnityEditor.Search:ASIAI0B' with importer (ScriptedImporter : UnityEditor.QuickSearchModule:UnityEditor.Search:ASIAI0B)
Imported 'GUID: b2cf6489d32e14b8ba1bec90f2dcc4bf' -> (Import Result ID: '6128b60c3e514b605564071f1734a193') in 0.002 seconds [static and dynamic dependencies]. Details - ImportResultOutputID=df55d80cd12ae799dfc91c59289bb700 DependenciesID=efb1f7b6b5d66d592b7104da504294c9 StaticDependenciesID=28ed6f0a92ba770ba3675eddad56ff0d 
Number of updated asset objects reloaded before import = 0
Number of asset objects unloaded after import = 0
========================================================================
Received Import Request.
  Time of request: 2026-09-30T12:28:09.8955291Z
  Time since last request: 0.0003784 seconds.
  importAddress: GUID: f662210e7a8f640e7a1db92d95218750 - Path: Packages/com.unity.visualscripting/Editor/VisualScripting.Core/Plugin/Changelogs/LegacyLudiqCore/Changelog_1_2_3.cs - Importer: ScriptedImporter/UnityEditor.QuickSearchModule:UnityEditor.Search:ASIAI0B
Importing 'GUID: f662210e7a8f640e7a1db92d95218750 - Path: Packages/com.unity.visualscripting/Editor/VisualScripting.Core/Plugin/Changelogs/LegacyLudiqCore/Changelog_1_2_3.cs - Importer: ScriptedImporter/UnityEditor.QuickSearchModule:UnityEditor.Search:ASIAI0B' with importer (ScriptedImporter : UnityEditor.QuickSearchModule:UnityEditor.Search:ASIAI0B)
Imported 'GUID: f662210e7a8f640e7a1db92d95218750' -> (Import Result ID: '65dc5f72bddd3566bcd15356e44324e5') in 0.002 seconds [static and dynamic dependencies]. Details - ImportResultOutputID=15d1a19836ba6f751e82cc8d7f6329b4 DependenciesID=e65e1d2d0582a1e03a5959a66a1138cc StaticDependenciesID=4049e875b45bd4d264b3ba7af584776f 
Number of updated asset objects reloaded before import = 0
Number of asset objects unloaded after import = 0
========================================================================
Received Import Request.
  Time of request: 2026-09-30T12:28:09.8976897Z
  Time since last request: 0.0003469 seconds.
  importAddress: GUID: 9bc1cb867059d4d77a24dc7f4f95f30a - Path: Packages/com.unity.visualscripting/Editor/VisualScripting.Core/Plugin/Changelogs/LegacyLudiqCore/Changelog_1_2_1.cs - Importer: ScriptedImporter/UnityEditor.QuickSearchModule:UnityEditor.Search:ASIAI0B
Importing 'GUID: 9bc1cb867059d4d77a24dc7f4f95f30a - Path: Packages/com.unity.visualscripting/Editor/VisualScripting.Core/Plugin/Changelogs/LegacyLudiqCore/Changelog_1_2_1.cs - Importer: ScriptedImporter/UnityEditor.QuickSearchModule:UnityEditor.Search:ASIAI0B' with importer (ScriptedImporter : UnityEditor.QuickSearchModule:UnityEditor.Search:ASIAI0B)
Imported 'GUID: 9bc1cb867059d4d77a24dc7f4f95f30a' -> (Import Result ID: 'b0a8fb4eb8712cd75f3e45dae8ebf3f1') in 0.002 seconds [static and dynamic dependencies]. Details - ImportResultOutputID=bcab362e34b51a34fddf57cc1beba278 DependenciesID=e7b56e83321ab428c93f4378e77f81c8 StaticDependenciesID=be62e04e59afd14ca19accb4227c9e56 
Number of updated asset objects reloaded before import = 0
Number of asset objects unloaded after import = 0
========================================================================
Received Import Request.
  Time of request: 2026-09-30T12:28:09.8998446Z
  Time since last request: 0.0003088 seconds.
  importAddress: GUID: f3b23c5b811b54a9ab7a6c88146a46a5 - Path: Packages/com.unity.visualscripting/Editor/VisualScripting.Core/Plugin/Changelogs/LegacyLudiqGraphs/Changelog_1_4_1.cs - Importer: ScriptedImporter/UnityEditor.QuickSearchModule:UnityEditor.Search:ASIAI0B
Importing 'GUID: f3b23c5b811b54a9ab7a6c88146a46a5 - Path: Packages/com.unity.visualscripting/Editor/VisualScripting.Core/Plugin/Changelogs/LegacyLudiqGraphs/Changelog_1_4_1.cs - Importer: ScriptedImporter/UnityEditor.QuickSearchModule:UnityEditor.Search:ASIAI0B' with importer (ScriptedImporter : UnityEditor.QuickSearchModule:UnityEditor.Search:ASIAI0B)
Imported 'GUID: f3b23c5b811b54a9ab7a6c88146a46a5' -> (Import Result ID: 'bd89dc616286d0306316985f937feeb0') in 0.002 seconds [static and dynamic dependencies]. Details - ImportResultOutputID=0026496c4d0d7b3badbce69b233a9641 DependenciesID=8b365dae201a2427f0bccc9172524674 StaticDependenciesID=ad69f01d0c5e469bc52cb4f8a0e8e95f 
Number of updated asset objects reloaded before import = 0
Number of asset objects unloaded after import = 0
========================================================================
Received Import Request.
  Time of request: 2026-09-30T12:28:09.901997Z
  Time since last request: 0.000348 seconds.
  importAddress: GUID: 82cef948c57f54216b22112983b79d47 - Path: Packages/com.unity.visualscripting/Editor/VisualScripting.Core/Plugin/Changelogs/LegacyLudiqGraphs/Changelog_1_4_4.cs - Importer: ScriptedImporter/UnityEditor.QuickSearchModule:UnityEditor.Search:ASIAI0B
Importing 'GUID: 82cef948c57f54216b22112983b79d47 - Path: Packages/com.unity.visualscripting/Editor/VisualScripting.Core/Plugin/Changelogs/LegacyLudiqGraphs/Changelog_1_4_4.cs - Importer: ScriptedImporter/UnityEditor.QuickSearchModule:UnityEditor.Search:ASIAI0B' with importer (ScriptedImporter : UnityEditor.QuickSearchModule:UnityEditor.Search:ASIAI0B)
Imported 'GUID: 82cef948c57f54216b22112983b79d47' -> (Import Result ID: 'f64649245546f81b93436991ba8379e6') in 0.002 seconds [static and dynamic dependencies]. Details - ImportResultOutputID=56044c59365a884c42d73bf02a0869ff DependenciesID=f9c653c7c5829e62da205bb6bf042e59 StaticDependenciesID=ad7a514c68ff4e80f0525a472a28af5c 
Number of updated asset objects reloaded before import = 0
Number of asset objects unloaded after import = 0
========================================================================
Received Import Request.
  Time of request: 2026-09-30T12:28:09.9043959Z
  Time since last request: 0.0005865 seconds.
  importAddress: GUID: 6eda8a1d0c5d040ac8120fd38acc4191 - Path: Packages/com.unity.visualscripting/Editor/VisualScripting.Flow/Framework/Variables/Obsolete/VariableUnitDescriptor.cs - Importer: ScriptedImporter/UnityEditor.QuickSearchModule:UnityEditor.Search:ASIAI0B
Importing 'GUID: 6eda8a1d0c5d040ac8120fd38acc4191 - Path: Packages/com.unity.visualscripting/Editor/VisualScripting.Flow/Framework/Variables/Obsolete/VariableUnitDescriptor.cs - Importer: ScriptedImporter/UnityEditor.QuickSearchModule:UnityEditor.Search:ASIAI0B' with importer (ScriptedImporter : UnityEditor.QuickSearchModule:UnityEditor.Search:ASIAI0B)
Imported 'GUID: 6eda8a1d0c5d040ac8120fd38acc4191' -> (Import Result ID: 'dbaf11e23aaf55a18d21fdb69094aadf') in 0.002 seconds [static and dynamic dependencies]. Details - ImportResultOutputID=e0d81051567335189370df3d0d85ce54 DependenciesID=3649f9095de4c65b5e12eb78fd54f6e9 StaticDependenciesID=b41593fbc79fd0a42ffca9183fc5e2f5 
Number of updated asset objects reloaded before import = 0
Number of asset objects unloaded after import = 0
========================================================================
Received Import Request.
  Time of request: 2026-09-30T12:28:09.9067468Z
  Time since last request: 0.0004213 seconds.
  importAddress: GUID: 026178c0b41424f7386643946c354b60 - Path: Packages/com.unity.visualscripting/Editor/VisualScripting.Core/Plugin/Changelogs/LegacyLudiqGraphs/Changelog_1_0_2.cs - Importer: ScriptedImporter/UnityEditor.QuickSearchModule:UnityEditor.Search:ASIAI0B
Importing 'GUID: 026178c0b41424f7386643946c354b60 - Path: Packages/com.unity.visualscripting/Editor/VisualScripting.Core/Plugin/Changelogs/LegacyLudiqGraphs/Changelog_1_0_2.cs - Importer: ScriptedImporter/UnityEditor.QuickSearchModule:UnityEditor.Search:ASIAI0B' with importer (ScriptedImporter : UnityEditor.QuickSearchModule:UnityEditor.Search:ASIAI0B)
Imported 'GUID: 026178c0b41424f7386643946c354b60' -> (Import Result ID: 'dda87195386eddf4ce17fc69a9006efa') in 0.001 seconds [static and dynamic dependencies]. Details - ImportResultOutputID=dac672763d1fc0eb0373e4ae014997cd DependenciesID=acfbb1f1cd27b7752324abac51eaa8b7 StaticDependenciesID=5c719436c3986202b4c0c1d79d97fe21 
Number of updated asset objects reloaded before import = 0
Number of asset objects unloaded after import = 0
========================================================================
Received Import Request.
  Time of request: 2026-09-30T12:28:09.9262751Z
  Time since last request: 0.0179664 seconds.
  importAddress: GUID: 726bd1b4a2da44073b58af642cb2cd67 - Path: Packages/com.unity.visualscripting/Runtime/VisualScripting.Core/Dependencies/FullSerializer/Reflection/fsMetaProperty.cs - Importer: ScriptedImporter/UnityEditor.QuickSearchModule:UnityEditor.Search:ASIAI0B
Importing 'GUID: 726bd1b4a2da44073b58af642cb2cd67 - Path: Packages/com.unity.visualscripting/Runtime/VisualScripting.Core/Dependencies/FullSerializer/Reflection/fsMetaProperty.cs - Importer: ScriptedImporter/UnityEditor.QuickSearchModule:UnityEditor.Search:ASIAI0B' with importer (ScriptedImporter : UnityEditor.QuickSearchModule:UnityEditor.Search:ASIAI0B)
Imported 'GUID: 726bd1b4a2da44073b58af642cb2cd67' -> (Import Result ID: '577884e678cc1db6be27d5e1ce5911bd') in 0.003 seconds [static and dynamic dependencies]. Details - ImportResultOutputID=4f91b36caa57fc76a4d307ecb23230a3 DependenciesID=65446e823ddfc1cd5717f178bb485b69 StaticDependenciesID=2ee23deec35686b573cd54dd8cfabdbd 
Number of updated asset objects reloaded before import = 0
Number of asset objects unloaded after import = 0
========================================================================
Received Import Request.
  Time of request: 2026-09-30T12:28:09.9305627Z
  Time since last request: 0.0007316 seconds.
  importAddress: GUID: e4a7c13c64f25473ea761f6e55d8aeed - Path: Packages/com.unity.visualscripting/Runtime/VisualScripting.Flow/Framework/Collections/Dictionaries/RemoveDictionaryItem.cs - Importer: ScriptedImporter/UnityEditor.QuickSearchModule:UnityEditor.Search:ASIAI0B
Importing 'GUID: e4a7c13c64f25473ea761f6e55d8aeed - Path: Packages/com.unity.visualscripting/Runtime/VisualScripting.Flow/Framework/Collections/Dictionaries/RemoveDictionaryItem.cs - Importer: ScriptedImporter/UnityEditor.QuickSearchModule:UnityEditor.Search:ASIAI0B' with importer (ScriptedImporter : UnityEditor.QuickSearchModule:UnityEditor.Search:ASIAI0B)
Imported 'GUID: e4a7c13c64f25473ea761f6e55d8aeed' -> (Import Result ID: '7c584e42f0412d25c17a19b5105d17db') in 0.003 seconds [static and dynamic dependencies]. Details - ImportResultOutputID=eafa5f8c36e5e20bb87d9d35cd0ea25c DependenciesID=c3f50cf4696149fcac1d78c386bc8422 StaticDependenciesID=d76b3bbc0d8a35528901374ad2dcc351 
Number of updated asset objects reloaded before import = 0
Number of asset objects unloaded after import = 0
========================================================================
Received Import Request.
  Time of request: 2026-09-30T12:28:09.9340244Z
  Time since last request: 0.000714 seconds.
  importAddress: GUID: a0274e2d9504747689564e43b42b2525 - Path: Packages/com.unity.visualscripting/Runtime/VisualScripting.Flow/Framework/Events/Application/OnApplicationFocus.cs - Importer: ScriptedImporter/UnityEditor.QuickSearchModule:UnityEditor.Search:ASIAI0B
Importing 'GUID: a0274e2d9504747689564e43b42b2525 - Path: Packages/com.unity.visualscripting/Runtime/VisualScripting.Flow/Framework/Events/Application/OnApplicationFocus.cs - Importer: ScriptedImporter/UnityEditor.QuickSearchModule:UnityEditor.Search:ASIAI0B' with importer (ScriptedImporter : UnityEditor.QuickSearchModule:UnityEditor.Search:ASIAI0B)
Imported 'GUID: a0274e2d9504747689564e43b42b2525' -> (Import Result ID: 'b1ce8343d0089c5ec235c28dd12a374c') in 0.003 seconds [static and dynamic dependencies]. Details - ImportResultOutputID=5e23da021aa70a83bfc86066fd4fa993 DependenciesID=e75c0303fb8af120d98781998ce6c6c5 StaticDependenciesID=c2197f4681c161b1e1844d41467af2ec 
Number of updated asset objects reloaded before import = 0
Number of asset objects unloaded after import = 0
========================================================================
Received Import Request.
  Time of request: 2026-09-30T12:28:09.9378784Z
  Time since last request: 0.0004424 seconds.
  importAddress: GUID: b2d2628348c58407eb518c9b65d489cb - Path: Packages/com.unity.visualscripting/Runtime/VisualScripting.Core/Dependencies/FullSerializer/Internal/fsOption.cs - Importer: ScriptedImporter/UnityEditor.QuickSearchModule:UnityEditor.Search:ASIAI0B
Importing 'GUID: b2d2628348c58407eb518c9b65d489cb - Path: Packages/com.unity.visualscripting/Runtime/VisualScripting.Core/Dependencies/FullSerializer/Internal/fsOption.cs - Importer: ScriptedImporter/UnityEditor.QuickSearchModule:UnityEditor.Search:ASIAI0B' with importer (ScriptedImporter : UnityEditor.QuickSearchModule:UnityEditor.Search:ASIAI0B)
Imported 'GUID: b2d2628348c58407eb518c9b65d489cb' -> (Import Result ID: '5f00de6768e62e290274bb409bf9f804') in 0.005 seconds [static and dynamic dependencies]. Details - ImportResultOutputID=6b5a3c4895823064924d81675882ef3d DependenciesID=7c8a5948d730e61a7d8108d0e46aca6d StaticDependenciesID=da013e615dc4578695d251ed38bc2e75 
Number of updated asset objects reloaded before import = 0
Number of asset objects unloaded after import = 0
========================================================================
Received Import Request.
  Time of request: 2026-09-30T12:28:09.9433566Z
  Time since last request: 0.0006637 seconds.
  importAddress: GUID: 2a27e2d609de84c398a54131860c6a4c - Path: Packages/com.unity.visualscripting/Runtime/VisualScripting.Flow/Framework/Events/GUI/OnMove.cs - Importer: ScriptedImporter/UnityEditor.QuickSearchModule:UnityEditor.Search:ASIAI0B
Importing 'GUID: 2a27e2d609de84c398a54131860c6a4c - Path: Packages/com.unity.visualscripting/Runtime/VisualScripting.Flow/Framework/Events/GUI/OnMove.cs - Importer: ScriptedImporter/UnityEditor.QuickSearchModule:UnityEditor.Search:ASIAI0B' with importer (ScriptedImporter : UnityEditor.QuickSearchModule:UnityEditor.Search:ASIAI0B)
Imported 'GUID: 2a27e2d609de84c398a54131860c6a4c' -> (Import Result ID: '179ee4e51d3db3b47ec60c31f82f1c21') in 0.002 seconds [static and dynamic dependencies]. Details - ImportResultOutputID=110762208a5e6e66d85c9a5b2f017124 DependenciesID=edfc841f0e014494744dd3c591e89ccb StaticDependenciesID=914d6deefa70a1472f757a1e06a138d6 
Number of updated asset objects reloaded before import = 0
Number of asset objects unloaded after import = 0
========================================================================
Received Import Request.
  Time of request: 2026-09-30T12:28:09.9455504Z
  Time since last request: 0.0003425 seconds.
  importAddress: GUID: 7de1914c008434f0ba80bfb3a0a51c3a - Path: Packages/com.unity.visualscripting/Runtime/VisualScripting.Flow/Framework/Events/GUI/OnScrollbarValueChanged.cs - Importer: ScriptedImporter/UnityEditor.QuickSearchModule:UnityEditor.Search:ASIAI0B
Importing 'GUID: 7de1914c008434f0ba80bfb3a0a51c3a - Path: Packages/com.unity.visualscripting/Runtime/VisualScripting.Flow/Framework/Events/GUI/OnScrollbarValueChanged.cs - Importer: ScriptedImporter/UnityEditor.QuickSearchModule:UnityEditor.Search:ASIAI0B' with importer (ScriptedImporter : UnityEditor.QuickSearchModule:UnityEditor.Search:ASIAI0B)
Imported 'GUID: 7de1914c008434f0ba80bfb3a0a51c3a' -> (Import Result ID: '5ce8abac1ea7c721a30cb1e488962910') in 0.002 seconds [static and dynamic dependencies]. Details - ImportResultOutputID=4991fccd197574fe160dd809cb5e40cf DependenciesID=ed8bd20a3ed614180a92b11db6241327 StaticDependenciesID=22aab7979b6e48b9dec0e9628f37748a 
Number of updated asset objects reloaded before import = 0
Number of asset objects unloaded after import = 0
========================================================================
Received Import Request.
  Time of request: 2026-09-30T12:28:09.948337Z
  Time since last request: 0.0007769 seconds.
  importAddress: GUID: 6cd0cea553003493886d72e9be8e23dc - Path: Packages/com.unity.visualscripting/Runtime/VisualScripting.Flow/Framework/Events/Animation/OnAnimatorIK.cs - Importer: ScriptedImporter/UnityEditor.QuickSearchModule:UnityEditor.Search:ASIAI0B
Importing 'GUID: 6cd0cea553003493886d72e9be8e23dc - Path: Packages/com.unity.visualscripting/Runtime/VisualScripting.Flow/Framework/Events/Animation/OnAnimatorIK.cs - Importer: ScriptedImporter/UnityEditor.QuickSearchModule:UnityEditor.Search:ASIAI0B' with importer (ScriptedImporter : UnityEditor.QuickSearchModule:UnityEditor.Search:ASIAI0B)
Imported 'GUID: 6cd0cea553003493886d72e9be8e23dc' -> (Import Result ID: '4b52885478bdddb85879766fab44081e') in 0.002 seconds [static and dynamic dependencies]. Details - ImportResultOutputID=36560b149de41999bb5f4904ca0d3677 DependenciesID=c5ccbc2cd6fa9b536fbcd5192a9ea149 StaticDependenciesID=90439a198012abdba313c21638679e0f 
Number of updated asset objects reloaded before import = 0
Number of asset objects unloaded after import = 0
========================================================================
Received Import Request.
  Time of request: 2026-09-30T12:28:09.9513394Z
  Time since last request: 0.0003524 seconds.
  importAddress: GUID: f20b6488154d04514b542bc7dfec85b6 - Path: Packages/com.unity.visualscripting/Runtime/VisualScripting.Flow/Framework/Collections/Lists/InsertListItem.cs - Importer: ScriptedImporter/UnityEditor.QuickSearchModule:UnityEditor.Search:ASIAI0B
Importing 'GUID: f20b6488154d04514b542bc7dfec85b6 - Path: Packages/com.unity.visualscripting/Runtime/VisualScripting.Flow/Framework/Collections/Lists/InsertListItem.cs - Importer: ScriptedImporter/UnityEditor.QuickSearchModule:UnityEditor.Search:ASIAI0B' with importer (ScriptedImporter : UnityEditor.QuickSearchModule:UnityEditor.Search:ASIAI0B)
Imported 'GUID: f20b6488154d04514b542bc7dfec85b6' -> (Import Result ID: 'f9151cac1400d64c7a9f79df0a063018') in 0.002 seconds [static and dynamic dependencies]. Details - ImportResultOutputID=9d72193ffc0a45620c655bd5426f840c DependenciesID=f379c1f8417bf58c513a594215b51ab2 StaticDependenciesID=b08cd8537bfc16950f8e64f491124309 
Number of updated asset objects reloaded before import = 0
Number of asset objects unloaded after import = 0
========================================================================
Received Import Request.
  Time of request: 2026-09-30T12:28:09.9541032Z
  Time since last request: 0.0005421 seconds.
  importAddress: GUID: b2c6916dd07ed47b7b77ccd07eea9fbe - Path: Packages/com.unity.visualscripting/Runtime/VisualScripting.Flow/Framework/Collections/Dictionaries/SetDictionaryItem.cs - Importer: ScriptedImporter/UnityEditor.QuickSearchModule:UnityEditor.Search:ASIAI0B
Importing 'GUID: b2c6916dd07ed47b7b77ccd07eea9fbe - Path: Packages/com.unity.visualscripting/Runtime/VisualScripting.Flow/Framework/Collections/Dictionaries/SetDictionaryItem.cs - Importer: ScriptedImporter/UnityEditor.QuickSearchModule:UnityEditor.Search:ASIAI0B' with importer (ScriptedImporter : UnityEditor.QuickSearchModule:UnityEditor.Search:ASIAI0B)
Imported 'GUID: b2c6916dd07ed47b7b77ccd07eea9fbe' -> (Import Result ID: 'b53c5e1f0d2988ad8edb36a36dbd298e') in 0.002 seconds [static and dynamic dependencies]. Details - ImportResultOutputID=70138d92b7ea0d6bcc50bfafdc6854f1 DependenciesID=0febf18e75579f4722b6a96b55a4b55c StaticDependenciesID=96ffcce42fe89fed2a75f8be63d2f871 
Number of updated asset objects reloaded before import = 0
Number of asset objects unloaded after import = 0
========================================================================
Received Import Request.
  Time of request: 2026-09-30T12:28:09.9565357Z
  Time since last request: 0.0005331 seconds.
  importAddress: GUID: aceaeecabc7804af78324f3a4ca624d0 - Path: Packages/com.unity.visualscripting/Runtime/VisualScripting.Core/Dependencies/FullSerializer/Converters/fsReflectedConverter.cs - Importer: ScriptedImporter/UnityEditor.QuickSearchModule:UnityEditor.Search:ASIAI0B
Importing 'GUID: aceaeecabc7804af78324f3a4ca624d0 - Path: Packages/com.unity.visualscripting/Runtime/VisualScripting.Core/Dependencies/FullSerializer/Converters/fsReflectedConverter.cs - Importer: ScriptedImporter/UnityEditor.QuickSearchModule:UnityEditor.Search:ASIAI0B' with importer (ScriptedImporter : UnityEditor.QuickSearchModule:UnityEditor.Search:ASIAI0B)
Imported 'GUID: aceaeecabc7804af78324f3a4ca624d0' -> (Import Result ID: '88f6f9094dc61dae4b30c52300431657') in 0.002 seconds [static and dynamic dependencies]. Details - ImportResultOutputID=bb8f2e8a5309c95b40d683e8d56ade9f DependenciesID=3af13afa58f9d41fb45a065b6f66471e StaticDependenciesID=1370257033bcc757b661ef412ec911f1 
Number of updated asset objects reloaded before import = 0
Number of asset objects unloaded after import = 0
========================================================================
Received Import Request.
  Time of request: 2026-09-30T12:28:09.9592169Z
  Time since last request: 0.0002571 seconds.
  importAddress: GUID: 6341e6a17829143b5894fd27dbf04b8a - Path: Packages/com.unity.visualscripting/Runtime/VisualScripting.Flow/Framework/Collections/Lists/MergeLists.cs - Importer: ScriptedImporter/UnityEditor.QuickSearchModule:UnityEditor.Search:ASIAI0B
Importing 'GUID: 6341e6a17829143b5894fd27dbf04b8a - Path: Packages/com.unity.visualscripting/Runtime/VisualScripting.Flow/Framework/Collections/Lists/MergeLists.cs - Importer: ScriptedImporter/UnityEditor.QuickSearchModule:UnityEditor.Search:ASIAI0B' with importer (ScriptedImporter : UnityEditor.QuickSearchModule:UnityEditor.Search:ASIAI0B)
Imported 'GUID: 6341e6a17829143b5894fd27dbf04b8a' -> (Import Result ID: '570f0e9ac192ab44a5467a0ebec5c5f5') in 0.002 seconds [static and dynamic dependencies]. Details - ImportResultOutputID=59a428c55efaca44d014a48b711d392c DependenciesID=6be0b1a2f2af76f55d2edc425d97e776 StaticDependenciesID=bfa9a1fc7e8aaf25b76ad91e087fef23 
Number of updated asset objects reloaded before import = 0
Number of asset objects unloaded after import = 0
========================================================================
Received Import Request.
  Time of request: 2026-09-30T12:28:09.9617163Z
  Time since last request: 0.0004035 seconds.
  importAddress: GUID: a13da87eb3ffd4da1abc9b68445b4905 - Path: Packages/com.unity.visualscripting/Runtime/VisualScripting.Flow/Framework/Events/Application/OnApplicationResume.cs - Importer: ScriptedImporter/UnityEditor.QuickSearchModule:UnityEditor.Search:ASIAI0B
Importing 'GUID: a13da87eb3ffd4da1abc9b68445b4905 - Path: Packages/com.unity.visualscripting/Runtime/VisualScripting.Flow/Framework/Events/Application/OnApplicationResume.cs - Importer: ScriptedImporter/UnityEditor.QuickSearchModule:UnityEditor.Search:ASIAI0B' with importer (ScriptedImporter : UnityEditor.QuickSearchModule:UnityEditor.Search:ASIAI0B)
Imported 'GUID: a13da87eb3ffd4da1abc9b68445b4905' -> (Import Result ID: '8aa3531c016e54d635a2c1890fffe40b') in 0.002 seconds [static and dynamic dependencies]. Details - ImportResultOutputID=8aca4bdc6990733196f171bb86a55933 DependenciesID=2d8836ac8dab113b5dfc3159c9dcfce7 StaticDependenciesID=c6101d7e01ad7892e60c2692c587dbd1 
Number of updated asset objects reloaded before import = 0
Number of asset objects unloaded after import = 0
========================================================================
Received Import Request.
  Time of request: 2026-09-30T12:28:09.9638362Z
  Time since last request: 0.0002792 seconds.
  importAddress: GUID: 2a614d65cdef1498eb33e5312e5b8672 - Path: Packages/com.unity.visualscripting/Runtime/VisualScripting.Flow/Framework/Events/Animation/OnAnimatorMove.cs - Importer: ScriptedImporter/UnityEditor.QuickSearchModule:UnityEditor.Search:ASIAI0B
Importing 'GUID: 2a614d65cdef1498eb33e5312e5b8672 - Path: Packages/com.unity.visualscripting/Runtime/VisualScripting.Flow/Framework/Events/Animation/OnAnimatorMove.cs - Importer: ScriptedImporter/UnityEditor.QuickSearchModule:UnityEditor.Search:ASIAI0B' with importer (ScriptedImporter : UnityEditor.QuickSearchModule:UnityEditor.Search:ASIAI0B)
Imported 'GUID: 2a614d65cdef1498eb33e5312e5b8672' -> (Import Result ID: '50cc3bfa4c225d62323276cc3f9c56c6') in 0.002 seconds [static and dynamic dependencies]. Details - ImportResultOutputID=1746fe9615a73924c9ce4c0dc13c1a98 DependenciesID=aa45e1c82aa463a1b25028123e1ad83d StaticDependenciesID=48cabb2f8da3559efdcc720abac8512d 
Number of updated asset objects reloaded before import = 0
Number of asset objects unloaded after import = 0
========================================================================
Received Import Request.
  Time of request: 2026-09-30T12:28:09.9663884Z
  Time since last request: 0.0002509 seconds.
  importAddress: GUID: 6e8457d68030d4970ae014b8a8aa5e28 - Path: Packages/com.unity.visualscripting/Runtime/VisualScripting.Core/Dependencies/FullSerializer/Internal/fsPortableReflection.cs - Importer: ScriptedImporter/UnityEditor.QuickSearchModule:UnityEditor.Search:ASIAI0B
Importing 'GUID: 6e8457d68030d4970ae014b8a8aa5e28 - Path: Packages/com.unity.visualscripting/Runtime/VisualScripting.Core/Dependencies/FullSerializer/Internal/fsPortableReflection.cs - Importer: ScriptedImporter/UnityEditor.QuickSearchModule:UnityEditor.Search:ASIAI0B' with importer (ScriptedImporter : UnityEditor.QuickSearchModule:UnityEditor.Search:ASIAI0B)
Imported 'GUID: 6e8457d68030d4970ae014b8a8aa5e28' -> (Import Result ID: '48e87595d33ff77f3fd61746f7f2bdeb') in 0.002 seconds [static and dynamic dependencies]. Details - ImportResultOutputID=20a5f43bed0232e23e369ad06cf3a163 DependenciesID=6e6f4778691e49a8ee64cafa2f7fb569 StaticDependenciesID=37a02f28ced086252636630d84725799 
Number of updated asset objects reloaded before import = 0
Number of asset objects unloaded after import = 0
========================================================================
Received Import Request.
  Time of request: 2026-09-30T12:28:09.9683804Z
  Time since last request: 0.0002917 seconds.
  importAddress: GUID: 055ce80827fbe4f2db3b492b9e29c156 - Path: Packages/com.unity.visualscripting/Runtime/VisualScripting.Flow/Framework/Events/Editor/OnDrawGizmos.cs - Importer: ScriptedImporter/UnityEditor.QuickSearchModule:UnityEditor.Search:ASIAI0B
Importing 'GUID: 055ce80827fbe4f2db3b492b9e29c156 - Path: Packages/com.unity.visualscripting/Runtime/VisualScripting.Flow/Framework/Events/Editor/OnDrawGizmos.cs - Importer: ScriptedImporter/UnityEditor.QuickSearchModule:UnityEditor.Search:ASIAI0B' with importer (ScriptedImporter : UnityEditor.QuickSearchModule:UnityEditor.Search:ASIAI0B)
Imported 'GUID: 055ce80827fbe4f2db3b492b9e29c156' -> (Import Result ID: 'da9470d92b4788b2f646c5a576a41e28') in 0.002 seconds [static and dynamic dependencies]. Details - ImportResultOutputID=b288367d6fb91c295b5519644e16676e DependenciesID=69561edb02b9197658d75e83a9e23673 StaticDependenciesID=2189e4f8dabfbe56322e7770f88178f3 
Number of updated asset objects reloaded before import = 0
Number of asset objects unloaded after import = 0
========================================================================
Received Import Request.
  Time of request: 2026-09-30T12:28:09.9706184Z
  Time since last request: 0.0003185 seconds.
  importAddress: GUID: 6183a2ad03a8e4636a2dc5cd3b8b7a7c - Path: Packages/com.unity.visualscripting/Runtime/VisualScripting.Flow/Framework/Collections/Dictionaries/ClearDictionary.cs - Importer: ScriptedImporter/UnityEditor.QuickSearchModule:UnityEditor.Search:ASIAI0B
Importing 'GUID: 6183a2ad03a8e4636a2dc5cd3b8b7a7c - Path: Packages/com.unity.visualscripting/Runtime/VisualScripting.Flow/Framework/Collections/Dictionaries/ClearDictionary.cs - Importer: ScriptedImporter/UnityEditor.QuickSearchModule:UnityEditor.Search:ASIAI0B' with importer (ScriptedImporter : UnityEditor.QuickSearchModule:UnityEditor.Search:ASIAI0B)
Imported 'GUID: 6183a2ad03a8e4636a2dc5cd3b8b7a7c' -> (Import Result ID: 'd17e550e2457e4f6f630e06f9ebd9f96') in 0.002 seconds [static and dynamic dependencies]. Details - ImportResultOutputID=90eac9d2ba7bb6180d0287926c1ef392 DependenciesID=178f0d999e3dfb2e4d3ac2b06358a8c1 StaticDependenciesID=8235254777a2d899b67d09cc10f4501d 
Number of updated asset objects reloaded before import = 0
Number of asset objects unloaded after import = 0
========================================================================
Received Import Request.
  Time of request: 2026-09-30T12:28:09.9730165Z
  Time since last request: 0.0003962 seconds.
  importAddress: GUID: 56f45147e53b74230964d1066cb73f72 - Path: Packages/com.unity.visualscripting/Runtime/VisualScripting.Flow/Framework/Collections/Lists/AddListItem.cs - Importer: ScriptedImporter/UnityEditor.QuickSearchModule:UnityEditor.Search:ASIAI0B
Importing 'GUID: 56f45147e53b74230964d1066cb73f72 - Path: Packages/com.unity.visualscripting/Runtime/VisualScripting.Flow/Framework/Collections/Lists/AddListItem.cs - Importer: ScriptedImporter/UnityEditor.QuickSearchModule:UnityEditor.Search:ASIAI0B' with importer (ScriptedImporter : UnityEditor.QuickSearchModule:UnityEditor.Search:ASIAI0B)
Imported 'GUID: 56f45147e53b74230964d1066cb73f72' -> (Import Result ID: '5796747f0dcdca0c967a053e88843b57') in 0.002 seconds [static and dynamic dependencies]. Details - ImportResultOutputID=bcc3619b823ca2606638531a7767050c DependenciesID=fe77fce913304835fb09d527fab40992 StaticDependenciesID=c5db0bb0aa42de1fe88737005408ee07 
Number of updated asset objects reloaded before import = 0
Number of asset objects unloaded after import = 0
========================================================================
Received Import Request.
  Time of request: 2026-09-30T12:28:09.9749828Z
  Time since last request: 0.0003229 seconds.
  importAddress: GUID: 219c0a220106e41bb9cbcaaa43f28129 - Path: Packages/com.unity.visualscripting/Runtime/VisualScripting.Flow/Framework/Events/GUI/OnButtonClick.cs - Importer: ScriptedImporter/UnityEditor.QuickSearchModule:UnityEditor.Search:ASIAI0B
Importing 'GUID: 219c0a220106e41bb9cbcaaa43f28129 - Path: Packages/com.unity.visualscripting/Runtime/VisualScripting.Flow/Framework/Events/GUI/OnButtonClick.cs - Importer: ScriptedImporter/UnityEditor.QuickSearchModule:UnityEditor.Search:ASIAI0B' with importer (ScriptedImporter : UnityEditor.QuickSearchModule:UnityEditor.Search:ASIAI0B)
Imported 'GUID: 219c0a220106e41bb9cbcaaa43f28129' -> (Import Result ID: '421d4c43d0cc0013877390290dbdfa20') in 0.001 seconds [static and dynamic dependencies]. Details - ImportResultOutputID=3e26e70ed88c6444dc219e9573b1ec82 DependenciesID=7112a200c961df5c270dacf590d6d536 StaticDependenciesID=bb01cb45bd63e97ccce57a10e95c91ca 
Number of updated asset objects reloaded before import = 0
Number of asset objects unloaded after import = 0
========================================================================
Received Import Request.
  Time of request: 2026-09-30T12:28:09.9768881Z
  Time since last request: 0.0004583 seconds.
  importAddress: GUID: 0c820b13261c044f2b847e5f8f454400 - Path: Packages/com.unity.visualscripting/Runtime/VisualScripting.Flow/Framework/Events/Application/OnApplicationLostFocus.cs - Importer: ScriptedImporter/UnityEditor.QuickSearchModule:UnityEditor.Search:ASIAI0B
Importing 'GUID: 0c820b13261c044f2b847e5f8f454400 - Path: Packages/com.unity.visualscripting/Runtime/VisualScripting.Flow/Framework/Events/Application/OnApplicationLostFocus.cs - Importer: ScriptedImporter/UnityEditor.QuickSearchModule:UnityEditor.Search:ASIAI0B' with importer (ScriptedImporter : UnityEditor.QuickSearchModule:UnityEditor.Search:ASIAI0B)
Imported 'GUID: 0c820b13261c044f2b847e5f8f454400' -> (Import Result ID: 'e00070ac6afae25af2c55c264e4dbc3f') in 0.002 seconds [static and dynamic dependencies]. Details - ImportResultOutputID=89121a16382bfa1e55a4cf5079bd7463 DependenciesID=f39542a1a67cb92a097ce02a40129309 StaticDependenciesID=5dbc2b079ddb84a2d292dee4bbb119e9 
Number of updated asset objects reloaded before import = 0
Number of asset objects unloaded after import = 0
========================================================================
Received Import Request.
  Time of request: 2026-09-30T12:28:09.978931Z
  Time since last request: 0.0002661 seconds.
  importAddress: GUID: a42e318847ee04f87b8d94943e076984 - Path: Packages/com.unity.visualscripting/Runtime/VisualScripting.Flow/Framework/Events/GUI/OnInputFieldEndEdit.cs - Importer: ScriptedImporter/UnityEditor.QuickSearchModule:UnityEditor.Search:ASIAI0B
Importing 'GUID: a42e318847ee04f87b8d94943e076984 - Path: Packages/com.unity.visualscripting/Runtime/VisualScripting.Flow/Framework/Events/GUI/OnInputFieldEndEdit.cs - Importer: ScriptedImporter/UnityEditor.QuickSearchModule:UnityEditor.Search:ASIAI0B' with importer (ScriptedImporter : UnityEditor.QuickSearchModule:UnityEditor.Search:ASIAI0B)
Imported 'GUID: a42e318847ee04f87b8d94943e076984' -> (Import Result ID: '9fb1ae1cc4f5bf4f0dd3f17056527327') in 0.003 seconds [static and dynamic dependencies]. Details - ImportResultOutputID=3867eb51c2ffdfe11ea1effea7e6b4c7 DependenciesID=7fbdc6c56203b45a2bd656ead3ebe69d StaticDependenciesID=8eae69bdf93e56bf3e3f94fef673a095 
Number of updated asset objects reloaded before import = 0
Number of asset objects unloaded after import = 0
========================================================================
Received Import Request.
  Time of request: 2026-09-30T12:28:09.9823921Z
  Time since last request: 0.0003391 seconds.
  importAddress: GUID: a81c0890f86e544d8bd52f3fab082ca7 - Path: Packages/com.unity.visualscripting/Runtime/VisualScripting.Flow/Framework/Collections/Dictionaries/MergeDictionaries.cs - Importer: ScriptedImporter/UnityEditor.QuickSearchModule:UnityEditor.Search:ASIAI0B
Importing 'GUID: a81c0890f86e544d8bd52f3fab082ca7 - Path: Packages/com.unity.visualscripting/Runtime/VisualScripting.Flow/Framework/Collections/Dictionaries/MergeDictionaries.cs - Importer: ScriptedImporter/UnityEditor.QuickSearchModule:UnityEditor.Search:ASIAI0B' with importer (ScriptedImporter : UnityEditor.QuickSearchModule:UnityEditor.Search:ASIAI0B)
Imported 'GUID: a81c0890f86e544d8bd52f3fab082ca7' -> (Import Result ID: '906b91a96c21c85a5fcc357a21816e8a') in 0.002 seconds [static and dynamic dependencies]. Details - ImportResultOutputID=fa4b4965bbf6b3e5b580f7c7784814af DependenciesID=917df17fb1a74f075ddb59432f69dfce StaticDependenciesID=d5e2fc3b7f37a2978755a3aa30aeda5e 
Number of updated asset objects reloaded before import = 0
Number of asset objects unloaded after import = 0
========================================================================
Received Import Request.
  Time of request: 2026-09-30T12:28:09.9945065Z
  Time since last request: 0.0098316 seconds.
  importAddress: GUID: f2ff7947be0af4375a2456598bbced2b - Path: Packages/com.unity.visualscripting/Runtime/VisualScripting.Flow/Framework/Events/Lifecycle/OnDestroy.cs - Importer: ScriptedImporter/UnityEditor.QuickSearchModule:UnityEditor.Search:ASIAI0B
Importing 'GUID: f2ff7947be0af4375a2456598bbced2b - Path: Packages/com.unity.visualscripting/Runtime/VisualScripting.Flow/Framework/Events/Lifecycle/OnDestroy.cs - Importer: ScriptedImporter/UnityEditor.QuickSearchModule:UnityEditor.Search:ASIAI0B' with importer (ScriptedImporter : UnityEditor.QuickSearchModule:UnityEditor.Search:ASIAI0B)
Imported 'GUID: f2ff7947be0af4375a2456598bbced2b' -> (Import Result ID: 'e19be4105c266b87d1b3c6b92c28d98f') in 0.003 seconds [static and dynamic dependencies]. Details - ImportResultOutputID=50d165a6841b68f2cdd125963c0dad3d DependenciesID=58ac9e2e28972df9f5632f2fde5dfae8 StaticDependenciesID=186949783ca60fbd4287c9dc3c273cf2 
Number of updated asset objects reloaded before import = 0
Number of asset objects unloaded after import = 0
========================================================================
Received Import Request.
  Time of request: 2026-09-30T12:28:09.9984286Z
  Time since last request: 0.0005403 seconds.
  importAddress: GUID: ddd8f3642494344d7937d9b32f751b2d - Path: Packages/com.unity.visualscripting/Runtime/VisualScripting.Flow/Framework/Events/Physics2D/OnCollisionEnter2D.cs - Importer: ScriptedImporter/UnityEditor.QuickSearchModule:UnityEditor.Search:ASIAI0B
Importing 'GUID: ddd8f3642494344d7937d9b32f751b2d - Path: Packages/com.unity.visualscripting/Runtime/VisualScripting.Flow/Framework/Events/Physics2D/OnCollisionEnter2D.cs - Importer: ScriptedImporter/UnityEditor.QuickSearchModule:UnityEditor.Search:ASIAI0B' with importer (ScriptedImporter : UnityEditor.QuickSearchModule:UnityEditor.Search:ASIAI0B)
Imported 'GUID: ddd8f3642494344d7937d9b32f751b2d' -> (Import Result ID: '76a0d4cd20add51d5ed6c7057f7c8fce') in 0.002 seconds [static and dynamic dependencies]. Details - ImportResultOutputID=60d0824e35256ba2cc643ff6be7a8fe3 DependenciesID=29b657d064afe9f5b3c00a94664f7d66 StaticDependenciesID=56e2beee2da27a5f89d295d43236ede9 
Number of updated asset objects reloaded before import = 0
Number of asset objects unloaded after import = 0
========================================================================
Received Import Request.
  Time of request: 2026-09-30T12:28:10.0010506Z
  Time since last request: 0.0003825 seconds.
  importAddress: GUID: 764f44ab19fb34155a39932c5b8f64ff - Path: Packages/com.unity.visualscripting/Runtime/VisualScripting.Flow/Framework/Events/Physics/OnCollisionStay.cs - Importer: ScriptedImporter/UnityEditor.QuickSearchModule:UnityEditor.Search:ASIAI0B
Importing 'GUID: 764f44ab19fb34155a39932c5b8f64ff - Path: Packages/com.unity.visualscripting/Runtime/VisualScripting.Flow/Framework/Events/Physics/OnCollisionStay.cs - Importer: ScriptedImporter/UnityEditor.QuickSearchModule:UnityEditor.Search:ASIAI0B' with importer (ScriptedImporter : UnityEditor.QuickSearchModule:UnityEditor.Search:ASIAI0B)
Imported 'GUID: 764f44ab19fb34155a39932c5b8f64ff' -> (Import Result ID: '78e9e588667aaa20e533e389f02e45e8') in 0.002 seconds [static and dynamic dependencies]. Details - ImportResultOutputID=deb5ebaf55ab11e637076ce1fcc0ccf5 DependenciesID=e1586f18d5433e173e1eb560ddd9f384 StaticDependenciesID=048d9a03c7d7f923a7ad2d950c19ed82 
Number of updated asset objects reloaded before import = 0
Number of asset objects unloaded after import = 0
========================================================================
Received Import Request.
  Time of request: 2026-09-30T12:28:10.003614Z
  Time since last request: 0.0006252 seconds.
  importAddress: GUID: 53b84e2c33f614e819d1917fbf0c6230 - Path: Packages/com.unity.visualscripting/Runtime/VisualScripting.Flow/Framework/Events/GUI/OnSubmit.cs - Importer: ScriptedImporter/UnityEditor.QuickSearchModule:UnityEditor.Search:ASIAI0B
Importing 'GUID: 53b84e2c33f614e819d1917fbf0c6230 - Path: Packages/com.unity.visualscripting/Runtime/VisualScripting.Flow/Framework/Events/GUI/OnSubmit.cs - Importer: ScriptedImporter/UnityEditor.QuickSearchModule:UnityEditor.Search:ASIAI0B' with importer (ScriptedImporter : UnityEditor.QuickSearchModule:UnityEditor.Search:ASIAI0B)
Imported 'GUID: 53b84e2c33f614e819d1917fbf0c6230' -> (Import Result ID: 'b2aea95fb43b2afa0cce8e1f036507d2') in 0.003 seconds [static and dynamic dependencies]. Details - ImportResultOutputID=80d7ac6a452178bb1de6ef0a105fb625 DependenciesID=2d94f8fb9f595eb9eb60517d9b100ee2 StaticDependenciesID=de4881c9d5a02753cf0459cbae7a66c8 
Number of updated asset objects reloaded before import = 0
Number of asset objects unloaded after import = 0
========================================================================
Received Import Request.
  Time of request: 2026-09-30T12:28:10.0071238Z
  Time since last request: 0.0003399 seconds.
  importAddress: GUID: e0c6067d02e96482bb3220423798537c - Path: Packages/com.unity.visualscripting/Runtime/VisualScripting.Flow/Framework/Math/Generic/GenericModulo.cs - Importer: ScriptedImporter/UnityEditor.QuickSearchModule:UnityEditor.Search:ASIAI0B
Importing 'GUID: e0c6067d02e96482bb3220423798537c - Path: Packages/com.unity.visualscripting/Runtime/VisualScripting.Flow/Framework/Math/Generic/GenericModulo.cs - Importer: ScriptedImporter/UnityEditor.QuickSearchModule:UnityEditor.Search:ASIAI0B' with importer (ScriptedImporter : UnityEditor.QuickSearchModule:UnityEditor.Search:ASIAI0B)
Imported 'GUID: e0c6067d02e96482bb3220423798537c' -> (Import Result ID: '6344952411eaedbe685fa1dbbbcec589') in 0.003 seconds [static and dynamic dependencies]. Details - ImportResultOutputID=2758cbd3d9474a128f8418d588bcbbfc DependenciesID=635edc3a8c7cce0fa4558a683ba952f1 StaticDependenciesID=2699e5e319602455cd98e91765ed8668 
Number of updated asset objects reloaded before import = 0
Number of asset objects unloaded after import = 0
========================================================================
Received Import Request.
  Time of request: 2026-09-30T12:28:10.0111104Z
  Time since last request: 0.0012785 seconds.
  importAddress: GUID: aed12e673e821481c815bd99dc5e3ee6 - Path: Packages/com.unity.visualscripting/Runtime/VisualScripting.Flow/Framework/Events/Lifecycle/LateUpdate.cs - Importer: ScriptedImporter/UnityEditor.QuickSearchModule:UnityEditor.Search:ASIAI0B
Importing 'GUID: aed12e673e821481c815bd99dc5e3ee6 - Path: Packages/com.unity.visualscripting/Runtime/VisualScripting.Flow/Framework/Events/Lifecycle/LateUpdate.cs - Importer: ScriptedImporter/UnityEditor.QuickSearchModule:UnityEditor.Search:ASIAI0B' with importer (ScriptedImporter : UnityEditor.QuickSearchModule:UnityEditor.Search:ASIAI0B)
Imported 'GUID: aed12e673e821481c815bd99dc5e3ee6' -> (Import Result ID: 'ed7cba42bc1b828406a0025e16255587') in 0.002 seconds [static and dynamic dependencies]. Details - ImportResultOutputID=63c374c88f9847f3f606d2e7cd38955e DependenciesID=17a51cceda418d1c3cbaab9f359f5c91 StaticDependenciesID=61d95d2f611a5f598620df85996e8612 
Number of updated asset objects reloaded before import = 0
Number of asset objects unloaded after import = 0
========================================================================
Received Import Request.
  Time of request: 2026-09-30T12:28:10.0146471Z
  Time since last request: 0.0010268 seconds.
  importAddress: GUID: 5dfc14c2e992e43ab996bc6415e0c134 - Path: Packages/com.unity.visualscripting/Runtime/VisualScripting.Flow/Framework/Math/Scalar/DeprecatedScalarAdd.cs - Importer: ScriptedImporter/UnityEditor.QuickSearchModule:UnityEditor.Search:ASIAI0B
Importing 'GUID: 5dfc14c2e992e43ab996bc6415e0c134 - Path: Packages/com.unity.visualscripting/Runtime/VisualScripting.Flow/Framework/Math/Scalar/DeprecatedScalarAdd.cs - Importer: ScriptedImporter/UnityEditor.QuickSearchModule:UnityEditor.Search:ASIAI0B' with importer (ScriptedImporter : UnityEditor.QuickSearchModule:UnityEditor.Search:ASIAI0B)
Imported 'GUID: 5dfc14c2e992e43ab996bc6415e0c134' -> (Import Result ID: '3cf5b93555beec1c53e986b1c692f3c2') in 0.003 seconds [static and dynamic dependencies]. Details - ImportResultOutputID=b4864e8ba47f11afce29a4d487d4f9e9 DependenciesID=0164ccc801a67ada4aabe9dd414d3453 StaticDependenciesID=e582eaf6e00b22072ca0ac0e878c5ad5 
Number of updated asset objects reloaded before import = 0
Number of asset objects unloaded after import = 0
========================================================================
Received Import Request.
  Time of request: 2026-09-30T12:28:10.0185747Z
  Time since last request: 0.0006485 seconds.
  importAddress: GUID: d68c0c38421ef4911ad6c52c05bf17c7 - Path: Packages/com.unity.visualscripting/Runtime/VisualScripting.Flow/Framework/Math/Scalar/ScalarAverage.cs - Importer: ScriptedImporter/UnityEditor.QuickSearchModule:UnityEditor.Search:ASIAI0B
Importing 'GUID: d68c0c38421ef4911ad6c52c05bf17c7 - Path: Packages/com.unity.visualscripting/Runtime/VisualScripting.Flow/Framework/Math/Scalar/ScalarAverage.cs - Importer: ScriptedImporter/UnityEditor.QuickSearchModule:UnityEditor.Search:ASIAI0B' with importer (ScriptedImporter : UnityEditor.QuickSearchModule:UnityEditor.Search:ASIAI0B)
Imported 'GUID: d68c0c38421ef4911ad6c52c05bf17c7' -> (Import Result ID: '086989d5542fee2284da9cec640990a7') in 0.005 seconds [static and dynamic dependencies]. Details - ImportResultOutputID=c616d3557ac9a0cf11a59c5c65610f22 DependenciesID=81f8c3edc2db1cec61583b4c0aa5d6e5 StaticDependenciesID=4c7ad508f8d86b0a5800a63984182c4d 
Number of updated asset objects reloaded before import = 0
Number of asset objects unloaded after import = 0
========================================================================
Received Import Request.
  Time of request: 2026-09-30T12:28:10.0242354Z
  Time since last request: 0.000559 seconds.
  importAddress: GUID: 8f4ccd0eb5d9c446e82f3dee47a53b4b - Path: Packages/com.unity.visualscripting/Runtime/VisualScripting.Flow/Framework/Events/Physics/OnControllerColliderHit.cs - Importer: ScriptedImporter/UnityEditor.QuickSearchModule:UnityEditor.Search:ASIAI0B
Importing 'GUID: 8f4ccd0eb5d9c446e82f3dee47a53b4b - Path: Packages/com.unity.visualscripting/Runtime/VisualScripting.Flow/Framework/Events/Physics/OnControllerColliderHit.cs - Importer: ScriptedImporter/UnityEditor.QuickSearchModule:UnityEditor.Search:ASIAI0B' with importer (ScriptedImporter : UnityEditor.QuickSearchModule:UnityEditor.Search:ASIAI0B)
Imported 'GUID: 8f4ccd0eb5d9c446e82f3dee47a53b4b' -> (Import Result ID: '43134bd858094585d408872d1875045d') in 0.003 seconds [static and dynamic dependencies]. Details - ImportResultOutputID=a2924b0d885cbce8881287aac6e6ac7d DependenciesID=dbee6754c194e328d3fe2b720b717765 StaticDependenciesID=1de4ef61f0536e6e8ea0f9bb4eac31ea 
Number of updated asset objects reloaded before import = 0
Number of asset objects unloaded after import = 0
========================================================================
Received Import Request.
  Time of request: 2026-09-30T12:28:10.028753Z
  Time since last request: 0.0009757 seconds.
  importAddress: GUID: 3d5e230c21f924802bd348a531a85633 - Path: Packages/com.unity.visualscripting/Runtime/VisualScripting.Flow/Framework/Math/Scalar/ScalarLerp.cs - Importer: ScriptedImporter/UnityEditor.QuickSearchModule:UnityEditor.Search:ASIAI0B
Importing 'GUID: 3d5e230c21f924802bd348a531a85633 - Path: Packages/com.unity.visualscripting/Runtime/VisualScripting.Flow/Framework/Math/Scalar/ScalarLerp.cs - Importer: ScriptedImporter/UnityEditor.QuickSearchModule:UnityEditor.Search:ASIAI0B' with importer (ScriptedImporter : UnityEditor.QuickSearchModule:UnityEditor.Search:ASIAI0B)
Imported 'GUID: 3d5e230c21f924802bd348a531a85633' -> (Import Result ID: '35802464d8712f6f55c6cd2f9b5e09e8') in 0.003 seconds [static and dynamic dependencies]. Details - ImportResultOutputID=65bd327c778bfaec32ee8216508d8438 DependenciesID=bc4927a92b15c38243832c8c2919b0e4 StaticDependenciesID=1d7928d5213c2db58bc88cd9709d3c71 
Number of updated asset objects reloaded before import = 0
Number of asset objects unloaded after import = 0
========================================================================
Received Import Request.
  Time of request: 2026-09-30T12:28:10.032753Z
  Time since last request: 0.0003791 seconds.
  importAddress: GUID: 05a36e5b2bd1a4404b8e77121e58d7fd - Path: Packages/com.unity.visualscripting/Runtime/VisualScripting.Flow/Framework/Events/Input/OnButtonInput.cs - Importer: ScriptedImporter/UnityEditor.QuickSearchModule:UnityEditor.Search:ASIAI0B
Importing 'GUID: 05a36e5b2bd1a4404b8e77121e58d7fd - Path: Packages/com.unity.visualscripting/Runtime/VisualScripting.Flow/Framework/Events/Input/OnButtonInput.cs - Importer: ScriptedImporter/UnityEditor.QuickSearchModule:UnityEditor.Search:ASIAI0B' with importer (ScriptedImporter : UnityEditor.QuickSearchModule:UnityEditor.Search:ASIAI0B)
Imported 'GUID: 05a36e5b2bd1a4404b8e77121e58d7fd' -> (Import Result ID: '1072c46111cbe551f3fb6c67fc5f39c6') in 0.003 seconds [static and dynamic dependencies]. Details - ImportResultOutputID=2f9a5662f583861772403ce98b87494c DependenciesID=4aa14abdad2e8611282b09b2ec555f82 StaticDependenciesID=7fbe330d140b4ae07d23d57c21dc84a8 
Number of updated asset objects reloaded before import = 0
Number of asset objects unloaded after import = 0
========================================================================
Received Import Request.
  Time of request: 2026-09-30T12:28:10.0368629Z
  Time since last request: 0.0006679 seconds.
  importAddress: GUID: 8b03b4b42811a4d7e9bc0818ec219441 - Path: Packages/com.unity.visualscripting/Runtime/VisualScripting.Flow/Framework/Math/Generic/GenericDivide.cs - Importer: ScriptedImporter/UnityEditor.QuickSearchModule:UnityEditor.Search:ASIAI0B
Importing 'GUID: 8b03b4b42811a4d7e9bc0818ec219441 - Path: Packages/com.unity.visualscripting/Runtime/VisualScripting.Flow/Framework/Math/Generic/GenericDivide.cs - Importer: ScriptedImporter/UnityEditor.QuickSearchModule:UnityEditor.Search:ASIAI0B' with importer (ScriptedImporter : UnityEditor.QuickSearchModule:UnityEditor.Search:ASIAI0B)
Imported 'GUID: 8b03b4b42811a4d7e9bc0818ec219441' -> (Import Result ID: '50e3e8b25f4a6499e9bcaa5810740164') in 0.003 seconds [static and dynamic dependencies]. Details - ImportResultOutputID=7b7a8e1c7e325432caa9c28c4175abd5 DependenciesID=8e5eb640b09337ed8778bedfad34c00c StaticDependenciesID=c5bdf70c2f7ec86b0a433a47d4dc480e 
Number of updated asset objects reloaded before import = 0
Number of asset objects unloaded after import = 0
========================================================================
Received Import Request.
  Time of request: 2026-09-30T12:28:10.0406031Z
  Time since last request: 0.0005611 seconds.
  importAddress: GUID: 0bd3f95e953dd4fdcb2cc87d32acfd80 - Path: Packages/com.unity.visualscripting/Runtime/VisualScripting.Flow/Framework/Events/GUI/OnToggleValueChanged.cs - Importer: ScriptedImporter/UnityEditor.QuickSearchModule:UnityEditor.Search:ASIAI0B
Importing 'GUID: 0bd3f95e953dd4fdcb2cc87d32acfd80 - Path: Packages/com.unity.visualscripting/Runtime/VisualScripting.Flow/Framework/Events/GUI/OnToggleValueChanged.cs - Importer: ScriptedImporter/UnityEditor.QuickSearchModule:UnityEditor.Search:ASIAI0B' with importer (ScriptedImporter : UnityEditor.QuickSearchModule:UnityEditor.Search:ASIAI0B)
Imported 'GUID: 0bd3f95e953dd4fdcb2cc87d32acfd80' -> (Import Result ID: 'b34cbce728bb8ce1323c1442198f54e1') in 0.002 seconds [static and dynamic dependencies]. Details - ImportResultOutputID=235ad87935dd7ffd9f9003cea5abea1e DependenciesID=b6c07b1b0d38f353a03b0c662c403889 StaticDependenciesID=69ed73374f4ba347160a32d21c010426 
Number of updated asset objects reloaded before import = 0
Number of asset objects unloaded after import = 0
========================================================================
Received Import Request.
  Time of request: 2026-09-30T12:28:10.0428899Z
  Time since last request: 0.0004922 seconds.
  importAddress: GUID: 24e26898f2c324c9d8cb20900b1e03f8 - Path: Packages/com.unity.visualscripting/Runtime/VisualScripting.Flow/Framework/Events/Input/OnMouseUpAsButton.cs - Importer: ScriptedImporter/UnityEditor.QuickSearchModule:UnityEditor.Search:ASIAI0B
Importing 'GUID: 24e26898f2c324c9d8cb20900b1e03f8 - Path: Packages/com.unity.visualscripting/Runtime/VisualScripting.Flow/Framework/Events/Input/OnMouseUpAsButton.cs - Importer: ScriptedImporter/UnityEditor.QuickSearchModule:UnityEditor.Search:ASIAI0B' with importer (ScriptedImporter : UnityEditor.QuickSearchModule:UnityEditor.Search:ASIAI0B)
Imported 'GUID: 24e26898f2c324c9d8cb20900b1e03f8' -> (Import Result ID: '0b60c4ef9f548d82c02f13c030629ade') in 0.002 seconds [static and dynamic dependencies]. Details - ImportResultOutputID=8e143da46955c9f00cd6aa25837b7a09 DependenciesID=79895ef683f5646ef2144b537d1bb0d6 StaticDependenciesID=f27c760c90ea609f7487c955c6feee3f 
Number of updated asset objects reloaded before import = 0
Number of asset objects unloaded after import = 0
========================================================================
Received Import Request.
  Time of request: 2026-09-30T12:28:10.045786Z
  Time since last request: 0.0006608 seconds.
  importAddress: GUID: a80f27bdd6a9d4843a253f1362e3c883 - Path: Packages/com.unity.visualscripting/Runtime/VisualScripting.Flow/Framework/Events/Physics2D/CollisionEvent2DUnit.cs - Importer: ScriptedImporter/UnityEditor.QuickSearchModule:UnityEditor.Search:ASIAI0B
Importing 'GUID: a80f27bdd6a9d4843a253f1362e3c883 - Path: Packages/com.unity.visualscripting/Runtime/VisualScripting.Flow/Framework/Events/Physics2D/CollisionEvent2DUnit.cs - Importer: ScriptedImporter/UnityEditor.QuickSearchModule:UnityEditor.Search:ASIAI0B' with importer (ScriptedImporter : UnityEditor.QuickSearchModule:UnityEditor.Search:ASIAI0B)
Imported 'GUID: a80f27bdd6a9d4843a253f1362e3c883' -> (Import Result ID: 'eea4ee9ef647dcbe04c76b80aadafac9') in 0.002 seconds [static and dynamic dependencies]. Details - ImportResultOutputID=e6dbfc674196ecc56623fc7ebdf002f4 DependenciesID=bd8c227d4522aa186c386f4c858842dd StaticDependenciesID=dcc37bd02a882038639f55b81e64a892 
Number of updated asset objects reloaded before import = 0
Number of asset objects unloaded after import = 0
========================================================================
Received Import Request.
  Time of request: 2026-09-30T12:28:10.0483859Z
  Time since last request: 0.0005444 seconds.
  importAddress: GUID: 094b4f8978345452997167b2f818dc47 - Path: Packages/com.unity.visualscripting/Runtime/VisualScripting.Flow/Framework/Math/Generic/GenericSubtract.cs - Importer: ScriptedImporter/UnityEditor.QuickSearchModule:UnityEditor.Search:ASIAI0B
Importing 'GUID: 094b4f8978345452997167b2f818dc47 - Path: Packages/com.unity.visualscripting/Runtime/VisualScripting.Flow/Framework/Math/Generic/GenericSubtract.cs - Importer: ScriptedImporter/UnityEditor.QuickSearchModule:UnityEditor.Search:ASIAI0B' with importer (ScriptedImporter : UnityEditor.QuickSearchModule:UnityEditor.Search:ASIAI0B)
Imported 'GUID: 094b4f8978345452997167b2f818dc47' -> (Import Result ID: 'fe97bf66f0d14e3a1ca3fc0f5b5a3051') in 0.002 seconds [static and dynamic dependencies]. Details - ImportResultOutputID=28d405499da4c203bbcbb2be70613c23 DependenciesID=0588fbb425b07aad4f94fbfa9feb6bf1 StaticDependenciesID=cb8d3c7b8659fccd735f6c58cee35a88 
Number of updated asset objects reloaded before import = 0
Number of asset objects unloaded after import = 0
========================================================================
Received Import Request.
  Time of request: 2026-09-30T12:28:10.0512754Z
  Time since last request: 0.0004639 seconds.
  importAddress: GUID: b1c4184a7c61a4f5b8c65858d176cd65 - Path: Packages/com.unity.visualscripting/Runtime/VisualScripting.Flow/Framework/Events/Physics/CollisionEventUnit.cs - Importer: ScriptedImporter/UnityEditor.QuickSearchModule:UnityEditor.Search:ASIAI0B
Importing 'GUID: b1c4184a7c61a4f5b8c65858d176cd65 - Path: Packages/com.unity.visualscripting/Runtime/VisualScripting.Flow/Framework/Events/Physics/CollisionEventUnit.cs - Importer: ScriptedImporter/UnityEditor.QuickSearchModule:UnityEditor.Search:ASIAI0B' with importer (ScriptedImporter : UnityEditor.QuickSearchModule:UnityEditor.Search:ASIAI0B)
Imported 'GUID: b1c4184a7c61a4f5b8c65858d176cd65' -> (Import Result ID: 'f0c6a9c30dbde60738895be00c3b5f7c') in 0.002 seconds [static and dynamic dependencies]. Details - ImportResultOutputID=e9a507307c11697211f435af54c521a0 DependenciesID=2f99642042c1289f28972e6a74f12cb8 StaticDependenciesID=05aadf020ce51cc6d364b9fe41dafa15 
Number of updated asset objects reloaded before import = 0
Number of asset objects unloaded after import = 0
========================================================================
Received Import Request.
  Time of request: 2026-09-30T12:28:10.0542645Z
  Time since last request: 0.0005889 seconds.
  importAddress: GUID: be7e95fccd0884b4b9ff35fa43f12cd5 - Path: Packages/com.unity.visualscripting/Runtime/VisualScripting.Flow/Framework/Events/Hierarchy/OnTransformParentChanged.cs - Importer: ScriptedImporter/UnityEditor.QuickSearchModule:UnityEditor.Search:ASIAI0B
Importing 'GUID: be7e95fccd0884b4b9ff35fa43f12cd5 - Path: Packages/com.unity.visualscripting/Runtime/VisualScripting.Flow/Framework/Events/Hierarchy/OnTransformParentChanged.cs - Importer: ScriptedImporter/UnityEditor.QuickSearchModule:UnityEditor.Search:ASIAI0B' with importer (ScriptedImporter : UnityEditor.QuickSearchModule:UnityEditor.Search:ASIAI0B)
Imported 'GUID: be7e95fccd0884b4b9ff35fa43f12cd5' -> (Import Result ID: '226c25ea6b1a9472309f6e17f63ef7d5') in 0.003 seconds [static and dynamic dependencies]. Details - ImportResultOutputID=8b07e2ca13dedfe64896802582a4d405 DependenciesID=0cecf3d93a1e14e1f2c057b78a163c78 StaticDependenciesID=49927b9b1900882c2d1a181680b9f07a 
Number of updated asset objects reloaded before import = 0
Number of asset objects unloaded after import = 0
========================================================================
Received Import Request.
  Time of request: 2026-09-30T12:28:10.0573869Z
  Time since last request: 0.0003941 seconds.
  importAddress: GUID: 383636a6e24034076b7445729e8f5c39 - Path: Packages/com.unity.visualscripting/Runtime/VisualScripting.Flow/Framework/Events/Time/OnTimerElapsed.cs - Importer: ScriptedImporter/UnityEditor.QuickSearchModule:UnityEditor.Search:ASIAI0B
Importing 'GUID: 383636a6e24034076b7445729e8f5c39 - Path: Packages/com.unity.visualscripting/Runtime/VisualScripting.Flow/Framework/Events/Time/OnTimerElapsed.cs - Importer: ScriptedImporter/UnityEditor.QuickSearchModule:UnityEditor.Search:ASIAI0B' with importer (ScriptedImporter : UnityEditor.QuickSearchModule:UnityEditor.Search:ASIAI0B)
Imported 'GUID: 383636a6e24034076b7445729e8f5c39' -> (Import Result ID: '0be6749b893a6cde27ddb95631559319') in 0.002 seconds [static and dynamic dependencies]. Details - ImportResultOutputID=2c35592dffab6a2733172850c7e988e4 DependenciesID=eb47bc3f3818b23d915bffad61abb295 StaticDependenciesID=d8bef58df7ea527c9edb62ebcea749d2 
Number of updated asset objects reloaded before import = 0
Number of asset objects unloaded after import = 0
========================================================================
Received Import Request.
  Time of request: 2026-09-30T12:28:10.0602628Z
  Time since last request: 0.0003437 seconds.
  importAddress: GUID: 5a0592c3f078e43169bc3e0f4327b238 - Path: Packages/com.unity.visualscripting/Runtime/VisualScripting.Flow/Framework/Events/Physics2D/OnCollisionExit2D.cs - Importer: ScriptedImporter/UnityEditor.QuickSearchModule:UnityEditor.Search:ASIAI0B
Importing 'GUID: 5a0592c3f078e43169bc3e0f4327b238 - Path: Packages/com.unity.visualscripting/Runtime/VisualScripting.Flow/Framework/Events/Physics2D/OnCollisionExit2D.cs - Importer: ScriptedImporter/UnityEditor.QuickSearchModule:UnityEditor.Search:ASIAI0B' with importer (ScriptedImporter : UnityEditor.QuickSearchModule:UnityEditor.Search:ASIAI0B)
Imported 'GUID: 5a0592c3f078e43169bc3e0f4327b238' -> (Import Result ID: '0cdf2f0ba32daf38749b1a32a34bc5d5') in 0.002 seconds [static and dynamic dependencies]. Details - ImportResultOutputID=da74a790d2e760552d5f2e371adadb49 DependenciesID=901acf2c144ee743084f6d89e56bd057 StaticDependenciesID=3951192215738339c96878ba454b409c 
Number of updated asset objects reloaded before import = 0
Number of asset objects unloaded after import = 0
========================================================================
Received Import Request.
  Time of request: 2026-09-30T12:28:10.067989Z
  Time since last request: 0.0054921 seconds.
  importAddress: GUID: 09aa72850f12b4933886240b826b65a2 - Path: Packages/com.unity.visualscripting/Runtime/VisualScripting.Flow/Framework/Math/Scalar/ScalarSum.cs - Importer: ScriptedImporter/UnityEditor.QuickSearchModule:UnityEditor.Search:ASIAI0B
Importing 'GUID: 09aa72850f12b4933886240b826b65a2 - Path: Packages/com.unity.visualscripting/Runtime/VisualScripting.Flow/Framework/Math/Scalar/ScalarSum.cs - Importer: ScriptedImporter/UnityEditor.QuickSearchModule:UnityEditor.Search:ASIAI0B' with importer (ScriptedImporter : UnityEditor.QuickSearchModule:UnityEditor.Search:ASIAI0B)
Imported 'GUID: 09aa72850f12b4933886240b826b65a2' -> (Import Result ID: '5cee4eb8ad139de1b8fa9b579f866ae4') in 0.006 seconds [static and dynamic dependencies]. Details - ImportResultOutputID=e76a1554977bd0ad25a9238218dd43ad DependenciesID=0c4b913ad4f788c109d5a8fbe538bce5 StaticDependenciesID=3fb4a0fec87cde343c37b27b950ea946 
Number of updated asset objects reloaded before import = 0
Number of asset objects unloaded after import = 0
========================================================================
Received Import Request.
  Time of request: 2026-09-30T12:28:10.0754572Z
  Time since last request: 0.0009938 seconds.
  importAddress: GUID: 2773b1278094c421baea92a3238c8231 - Path: Packages/com.unity.visualscripting/Runtime/VisualScripting.Flow/Framework/Math/Vector2/Vector2Maximum.cs - Importer: ScriptedImporter/UnityEditor.QuickSearchModule:UnityEditor.Search:ASIAI0B
Importing 'GUID: 2773b1278094c421baea92a3238c8231 - Path: Packages/com.unity.visualscripting/Runtime/VisualScripting.Flow/Framework/Math/Vector2/Vector2Maximum.cs - Importer: ScriptedImporter/UnityEditor.QuickSearchModule:UnityEditor.Search:ASIAI0B' with importer (ScriptedImporter : UnityEditor.QuickSearchModule:UnityEditor.Search:ASIAI0B)
Imported 'GUID: 2773b1278094c421baea92a3238c8231' -> (Import Result ID: 'c8a487f09f3d5071cc69cde55213fe40') in 0.004 seconds [static and dynamic dependencies]. Details - ImportResultOutputID=ae01b987fde7a86af455f1f60a1388b3 DependenciesID=d1ab1a774b73b82bdf068e50e903f2c7 StaticDependenciesID=7d47399859c8501e3ce0126e84df9b1b 
Number of updated asset objects reloaded before import = 0
Number of asset objects unloaded after import = 0
========================================================================
Received Import Request.
  Time of request: 2026-09-30T12:28:10.0806008Z
  Time since last request: 0.0011292 seconds.
  importAddress: GUID: e60cebb24d0ad4159a42397d8682886b - Path: Packages/com.unity.visualscripting/Runtime/VisualScripting.Flow/Framework/Math/Vector3/DeprecatedVector3Add.cs - Importer: ScriptedImporter/UnityEditor.QuickSearchModule:UnityEditor.Search:ASIAI0B
Importing 'GUID: e60cebb24d0ad4159a42397d8682886b - Path: Packages/com.unity.visualscripting/Runtime/VisualScripting.Flow/Framework/Math/Vector3/DeprecatedVector3Add.cs - Importer: ScriptedImporter/UnityEditor.QuickSearchModule:UnityEditor.Search:ASIAI0B' with importer (ScriptedImporter : UnityEditor.QuickSearchModule:UnityEditor.Search:ASIAI0B)
Imported 'GUID: e60cebb24d0ad4159a42397d8682886b' -> (Import Result ID: '851fdccc41415ecca4fb98bed44b5204') in 0.003 seconds [static and dynamic dependencies]. Details - ImportResultOutputID=efa22e6936fad2caf19e0dbfefa2d69d DependenciesID=ae1f94941ac0611a63f2bd65e4a5e3bf StaticDependenciesID=25bd5d994b33ec2995fb766102b726ef 
Number of updated asset objects reloaded before import = 0
Number of asset objects unloaded after import = 0
========================================================================
Received Import Request.
  Time of request: 2026-09-30T12:28:10.084574Z
  Time since last request: 0.0005625 seconds.
  importAddress: GUID: 0125b60bd8dc34ae0ab7f775d53256c9 - Path: Packages/com.unity.visualscripting/Runtime/VisualScripting.Flow/Framework/Math/Vector3/Vector3DotProduct.cs - Importer: ScriptedImporter/UnityEditor.QuickSearchModule:UnityEditor.Search:ASIAI0B
Importing 'GUID: 0125b60bd8dc34ae0ab7f775d53256c9 - Path: Packages/com.unity.visualscripting/Runtime/VisualScripting.Flow/Framework/Math/Vector3/Vector3DotProduct.cs - Importer: ScriptedImporter/UnityEditor.QuickSearchModule:UnityEditor.Search:ASIAI0B' with importer (ScriptedImporter : UnityEditor.QuickSearchModule:UnityEditor.Search:ASIAI0B)
Imported 'GUID: 0125b60bd8dc34ae0ab7f775d53256c9' -> (Import Result ID: '73f303923dc7b229f7beefa5f4f581e6') in 0.005 seconds [static and dynamic dependencies]. Details - ImportResultOutputID=3a0383921145c1c4d8c83cdc4bef7f2d DependenciesID=c64b4a3003580713817b6047bc0cf31c StaticDependenciesID=db36c0aedac83f85b3eb73dc4ee60906 
Number of updated asset objects reloaded before import = 0
Number of asset objects unloaded after import = 0
========================================================================
Received Import Request.
  Time of request: 2026-09-30T12:28:10.090126Z
  Time since last request: 0.0003962 seconds.
  importAddress: GUID: 14d6a772e73d84506914b09768082066 - Path: Packages/com.unity.visualscripting/Runtime/VisualScripting.Flow/Framework/Math/Vector3/Vector3Sum.cs - Importer: ScriptedImporter/UnityEditor.QuickSearchModule:UnityEditor.Search:ASIAI0B
Importing 'GUID: 14d6a772e73d84506914b09768082066 - Path: Packages/com.unity.visualscripting/Runtime/VisualScripting.Flow/Framework/Math/Vector3/Vector3Sum.cs - Importer: ScriptedImporter/UnityEditor.QuickSearchModule:UnityEditor.Search:ASIAI0B' with importer (ScriptedImporter : UnityEditor.QuickSearchModule:UnityEditor.Search:ASIAI0B)
Imported 'GUID: 14d6a772e73d84506914b09768082066' -> (Import Result ID: 'd5be42ecff7e96a17cc9a4b85d3a3571') in 0.004 seconds [static and dynamic dependencies]. Details - ImportResultOutputID=5245a8564e50d146d20db4085a04f203 DependenciesID=2565caceb49752ece8f9fb4495f1bd89 StaticDependenciesID=8e117c2016058162e8119038440d100f 
Number of updated asset objects reloaded before import = 0
Number of asset objects unloaded after import = 0
========================================================================
Received Import Request.
  Time of request: 2026-09-30T12:28:10.0944572Z
  Time since last request: 0.0004501 seconds.
  importAddress: GUID: 0389410f80e484d5c91978c69536d70e - Path: Packages/com.unity.visualscripting/Runtime/VisualScripting.Flow/Framework/Math/Scalar/ScalarNormalize.cs - Importer: ScriptedImporter/UnityEditor.QuickSearchModule:UnityEditor.Search:ASIAI0B
Importing 'GUID: 0389410f80e484d5c91978c69536d70e - Path: Packages/com.unity.visualscripting/Runtime/VisualScripting.Flow/Framework/Math/Scalar/ScalarNormalize.cs - Importer: ScriptedImporter/UnityEditor.QuickSearchModule:UnityEditor.Search:ASIAI0B' with importer (ScriptedImporter : UnityEditor.QuickSearchModule:UnityEditor.Search:ASIAI0B)
Imported 'GUID: 0389410f80e484d5c91978c69536d70e' -> (Import Result ID: 'e6a79ae038b51c8fb5bafb3bf76b3302') in 0.005 seconds [static and dynamic dependencies]. Details - ImportResultOutputID=2c6b585e2b52bb68def63dae48d0bc5d DependenciesID=29baa7755d22728f0054ee1d4ab78b4f StaticDependenciesID=5c32c479ab029a63853e763f696e0f4b 
Number of updated asset objects reloaded before import = 0
Number of asset objects unloaded after import = 0
========================================================================
Received Import Request.
  Time of request: 2026-09-30T12:28:10.0996974Z
  Time since last request: 0.0003743 seconds.
  importAddress: GUID: 552168985037f4d698a2bb5a726be36d - Path: Packages/com.unity.visualscripting/Runtime/VisualScripting.Flow/Framework/Math/Vector3/Vector3Project.cs - Importer: ScriptedImporter/UnityEditor.QuickSearchModule:UnityEditor.Search:ASIAI0B
Importing 'GUID: 552168985037f4d698a2bb5a726be36d - Path: Packages/com.unity.visualscripting/Runtime/VisualScripting.Flow/Framework/Math/Vector3/Vector3Project.cs - Importer: ScriptedImporter/UnityEditor.QuickSearchModule:UnityEditor.Search:ASIAI0B' with importer (ScriptedImporter : UnityEditor.QuickSearchModule:UnityEditor.Search:ASIAI0B)
Imported 'GUID: 552168985037f4d698a2bb5a726be36d' -> (Import Result ID: '9cb1e66340d331da4c48f358a8eca78c') in 0.006 seconds [static and dynamic dependencies]. Details - ImportResultOutputID=c8a05ad0e41296ce836b93a268d0f6dc DependenciesID=22cb1168c799609634d8b2f626f2ee0a StaticDependenciesID=9b0f573b55419660a7d418752b6e7ee1 
Number of updated asset objects reloaded before import = 0
Number of asset objects unloaded after import = 0
========================================================================
Received Import Request.
  Time of request: 2026-09-30T12:28:10.106972Z
  Time since last request: 0.0007745 seconds.
  importAddress: GUID: 3ca4d2c91d4b1441ab77f87de783a75d - Path: Packages/com.unity.visualscripting/Runtime/VisualScripting.Flow/Framework/Math/Vector4/Vector4Lerp.cs - Importer: ScriptedImporter/UnityEditor.QuickSearchModule:UnityEditor.Search:ASIAI0B
Importing 'GUID: 3ca4d2c91d4b1441ab77f87de783a75d - Path: Packages/com.unity.visualscripting/Runtime/VisualScripting.Flow/Framework/Math/Vector4/Vector4Lerp.cs - Importer: ScriptedImporter/UnityEditor.QuickSearchModule:UnityEditor.Search:ASIAI0B' with importer (ScriptedImporter : UnityEditor.QuickSearchModule:UnityEditor.Search:ASIAI0B)
Imported 'GUID: 3ca4d2c91d4b1441ab77f87de783a75d' -> (Import Result ID: '2bb9efb8a6c13fbd24b076a4c500825c') in 0.001 seconds [static and dynamic dependencies]. Details - ImportResultOutputID=b2529bba91ffb387d4c59b7ab6999803 DependenciesID=595f2d653036c5e0ed4e5dfad3a0f826 StaticDependenciesID=4366c305e5b9e97fd319057604452b71 
Number of updated asset objects reloaded before import = 0
Number of asset objects unloaded after import = 0
========================================================================
Received Import Request.
  Time of request: 2026-09-30T12:28:10.1088852Z
  Time since last request: 0.0002875 seconds.
  importAddress: GUID: 729fa78c1ef01493fbcfc8a3236e609a - Path: Packages/com.unity.visualscripting/Runtime/VisualScripting.Flow/Framework/Math/Vector4/Vector4MoveTowards.cs - Importer: ScriptedImporter/UnityEditor.QuickSearchModule:UnityEditor.Search:ASIAI0B
Importing 'GUID: 729fa78c1ef01493fbcfc8a3236e609a - Path: Packages/com.unity.visualscripting/Runtime/VisualScripting.Flow/Framework/Math/Vector4/Vector4MoveTowards.cs - Importer: ScriptedImporter/UnityEditor.QuickSearchModule:UnityEditor.Search:ASIAI0B' with importer (ScriptedImporter : UnityEditor.QuickSearchModule:UnityEditor.Search:ASIAI0B)
Imported 'GUID: 729fa78c1ef01493fbcfc8a3236e609a' -> (Import Result ID: '873056605c9503f0baefa2f213251834') in 0.002 seconds [static and dynamic dependencies]. Details - ImportResultOutputID=6d983496add6a11e10b5d4f8bda0f528 DependenciesID=391a012cc98cec21b4a87dfdb3fc26d9 StaticDependenciesID=9d3cc1243985a923654a7741569f4d2f 
Number of updated asset objects reloaded before import = 0
Number of asset objects unloaded after import = 0
========================================================================
Received Import Request.
  Time of request: 2026-09-30T12:28:10.1113356Z
  Time since last request: 0.0003873 seconds.
  importAddress: GUID: bd23b2742a008498a9531c8eaab6f321 - Path: Packages/com.unity.visualscripting/Runtime/VisualScripting.Flow/Framework/Math/Vector2/Vector2Modulo.cs - Importer: ScriptedImporter/UnityEditor.QuickSearchModule:UnityEditor.Search:ASIAI0B
Importing 'GUID: bd23b2742a008498a9531c8eaab6f321 - Path: Packages/com.unity.visualscripting/Runtime/VisualScripting.Flow/Framework/Math/Vector2/Vector2Modulo.cs - Importer: ScriptedImporter/UnityEditor.QuickSearchModule:UnityEditor.Search:ASIAI0B' with importer (ScriptedImporter : UnityEditor.QuickSearchModule:UnityEditor.Search:ASIAI0B)
Imported 'GUID: bd23b2742a008498a9531c8eaab6f321' -> (Import Result ID: '252600ad60ed6d9c8b1f922849b32abc') in 0.002 seconds [static and dynamic dependencies]. Details - ImportResultOutputID=36cc681a3ab42924aba5affcb456067a DependenciesID=247a5dc242e7298e0bbd2337cf6cb84f StaticDependenciesID=f797077651c0fa5dd606fc31a435ddd2 
Number of updated asset objects reloaded before import = 0
Number of asset objects unloaded after import = 0
========================================================================
Received Import Request.
  Time of request: 2026-09-30T12:28:10.1134633Z
  Time since last request: 0.0003456 seconds.
  importAddress: GUID: 352f2d22629414aa196066833b92764d - Path: Packages/com.unity.visualscripting/Runtime/VisualScripting.Flow/Framework/Math/Vector2/Vector2PerSecond.cs - Importer: ScriptedImporter/UnityEditor.QuickSearchModule:UnityEditor.Search:ASIAI0B
Importing 'GUID: 352f2d22629414aa196066833b92764d - Path: Packages/com.unity.visualscripting/Runtime/VisualScripting.Flow/Framework/Math/Vector2/Vector2PerSecond.cs - Importer: ScriptedImporter/UnityEditor.QuickSearchModule:UnityEditor.Search:ASIAI0B' with importer (ScriptedImporter : UnityEditor.QuickSearchModule:UnityEditor.Search:ASIAI0B)
Imported 'GUID: 352f2d22629414aa196066833b92764d' -> (Import Result ID: '68e0f3e7ec2c161ccb046993e6a5042e') in 0.002 seconds [static and dynamic dependencies]. Details - ImportResultOutputID=32c133eb5736d04513909d25e4a1627f DependenciesID=82827315038f49d39904f12318ccdf71 StaticDependenciesID=a99a495dd31537b6cef31ca66e7e2f47 
Number of updated asset objects reloaded before import = 0
Number of asset objects unloaded after import = 0
========================================================================
Received Import Request.
  Time of request: 2026-09-30T12:28:10.1164312Z
  Time since last request: 0.0003834 seconds.
  importAddress: GUID: 76ab6eba2ae2f4239ae83f4cda348612 - Path: Packages/com.unity.visualscripting/Runtime/VisualScripting.Flow/Framework/Math/Scalar/ScalarMultiply.cs - Importer: ScriptedImporter/UnityEditor.QuickSearchModule:UnityEditor.Search:ASIAI0B
Importing 'GUID: 76ab6eba2ae2f4239ae83f4cda348612 - Path: Packages/com.unity.visualscripting/Runtime/VisualScripting.Flow/Framework/Math/Scalar/ScalarMultiply.cs - Importer: ScriptedImporter/UnityEditor.QuickSearchModule:UnityEditor.Search:ASIAI0B' with importer (ScriptedImporter : UnityEditor.QuickSearchModule:UnityEditor.Search:ASIAI0B)
Imported 'GUID: 76ab6eba2ae2f4239ae83f4cda348612' -> (Import Result ID: 'e9b66111dba9018b28a81b529f962ce1') in 0.002 seconds [static and dynamic dependencies]. Details - ImportResultOutputID=033bb04a1f843212e5bbc43c4c344263 DependenciesID=d845ff25fdfd6c2788ae3ea14d674b2a StaticDependenciesID=e5419022f9c8fb472cc421bbc29dbbd1 
Number of updated asset objects reloaded before import = 0
Number of asset objects unloaded after import = 0
========================================================================
Received Import Request.
  Time of request: 2026-09-30T12:28:10.1186447Z
  Time since last request: 0.0005412 seconds.
  importAddress: GUID: 9cfeafc6c3a8a4892af70f6250efaa62 - Path: Packages/com.unity.visualscripting/Runtime/VisualScripting.Flow/Framework/Math/Vector3/Vector3Average.cs - Importer: ScriptedImporter/UnityEditor.QuickSearchModule:UnityEditor.Search:ASIAI0B
Importing 'GUID: 9cfeafc6c3a8a4892af70f6250efaa62 - Path: Packages/com.unity.visualscripting/Runtime/VisualScripting.Flow/Framework/Math/Vector3/Vector3Average.cs - Importer: ScriptedImporter/UnityEditor.QuickSearchModule:UnityEditor.Search:ASIAI0B' with importer (ScriptedImporter : UnityEditor.QuickSearchModule:UnityEditor.Search:ASIAI0B)
Imported 'GUID: 9cfeafc6c3a8a4892af70f6250efaa62' -> (Import Result ID: 'eba2f4317489f4493a00f27dd68aaf14') in 0.003 seconds [static and dynamic dependencies]. Details - ImportResultOutputID=107436da3037b5a39a1e58676e63e492 DependenciesID=b7a81a4289317636438ece291cfa76c8 StaticDependenciesID=3ef10079d01abeb5a95bdf777ef13136 
Number of updated asset objects reloaded before import = 0
Number of asset objects unloaded after import = 0
========================================================================
Received Import Request.
  Time of request: 2026-09-30T12:28:10.121962Z
  Time since last request: 0.0002635 seconds.
  importAddress: GUID: 86918d705343f47b1b9d0248715e933d - Path: Packages/com.unity.visualscripting/Runtime/VisualScripting.Flow/Framework/Math/Vector2/Vector2Average.cs - Importer: ScriptedImporter/UnityEditor.QuickSearchModule:UnityEditor.Search:ASIAI0B
Importing 'GUID: 86918d705343f47b1b9d0248715e933d - Path: Packages/com.unity.visualscripting/Runtime/VisualScripting.Flow/Framework/Math/Vector2/Vector2Average.cs - Importer: ScriptedImporter/UnityEditor.QuickSearchModule:UnityEditor.Search:ASIAI0B' with importer (ScriptedImporter : UnityEditor.QuickSearchModule:UnityEditor.Search:ASIAI0B)
Imported 'GUID: 86918d705343f47b1b9d0248715e933d' -> (Import Result ID: 'c03c8fd52ff3c6582fc8c77b17ebbd82') in 0.002 seconds [static and dynamic dependencies]. Details - ImportResultOutputID=2647047624febb9d6dd8caab6c73e6d1 DependenciesID=03ce4b9c1c134ea19d0299e8a5030cfb StaticDependenciesID=70b324427a9c6ab8056bf5df4726e7fa 
Number of updated asset objects reloaded before import = 0
Number of asset objects unloaded after import = 0
========================================================================
Received Import Request.
  Time of request: 2026-09-30T12:28:10.1240117Z
  Time since last request: 0.0003363 seconds.
  importAddress: GUID: 97770e956456b4837b3d7a2da35f8c23 - Path: Packages/com.unity.visualscripting/Runtime/VisualScripting.Flow/Framework/Math/Scalar/ScalarRoot.cs - Importer: ScriptedImporter/UnityEditor.QuickSearchModule:UnityEditor.Search:ASIAI0B
Importing 'GUID: 97770e956456b4837b3d7a2da35f8c23 - Path: Packages/com.unity.visualscripting/Runtime/VisualScripting.Flow/Framework/Math/Scalar/ScalarRoot.cs - Importer: ScriptedImporter/UnityEditor.QuickSearchModule:UnityEditor.Search:ASIAI0B' with importer (ScriptedImporter : UnityEditor.QuickSearchModule:UnityEditor.Search:ASIAI0B)
Imported 'GUID: 97770e956456b4837b3d7a2da35f8c23' -> (Import Result ID: '8b900c258e331cb5a0d4a2c910535355') in 0.002 seconds [static and dynamic dependencies]. Details - ImportResultOutputID=73749171942caa26295890d0efb93efb DependenciesID=f9a24ac8420d220e2c39aec36cbb54dc StaticDependenciesID=baf65c5450bdf9786059ddf366d79a72 
Number of updated asset objects reloaded before import = 0
Number of asset objects unloaded after import = 0
========================================================================
Received Import Request.
  Time of request: 2026-09-30T12:28:10.1263092Z
  Time since last request: 0.0003136 seconds.
  importAddress: GUID: 44c4f5c49116c489886368eacb8af0da - Path: Packages/com.unity.visualscripting/Runtime/VisualScripting.Flow/Framework/Math/Vector3/Vector3CrossProduct.cs - Importer: ScriptedImporter/UnityEditor.QuickSearchModule:UnityEditor.Search:ASIAI0B
Importing 'GUID: 44c4f5c49116c489886368eacb8af0da - Path: Packages/com.unity.visualscripting/Runtime/VisualScripting.Flow/Framework/Math/Vector3/Vector3CrossProduct.cs - Importer: ScriptedImporter/UnityEditor.QuickSearchModule:UnityEditor.Search:ASIAI0B' with importer (ScriptedImporter : UnityEditor.QuickSearchModule:UnityEditor.Search:ASIAI0B)
Imported 'GUID: 44c4f5c49116c489886368eacb8af0da' -> (Import Result ID: '2b3a8d46be0dbb06dcb030cfdf5a30cb') in 0.001 seconds [static and dynamic dependencies]. Details - ImportResultOutputID=d667f4912e0ab2553a7ec068c56ee7d4 DependenciesID=f0945d50027a25cb64ccac05f0a0a210 StaticDependenciesID=096d22dbb96586214467c19b42bf8c01 
Number of updated asset objects reloaded before import = 0
Number of asset objects unloaded after import = 0
========================================================================
Received Import Request.
  Time of request: 2026-09-30T12:28:10.1282051Z
  Time since last request: 0.0003114 seconds.
  importAddress: GUID: 0c2edba0ea7a04509b020c73dd56f326 - Path: Packages/com.unity.visualscripting/Runtime/VisualScripting.Flow/Framework/Math/Scalar/ScalarRound.cs - Importer: ScriptedImporter/UnityEditor.QuickSearchModule:UnityEditor.Search:ASIAI0B
Importing 'GUID: 0c2edba0ea7a04509b020c73dd56f326 - Path: Packages/com.unity.visualscripting/Runtime/VisualScripting.Flow/Framework/Math/Scalar/ScalarRound.cs - Importer: ScriptedImporter/UnityEditor.QuickSearchModule:UnityEditor.Search:ASIAI0B' with importer (ScriptedImporter : UnityEditor.QuickSearchModule:UnityEditor.Search:ASIAI0B)
Imported 'GUID: 0c2edba0ea7a04509b020c73dd56f326' -> (Import Result ID: 'ff1d3dd64d867e3c37dea75192d669a0') in 0.001 seconds [static and dynamic dependencies]. Details - ImportResultOutputID=3efd7417c78d93edab604ed18234981a DependenciesID=bb7be974c1a0228e905d961cc8e85115 StaticDependenciesID=60c9f426fbae9b0be7e4305025a4d061 
Number of updated asset objects reloaded before import = 0
Number of asset objects unloaded after import = 0
========================================================================
Received Import Request.
  Time of request: 2026-09-30T12:28:10.1299856Z
  Time since last request: 0.0003047 seconds.
  importAddress: GUID: 0bb12f33e0821422990be6c0080e2a4c - Path: Packages/com.unity.visualscripting/Runtime/VisualScripting.Flow/Framework/Math/Vector4/Vector4Multiply.cs - Importer: ScriptedImporter/UnityEditor.QuickSearchModule:UnityEditor.Search:ASIAI0B
Importing 'GUID: 0bb12f33e0821422990be6c0080e2a4c - Path: Packages/com.unity.visualscripting/Runtime/VisualScripting.Flow/Framework/Math/Vector4/Vector4Multiply.cs - Importer: ScriptedImporter/UnityEditor.QuickSearchModule:UnityEditor.Search:ASIAI0B' with importer (ScriptedImporter : UnityEditor.QuickSearchModule:UnityEditor.Search:ASIAI0B)
Imported 'GUID: 0bb12f33e0821422990be6c0080e2a4c' -> (Import Result ID: 'fe2900e1645fe4ecfcb5c2b7bf850aa1') in 0.001 seconds [static and dynamic dependencies]. Details - ImportResultOutputID=32a2a05c84754300e71e75b696fcd627 DependenciesID=15a962487b771cedf358ef77929b6d32 StaticDependenciesID=f4bee2d06b5840098ccc3031ee046df5 
Number of updated asset objects reloaded before import = 0
Number of asset objects unloaded after import = 0
========================================================================
Received Import Request.
  Time of request: 2026-09-30T12:28:10.1320473Z
  Time since last request: 0.0004032 seconds.
  importAddress: GUID: 4aeeb284134244e73b9258e584a23da4 - Path: Packages/com.unity.visualscripting/Runtime/VisualScripting.Flow/Framework/Math/Vector2/Vector2Divide.cs - Importer: ScriptedImporter/UnityEditor.QuickSearchModule:UnityEditor.Search:ASIAI0B
Importing 'GUID: 4aeeb284134244e73b9258e584a23da4 - Path: Packages/com.unity.visualscripting/Runtime/VisualScripting.Flow/Framework/Math/Vector2/Vector2Divide.cs - Importer: ScriptedImporter/UnityEditor.QuickSearchModule:UnityEditor.Search:ASIAI0B' with importer (ScriptedImporter : UnityEditor.QuickSearchModule:UnityEditor.Search:ASIAI0B)
Imported 'GUID: 4aeeb284134244e73b9258e584a23da4' -> (Import Result ID: '827e2353c7bc0eabfee21f432782e4bd') in 0.002 seconds [static and dynamic dependencies]. Details - ImportResultOutputID=624e31f17922a1d0183070abffed6d09 DependenciesID=f8b08dd76e46256db28cb484e823e1f2 StaticDependenciesID=88e2169e9d3e748d5239e9f7f65cb9a4 
Number of updated asset objects reloaded before import = 0
Number of asset objects unloaded after import = 0
========================================================================
Received Import Request.
  Time of request: 2026-09-30T12:28:10.1346442Z
  Time since last request: 0.0004567 seconds.
  importAddress: GUID: 702e0755b397447d4a074ff887a045ba - Path: Packages/com.unity.visualscripting/Runtime/VisualScripting.Flow/Framework/Math/Vector2/Vector2Subtract.cs - Importer: ScriptedImporter/UnityEditor.QuickSearchModule:UnityEditor.Search:ASIAI0B
Importing 'GUID: 702e0755b397447d4a074ff887a045ba - Path: Packages/com.unity.visualscripting/Runtime/VisualScripting.Flow/Framework/Math/Vector2/Vector2Subtract.cs - Importer: ScriptedImporter/UnityEditor.QuickSearchModule:UnityEditor.Search:ASIAI0B' with importer (ScriptedImporter : UnityEditor.QuickSearchModule:UnityEditor.Search:ASIAI0B)
Imported 'GUID: 702e0755b397447d4a074ff887a045ba' -> (Import Result ID: '83b5ef142c4ef2a9a29d81ef242bd024') in 0.002 seconds [static and dynamic dependencies]. Details - ImportResultOutputID=319002ef9524fc7ec316416231bb5978 DependenciesID=8190b34de2ae7e9c2929295813b92f53 StaticDependenciesID=1490bf261cf2442bceb6bd93be522ea4 
Number of updated asset objects reloaded before import = 0
Number of asset objects unloaded after import = 0
========================================================================
Received Import Request.
  Time of request: 2026-09-30T12:28:10.1373613Z
  Time since last request: 0.0005395 seconds.
  importAddress: GUID: 69b3064e843284997ad557b3308b2fbc - Path: Packages/com.unity.visualscripting/Runtime/VisualScripting.Flow/Framework/Math/Vector3/Vector3Normalize.cs - Importer: ScriptedImporter/UnityEditor.QuickSearchModule:UnityEditor.Search:ASIAI0B
Importing 'GUID: 69b3064e843284997ad557b3308b2fbc - Path: Packages/com.unity.visualscripting/Runtime/VisualScripting.Flow/Framework/Math/Vector3/Vector3Normalize.cs - Importer: ScriptedImporter/UnityEditor.QuickSearchModule:UnityEditor.Search:ASIAI0B' with importer (ScriptedImporter : UnityEditor.QuickSearchModule:UnityEditor.Search:ASIAI0B)
Imported 'GUID: 69b3064e843284997ad557b3308b2fbc' -> (Import Result ID: 'd7ab3dd6dd081eda257f8f5977098828') in 0.001 seconds [static and dynamic dependencies]. Details - ImportResultOutputID=afb0df019e18b9523d2f12e5cdf1152b DependenciesID=9a356516c688b70422d6df86f21b4ddf StaticDependenciesID=61a0404f0ebec47b142478d3c2d9f56a 
Number of updated asset objects reloaded before import = 0
Number of asset objects unloaded after import = 0
========================================================================
Received Import Request.
  Time of request: 2026-09-30T12:28:10.1519983Z
  Time since last request: 0.013058 seconds.
  importAddress: GUID: 78fd02709d00d8441bd53a889e83a8f5 - Path: Packages/com.unity.timeline/Editor/MenuPriority.cs - Importer: ScriptedImporter/UnityEditor.QuickSearchModule:UnityEditor.Search:ASIAI0B
Importing 'GUID: 78fd02709d00d8441bd53a889e83a8f5 - Path: Packages/com.unity.timeline/Editor/MenuPriority.cs - Importer: ScriptedImporter/UnityEditor.QuickSearchModule:UnityEditor.Search:ASIAI0B' with importer (ScriptedImporter : UnityEditor.QuickSearchModule:UnityEditor.Search:ASIAI0B)
Imported 'GUID: 78fd02709d00d8441bd53a889e83a8f5' -> (Import Result ID: '2489ddc9a75992a8594413eded821da0') in 0.008 seconds [static and dynamic dependencies]. Details - ImportResultOutputID=20012a7cc64f98ef32719c7ea157dfe9 DependenciesID=5d65cbf87be6dd48c4b4c24073a8a836 StaticDependenciesID=600ed391227b043d6ece335177e82f95 
Number of updated asset objects reloaded before import = 0
Number of asset objects unloaded after import = 0
========================================================================
Received Import Request.
  Time of request: 2026-09-30T12:28:10.1613716Z
  Time since last request: 0.0005238 seconds.
  importAddress: GUID: 174f315b4bc7c4f36806d210235d06f3 - Path: Packages/com.unity.visualscripting/Runtime/VisualScripting.Flow/Framework/Variables/Obsolete/IsGraphVariableDefined.cs - Importer: ScriptedImporter/UnityEditor.QuickSearchModule:UnityEditor.Search:ASIAI0B
Importing 'GUID: 174f315b4bc7c4f36806d210235d06f3 - Path: Packages/com.unity.visualscripting/Runtime/VisualScripting.Flow/Framework/Variables/Obsolete/IsGraphVariableDefined.cs - Importer: ScriptedImporter/UnityEditor.QuickSearchModule:UnityEditor.Search:ASIAI0B' with importer (ScriptedImporter : UnityEditor.QuickSearchModule:UnityEditor.Search:ASIAI0B)
Imported 'GUID: 174f315b4bc7c4f36806d210235d06f3' -> (Import Result ID: '70dca5ff6a31369197e17a877a463df5') in 0.004 seconds [static and dynamic dependencies]. Details - ImportResultOutputID=eda6fe73b29060f8bff9789415af2942 DependenciesID=8de41136f8ceafaa3507b97e6260572b StaticDependenciesID=96f62afdd8ba92fecd5e2c8ab563854a 
Number of updated asset objects reloaded before import = 0
Number of asset objects unloaded after import = 0
========================================================================
Received Import Request.
  Time of request: 2026-09-30T12:28:10.1732025Z
  Time since last request: 0.0079185 seconds.
  importAddress: GUID: 658fa333b05f847b1a0d5915debda244 - Path: Packages/com.unity.visualscripting/Runtime/VisualScripting.Flow/Framework/Variables/Obsolete/GetVariableUnit.cs - Importer: ScriptedImporter/UnityEditor.QuickSearchModule:UnityEditor.Search:ASIAI0B
Importing 'GUID: 658fa333b05f847b1a0d5915debda244 - Path: Packages/com.unity.visualscripting/Runtime/VisualScripting.Flow/Framework/Variables/Obsolete/GetVariableUnit.cs - Importer: ScriptedImporter/UnityEditor.QuickSearchModule:UnityEditor.Search:ASIAI0B' with importer (ScriptedImporter : UnityEditor.QuickSearchModule:UnityEditor.Search:ASIAI0B)
Imported 'GUID: 658fa333b05f847b1a0d5915debda244' -> (Import Result ID: 'ebdc32d23c6e123f6eeb13c6bdd52125') in 0.002 seconds [static and dynamic dependencies]. Details - ImportResultOutputID=cd68236674c80f40cf0d7578155c2837 DependenciesID=cb73ec03d0ff42abd323a0cc01f22f0b StaticDependenciesID=84a3ba66b6559a8fbf5add26f694696d 
Number of updated asset objects reloaded before import = 0
Number of asset objects unloaded after import = 0
========================================================================
Received Import Request.
  Time of request: 2026-09-30T12:28:10.1769377Z
  Time since last request: 0.0012339 seconds.
  importAddress: GUID: d3b511699db3543da9f36148351d5ed0 - Path: Packages/com.unity.visualscripting/Runtime/VisualScripting.Core/Dependencies/FullSerializer/Converters/Unity/Keyframe_DirectConverter.cs - Importer: ScriptedImporter/UnityEditor.QuickSearchModule:UnityEditor.Search:ASIAI0B
Importing 'GUID: d3b511699db3543da9f36148351d5ed0 - Path: Packages/com.unity.visualscripting/Runtime/VisualScripting.Core/Dependencies/FullSerializer/Converters/Unity/Keyframe_DirectConverter.cs - Importer: ScriptedImporter/UnityEditor.QuickSearchModule:UnityEditor.Search:ASIAI0B' with importer (ScriptedImporter : UnityEditor.QuickSearchModule:UnityEditor.Search:ASIAI0B)
Imported 'GUID: d3b511699db3543da9f36148351d5ed0' -> (Import Result ID: '5a88ead3049aa7a29abcd59539e3b1bd') in 0.006 seconds [static and dynamic dependencies]. Details - ImportResultOutputID=0c6300965bee901046181ec9e00079d8 DependenciesID=6edcf3c7ddbddb189c6a989751ca2cea StaticDependenciesID=9b90ad9d439cf35f35726dccef86f590 
Number of updated asset objects reloaded before import = 0
Number of asset objects unloaded after import = 0
========================================================================
Received Import Request.
  Time of request: 2026-09-30T12:28:10.1834616Z
  Time since last request: 0.0003877 seconds.
  importAddress: GUID: b4ddd342caff84a1892dbda0d6933877 - Path: Packages/com.unity.visualscripting/Runtime/VisualScripting.Flow/Framework/Variables/Obsolete/IsSavedVariableDefined.cs - Importer: ScriptedImporter/UnityEditor.QuickSearchModule:UnityEditor.Search:ASIAI0B
Importing 'GUID: b4ddd342caff84a1892dbda0d6933877 - Path: Packages/com.unity.visualscripting/Runtime/VisualScripting.Flow/Framework/Variables/Obsolete/IsSavedVariableDefined.cs - Importer: ScriptedImporter/UnityEditor.QuickSearchModule:UnityEditor.Search:ASIAI0B' with importer (ScriptedImporter : UnityEditor.QuickSearchModule:UnityEditor.Search:ASIAI0B)
Imported 'GUID: b4ddd342caff84a1892dbda0d6933877' -> (Import Result ID: '167b8a592ed8a52bd6b2b0d2a9eee596') in 0.002 seconds [static and dynamic dependencies]. Details - ImportResultOutputID=8f0e4faa83d2db694799fb1e06693365 DependenciesID=28d6f130398385f371570a5d309fa8a4 StaticDependenciesID=6318dda727a17fbed52ffe68f64a8e7b 
Number of updated asset objects reloaded before import = 0
Number of asset objects unloaded after import = 0
========================================================================
Received Import Request.
  Time of request: 2026-09-30T12:28:10.1864229Z
  Time since last request: 0.0005491 seconds.
  importAddress: GUID: e5e1f94b4e224941bec175143967961f - Path: Packages/com.unity.feature.development/package.json - Importer: ScriptedImporter/UnityEditor.QuickSearchModule:UnityEditor.Search:ASIAI0B
Importing 'GUID: e5e1f94b4e224941bec175143967961f - Path: Packages/com.unity.feature.development/package.json - Importer: ScriptedImporter/UnityEditor.QuickSearchModule:UnityEditor.Search:ASIAI0B' with importer (ScriptedImporter : UnityEditor.QuickSearchModule:UnityEditor.Search:ASIAI0B)
Imported 'GUID: e5e1f94b4e224941bec175143967961f' -> (Import Result ID: '1b4f453eeacf76d5b07291f6ffc48f5b') in 0.006 seconds [static and dynamic dependencies]. Details - ImportResultOutputID=487b99130b2a4a1fb0c707f12775d601 DependenciesID=7c9c8053f55186f266b5c10b311d3cf9 StaticDependenciesID=cc09f80d30a41d085e0c5e1562e5f710 
Number of updated asset objects reloaded before import = 0
Number of asset objects unloaded after import = 1
========================================================================
Received Import Request.
  Time of request: 2026-09-30T12:28:10.1927448Z
  Time since last request: 0.0005029 seconds.
  importAddress: GUID: 05bf904a68e3048ad97d95a4e0dc09d4 - Path: Packages/com.unity.visualscripting/Runtime/VisualScripting.Flow/Framework/Variables/Obsolete/ISceneVariableUnit.cs - Importer: ScriptedImporter/UnityEditor.QuickSearchModule:UnityEditor.Search:ASIAI0B
Importing 'GUID: 05bf904a68e3048ad97d95a4e0dc09d4 - Path: Packages/com.unity.visualscripting/Runtime/VisualScripting.Flow/Framework/Variables/Obsolete/ISceneVariableUnit.cs - Importer: ScriptedImporter/UnityEditor.QuickSearchModule:UnityEditor.Search:ASIAI0B' with importer (ScriptedImporter : UnityEditor.QuickSearchModule:UnityEditor.Search:ASIAI0B)
Imported 'GUID: 05bf904a68e3048ad97d95a4e0dc09d4' -> (Import Result ID: 'd39f32721b69256ed3f54447ad51acbf') in 0.002 seconds [static and dynamic dependencies]. Details - ImportResultOutputID=e541caa130c2caded53cc1baa9e604dd DependenciesID=a4cc597e56839af04c4218e4b4356c63 StaticDependenciesID=bba72e6390da17a53ca2ddb238e39aef 
Number of updated asset objects reloaded before import = 0
Number of asset objects unloaded after import = 0
========================================================================
Received Import Request.
  Time of request: 2026-09-30T12:28:10.1949795Z
  Time since last request: 0.0004881 seconds.
  importAddress: GUID: 7f819e9b71fcc40da8cab6328e655887 - Path: Packages/com.unity.visualscripting/Runtime/VisualScripting.Core/Dependencies/FullSerializer/Converters/Unity/Rect_DirectConverter.cs - Importer: ScriptedImporter/UnityEditor.QuickSearchModule:UnityEditor.Search:ASIAI0B
Importing 'GUID: 7f819e9b71fcc40da8cab6328e655887 - Path: Packages/com.unity.visualscripting/Runtime/VisualScripting.Core/Dependencies/FullSerializer/Converters/Unity/Rect_DirectConverter.cs - Importer: ScriptedImporter/UnityEditor.QuickSearchModule:UnityEditor.Search:ASIAI0B' with importer (ScriptedImporter : UnityEditor.QuickSearchModule:UnityEditor.Search:ASIAI0B)
Imported 'GUID: 7f819e9b71fcc40da8cab6328e655887' -> (Import Result ID: '0ab8ffaafea25cbed3e8c485b1f5e7b0') in 0.001 seconds [static and dynamic dependencies]. Details - ImportResultOutputID=9f98ed20daef0d5b796e69de378d44a1 DependenciesID=2df043f71b47dd9ad220dbeb8d12a975 StaticDependenciesID=68104cd27d93b062a469fd5feba3b6b4 
Number of updated asset objects reloaded before import = 0
Number of asset objects unloaded after import = 0
========================================================================
Received Import Request.
  Time of request: 2026-09-30T12:28:10.1970506Z
  Time since last request: 0.0004168 seconds.
  importAddress: GUID: 3679dba2230a148fba63628cfe35a761 - Path: Packages/com.unity.visualscripting/Runtime/VisualScripting.Flow/Framework/Variables/Obsolete/IsApplicationVariableDefined.cs - Importer: ScriptedImporter/UnityEditor.QuickSearchModule:UnityEditor.Search:ASIAI0B
Importing 'GUID: 3679dba2230a148fba63628cfe35a761 - Path: Packages/com.unity.visualscripting/Runtime/VisualScripting.Flow/Framework/Variables/Obsolete/IsApplicationVariableDefined.cs - Importer: ScriptedImporter/UnityEditor.QuickSearchModule:UnityEditor.Search:ASIAI0B' with importer (ScriptedImporter : UnityEditor.QuickSearchModule:UnityEditor.Search:ASIAI0B)
Imported 'GUID: 3679dba2230a148fba63628cfe35a761' -> (Import Result ID: 'd477632926739027e1f0393c8a7dd541') in 0.002 seconds [static and dynamic dependencies]. Details - ImportResultOutputID=533bb1e9029339b8bbc0d80a83df58b1 DependenciesID=3ab31381db8112c2623f1489322429e0 StaticDependenciesID=a4f473c9cc602286c147e39435394715 
Number of updated asset objects reloaded before import = 0
Number of asset objects unloaded after import = 0
========================================================================
Received Import Request.
  Time of request: 2026-09-30T12:28:10.1995214Z
  Time since last request: 0.00032 seconds.
  importAddress: GUID: 9e436b053414c45eaa6b4880789e2d01 - Path: Packages/com.unity.visualscripting/Runtime/VisualScripting.Flow/Framework/Variables/Obsolete/IsVariableDefinedUnit.cs - Importer: ScriptedImporter/UnityEditor.QuickSearchModule:UnityEditor.Search:ASIAI0B
Importing 'GUID: 9e436b053414c45eaa6b4880789e2d01 - Path: Packages/com.unity.visualscripting/Runtime/VisualScripting.Flow/Framework/Variables/Obsolete/IsVariableDefinedUnit.cs - Importer: ScriptedImporter/UnityEditor.QuickSearchModule:UnityEditor.Search:ASIAI0B' with importer (ScriptedImporter : UnityEditor.QuickSearchModule:UnityEditor.Search:ASIAI0B)
Imported 'GUID: 9e436b053414c45eaa6b4880789e2d01' -> (Import Result ID: '2149d7c68fbc93ab135a40a7b516b68d') in 0.002 seconds [static and dynamic dependencies]. Details - ImportResultOutputID=96517f22164381e37e138a117a664685 DependenciesID=4e783986c0d778b19768ccf06b3620f1 StaticDependenciesID=5134a40ecbb4472b8bfbf30bd944d6b8 
Number of updated asset objects reloaded before import = 0
Number of asset objects unloaded after import = 0
========================================================================
Received Import Request.
  Time of request: 2026-09-30T12:28:10.2016101Z
  Time since last request: 0.0003281 seconds.
  importAddress: GUID: 7bf47a5f03a29452f9d77b7a4b211efd - Path: Packages/com.unity.visualscripting/Runtime/VisualScripting.Flow/Framework/Variables/Obsolete/SetSceneVariable.cs - Importer: ScriptedImporter/UnityEditor.QuickSearchModule:UnityEditor.Search:ASIAI0B
Importing 'GUID: 7bf47a5f03a29452f9d77b7a4b211efd - Path: Packages/com.unity.visualscripting/Runtime/VisualScripting.Flow/Framework/Variables/Obsolete/SetSceneVariable.cs - Importer: ScriptedImporter/UnityEditor.QuickSearchModule:UnityEditor.Search:ASIAI0B' with importer (ScriptedImporter : UnityEditor.QuickSearchModule:UnityEditor.Search:ASIAI0B)
Imported 'GUID: 7bf47a5f03a29452f9d77b7a4b211efd' -> (Import Result ID: 'de02dbc9af7e72a28772cb43ad266943') in 0.002 seconds [static and dynamic dependencies]. Details - ImportResultOutputID=14820c4a3c30ee09e101fe5828c8f5e8 DependenciesID=11e84c7078f198e787fa3c51fcbe9e2a StaticDependenciesID=8f613469dd67aca523387e4694a4ddd2 
Number of updated asset objects reloaded before import = 0
Number of asset objects unloaded after import = 0
========================================================================
Received Import Request.
  Time of request: 2026-09-30T12:28:10.2041281Z
  Time since last request: 0.0003571 seconds.
  importAddress: GUID: c1778fcd6b7924fe6b671079a65f4226 - Path: Packages/com.unity.visualscripting/Runtime/VisualScripting.Flow/Framework/Variables/Obsolete/GetGraphVariable.cs - Importer: ScriptedImporter/UnityEditor.QuickSearchModule:UnityEditor.Search:ASIAI0B
Importing 'GUID: c1778fcd6b7924fe6b671079a65f4226 - Path: Packages/com.unity.visualscripting/Runtime/VisualScripting.Flow/Framework/Variables/Obsolete/GetGraphVariable.cs - Importer: ScriptedImporter/UnityEditor.QuickSearchModule:UnityEditor.Search:ASIAI0B' with importer (ScriptedImporter : UnityEditor.QuickSearchModule:UnityEditor.Search:ASIAI0B)
Imported 'GUID: c1778fcd6b7924fe6b671079a65f4226' -> (Import Result ID: 'a9d5af1e1b8337d3bcd936dd969ff16e') in 0.002 seconds [static and dynamic dependencies]. Details - ImportResultOutputID=5747f178e12ccd7a7676198271e4bd5a DependenciesID=c913f86ce7c2477763d402db9d186203 StaticDependenciesID=931f002c5bfbf49e49717b6cff816e4d 
Number of updated asset objects reloaded before import = 0
Number of asset objects unloaded after import = 0
========================================================================
Received Import Request.
  Time of request: 2026-09-30T12:28:10.2063578Z
  Time since last request: 0.000536 seconds.
  importAddress: GUID: 6afb166a156df2d20433d981f4bb2832 - Path: Packages/com.unity.modules.vehicles/package.json - Importer: ScriptedImporter/UnityEditor.QuickSearchModule:UnityEditor.Search:ASIAI0B
Importing 'GUID: 6afb166a156df2d20433d981f4bb2832 - Path: Packages/com.unity.modules.vehicles/package.json - Importer: ScriptedImporter/UnityEditor.QuickSearchModule:UnityEditor.Search:ASIAI0B' with importer (ScriptedImporter : UnityEditor.QuickSearchModule:UnityEditor.Search:ASIAI0B)
Imported 'GUID: 6afb166a156df2d20433d981f4bb2832' -> (Import Result ID: '50afa0247650ae27f55edda9b4f1e845') in 0.002 seconds [static and dynamic dependencies]. Details - ImportResultOutputID=f24c45f8d66d14bf35f987a0f013f02a DependenciesID=0fe2c9c4459f68c16494f1a843a6517c StaticDependenciesID=09dbcb230f0fc22607a65261943872e8 
Number of updated asset objects reloaded before import = 0
Number of asset objects unloaded after import = 1
========================================================================
Received Import Request.
  Time of request: 2026-09-30T12:28:10.2085875Z
  Time since last request: 0.0002616 seconds.
  importAddress: GUID: 13a9c1b4df2e489e8eb9cacca7429596 - Path: Packages/com.unity.timeline/package.json - Importer: ScriptedImporter/UnityEditor.QuickSearchModule:UnityEditor.Search:ASIAI0B
Importing 'GUID: 13a9c1b4df2e489e8eb9cacca7429596 - Path: Packages/com.unity.timeline/package.json - Importer: ScriptedImporter/UnityEditor.QuickSearchModule:UnityEditor.Search:ASIAI0B' with importer (ScriptedImporter : UnityEditor.QuickSearchModule:UnityEditor.Search:ASIAI0B)
Imported 'GUID: 13a9c1b4df2e489e8eb9cacca7429596' -> (Import Result ID: 'f73fb3cc549a069eb04598fb7fda9b94') in 0.001 seconds [static and dynamic dependencies]. Details - ImportResultOutputID=715198957a5a1ac07b453d79d6a60d6c DependenciesID=52f3442cd12f7219e6ca36c75df0cb05 StaticDependenciesID=0efe626b891a0965ce65251a0efe7d33 
Number of updated asset objects reloaded before import = 0
Number of asset objects unloaded after import = 1
========================================================================
Received Import Request.
  Time of request: 2026-09-30T12:28:10.2105979Z
  Time since last request: 0.0003879 seconds.
  importAddress: GUID: 65b045927b3948f43afb31234936c6aa - Path: Packages/com.unity.timeline/Editor/TimelineSelection.cs - Importer: ScriptedImporter/UnityEditor.QuickSearchModule:UnityEditor.Search:ASIAI0B
Importing 'GUID: 65b045927b3948f43afb31234936c6aa - Path: Packages/com.unity.timeline/Editor/TimelineSelection.cs - Importer: ScriptedImporter/UnityEditor.QuickSearchModule:UnityEditor.Search:ASIAI0B' with importer (ScriptedImporter : UnityEditor.QuickSearchModule:UnityEditor.Search:ASIAI0B)
Imported 'GUID: 65b045927b3948f43afb31234936c6aa' -> (Import Result ID: 'f02d3b5d22510b1b0eb97c43c1eff71e') in 0.001 seconds [static and dynamic dependencies]. Details - ImportResultOutputID=f7a98f55a4467c8117fb4eb15ebc4d32 DependenciesID=f3636508eac0a4a5e7f4d2c25893465b StaticDependenciesID=4784c4d68e1264727ba5e07285cbabc6 
Number of updated asset objects reloaded before import = 0
Number of asset objects unloaded after import = 0
========================================================================
Received Import Request.
  Time of request: 2026-09-30T12:28:10.2124681Z
  Time since last request: 0.0002965 seconds.
  importAddress: GUID: c35a186b967e6a24d9d844d412fe08a3 - Path: Packages/com.unity.timeline/Editor/Shortcuts.cs - Importer: ScriptedImporter/UnityEditor.QuickSearchModule:UnityEditor.Search:ASIAI0B
Importing 'GUID: c35a186b967e6a24d9d844d412fe08a3 - Path: Packages/com.unity.timeline/Editor/Shortcuts.cs - Importer: ScriptedImporter/UnityEditor.QuickSearchModule:UnityEditor.Search:ASIAI0B' with importer (ScriptedImporter : UnityEditor.QuickSearchModule:UnityEditor.Search:ASIAI0B)
Imported 'GUID: c35a186b967e6a24d9d844d412fe08a3' -> (Import Result ID: '6c8ea6e7a87d756efa0836f6951f13b4') in 0.001 seconds [static and dynamic dependencies]. Details - ImportResultOutputID=9aa6a99310265154699e2d2fb8a26499 DependenciesID=8e009e4a6afdb639873d8fa60054f0fb StaticDependenciesID=22de74eb3451050f63a80a35d16c6a4e 
Number of updated asset objects reloaded before import = 0
Number of asset objects unloaded after import = 0
========================================================================
Received Import Request.
  Time of request: 2026-09-30T12:28:10.2143348Z
  Time since last request: 0.0002648 seconds.
  importAddress: GUID: 873ea06b20de94a23919101fb93913b5 - Path: Packages/com.unity.visualscripting/Runtime/VisualScripting.Flow/Framework/Variables/Obsolete/IGraphVariableUnit.cs - Importer: ScriptedImporter/UnityEditor.QuickSearchModule:UnityEditor.Search:ASIAI0B
Importing 'GUID: 873ea06b20de94a23919101fb93913b5 - Path: Packages/com.unity.visualscripting/Runtime/VisualScripting.Flow/Framework/Variables/Obsolete/IGraphVariableUnit.cs - Importer: ScriptedImporter/UnityEditor.QuickSearchModule:UnityEditor.Search:ASIAI0B' with importer (ScriptedImporter : UnityEditor.QuickSearchModule:UnityEditor.Search:ASIAI0B)
Imported 'GUID: 873ea06b20de94a23919101fb93913b5' -> (Import Result ID: '68b6f2f793eea1021cc917d02492df77') in 0.002 seconds [static and dynamic dependencies]. Details - ImportResultOutputID=e7c014a845bf33dd53aab8ae0a3c6ef9 DependenciesID=bc1802811aaf9fdfc572c3551cbe0d83 StaticDependenciesID=16c966b27b8c97aae856397a02f1b295 
Number of updated asset objects reloaded before import = 0
Number of asset objects unloaded after import = 0
========================================================================
Received Import Request.
  Time of request: 2026-09-30T12:28:10.2166359Z
  Time since last request: 0.0003685 seconds.
  importAddress: GUID: 7116e04a377b195458798657c617e324 - Path: Packages/com.unity.timeline/Editor/DirectorNamedColor.cs - Importer: ScriptedImporter/UnityEditor.QuickSearchModule:UnityEditor.Search:ASIAI0B
Importing 'GUID: 7116e04a377b195458798657c617e324 - Path: Packages/com.unity.timeline/Editor/DirectorNamedColor.cs - Importer: ScriptedImporter/UnityEditor.QuickSearchModule:UnityEditor.Search:ASIAI0B' with importer (ScriptedImporter : UnityEditor.QuickSearchModule:UnityEditor.Search:ASIAI0B)
Imported 'GUID: 7116e04a377b195458798657c617e324' -> (Import Result ID: '13ddba48740ef24f07931b411117bcff') in 0.001 seconds [static and dynamic dependencies]. Details - ImportResultOutputID=45e1aa2fe299fbbb088340c90f2dc332 DependenciesID=69d1e2089e2f70c6755b08c5695c2e18 StaticDependenciesID=43b288fb5fe20011d36f2eb59025d3b9 
Number of updated asset objects reloaded before import = 0
Number of asset objects unloaded after import = 0
========================================================================
Received Import Request.
  Time of request: 2026-09-30T12:28:10.2186622Z
  Time since last request: 0.000429 seconds.
  importAddress: GUID: 6c8baf67a14784077be24b77996cc717 - Path: Packages/com.unity.visualscripting/Runtime/VisualScripting.Core/Dependencies/FullSerializer/Converters/Unity/Bounds_DirectConverter.cs - Importer: ScriptedImporter/UnityEditor.QuickSearchModule:UnityEditor.Search:ASIAI0B
Importing 'GUID: 6c8baf67a14784077be24b77996cc717 - Path: Packages/com.unity.visualscripting/Runtime/VisualScripting.Core/Dependencies/FullSerializer/Converters/Unity/Bounds_DirectConverter.cs - Importer: ScriptedImporter/UnityEditor.QuickSearchModule:UnityEditor.Search:ASIAI0B' with importer (ScriptedImporter : UnityEditor.QuickSearchModule:UnityEditor.Search:ASIAI0B)
Imported 'GUID: 6c8baf67a14784077be24b77996cc717' -> (Import Result ID: '68913f6e6d5ba68b372c355596ec10cd') in 0.003 seconds [static and dynamic dependencies]. Details - ImportResultOutputID=703e4f5504d7be57b663e878f095cb28 DependenciesID=734930efae4ae6eef95d94d74a1f8e76 StaticDependenciesID=74bb83e9d38f585fcad252fbaba9428b 
Number of updated asset objects reloaded before import = 0
Number of asset objects unloaded after import = 0
========================================================================
Received Import Request.
  Time of request: 2026-09-30T12:28:10.2731106Z
  Time since last request: 0.0514392 seconds.
  importAddress: GUID: 00000000000000001000000000000000 - Path: Assets - Importer: PreviewImporter
Importing 'GUID: 00000000000000001000000000000000 - Path: Assets - Importer: PreviewImporter' with importer (PreviewImporter)
Imported 'GUID: 00000000000000001000000000000000' -> (Import Result ID: 'e7deeb2551deae0121fd5a6b039aae71') in 0.000 seconds [static and dynamic dependencies]. Details - ImportResultOutputID=923ecb25fcaecb4cb3c936046707f967 DependenciesID=e433eb2cc7fcfa398a42c02d690773b6 StaticDependenciesID=49809cc4be1468db50a967dd266d4b5e 
Number of updated asset objects reloaded before import = 0
Number of asset objects unloaded after import = 0
========================================================================
Received Import Request.
  Time of request: 2026-09-30T12:28:10.3077792Z
  Time since last request: 0.0339934 seconds.
  importAddress: GUID: 87a1ae9719ec25d44a4dbec20ec0f892 - Path: Packages/com.unity.timeline/Editor/Animation/CurveDataSource.cs - Importer: ScriptedImporter/UnityEditor.QuickSearchModule:UnityEditor.Search:ASIAI0B
Importing 'GUID: 87a1ae9719ec25d44a4dbec20ec0f892 - Path: Packages/com.unity.timeline/Editor/Animation/CurveDataSource.cs - Importer: ScriptedImporter/UnityEditor.QuickSearchModule:UnityEditor.Search:ASIAI0B' with importer (ScriptedImporter : UnityEditor.QuickSearchModule:UnityEditor.Search:ASIAI0B)
Imported 'GUID: 87a1ae9719ec25d44a4dbec20ec0f892' -> (Import Result ID: 'adc11dc74cf45527e47fe3281ad32c69') in 0.002 seconds [static and dynamic dependencies]. Details - ImportResultOutputID=fe40c708c5ea6a5a2b6a5b8994fc2a38 DependenciesID=7c0ac7cd9e1408cc9f7ea36234a1663a StaticDependenciesID=e2d5cfaf89717503268f1aed511daa4d 
Number of updated asset objects reloaded before import = 0
Number of asset objects unloaded after import = 0
========================================================================
Received Import Request.
  Time of request: 2026-09-30T12:28:10.3101691Z
  Time since last request: 0.000611 seconds.
  importAddress: GUID: 3e99141cd5dbef844a4338bb87930b89 - Path: Packages/com.unity.timeline/Runtime/TimelineAttributes.cs - Importer: ScriptedImporter/UnityEditor.QuickSearchModule:UnityEditor.Search:ASIAI0B
Importing 'GUID: 3e99141cd5dbef844a4338bb87930b89 - Path: Packages/com.unity.timeline/Runtime/TimelineAttributes.cs - Importer: ScriptedImporter/UnityEditor.QuickSearchModule:UnityEditor.Search:ASIAI0B' with importer (ScriptedImporter : UnityEditor.QuickSearchModule:UnityEditor.Search:ASIAI0B)
Imported 'GUID: 3e99141cd5dbef844a4338bb87930b89' -> (Import Result ID: '2cb3ceaa7b1e2bf6c918889759e23ca5') in 0.002 seconds [static and dynamic dependencies]. Details - ImportResultOutputID=815a4775cd98e79d46b57661ef5a03ee DependenciesID=ff5b19d389637ac729a07f72e14c8947 StaticDependenciesID=fad7a83bf415e8dac81ba9e67a373715 
Number of updated asset objects reloaded before import = 0
Number of asset objects unloaded after import = 0
========================================================================
Received Import Request.
  Time of request: 2026-09-30T12:28:10.3126154Z
  Time since last request: 0.0004423 seconds.
  importAddress: GUID: 512ac45650d443f3be59379c2ecbf068 - Path: Packages/com.unity.timeline/Editor/Actions/IMenuName.cs - Importer: ScriptedImporter/UnityEditor.QuickSearchModule:UnityEditor.Search:ASIAI0B
Importing 'GUID: 512ac45650d443f3be59379c2ecbf068 - Path: Packages/com.unity.timeline/Editor/Actions/IMenuName.cs - Importer: ScriptedImporter/UnityEditor.QuickSearchModule:UnityEditor.Search:ASIAI0B' with importer (ScriptedImporter : UnityEditor.QuickSearchModule:UnityEditor.Search:ASIAI0B)
Imported 'GUID: 512ac45650d443f3be59379c2ecbf068' -> (Import Result ID: 'd63ed31d849390ed7870cddfaa57c45b') in 0.002 seconds [static and dynamic dependencies]. Details - ImportResultOutputID=6f6f0266ba7d57f27d11a2a1b6f5ebc7 DependenciesID=cf79cbd334b001498d3960569a472dec StaticDependenciesID=8351910157b242448ca4071cbaf62cbc 
Number of updated asset objects reloaded before import = 0
Number of asset objects unloaded after import = 0
========================================================================
Received Import Request.
  Time of request: 2026-09-30T12:28:10.3146895Z
  Time since last request: 0.00027 seconds.
  importAddress: GUID: 9ace5095cc37ed849b52109d2ee305d4 - Path: Packages/com.unity.timeline/Editor/Animation/AnimationOffsetMenu.cs - Importer: ScriptedImporter/UnityEditor.QuickSearchModule:UnityEditor.Search:ASIAI0B
Importing 'GUID: 9ace5095cc37ed849b52109d2ee305d4 - Path: Packages/com.unity.timeline/Editor/Animation/AnimationOffsetMenu.cs - Importer: ScriptedImporter/UnityEditor.QuickSearchModule:UnityEditor.Search:ASIAI0B' with importer (ScriptedImporter : UnityEditor.QuickSearchModule:UnityEditor.Search:ASIAI0B)
Imported 'GUID: 9ace5095cc37ed849b52109d2ee305d4' -> (Import Result ID: '38eae0152cacc2e9631522e6242e3a2e') in 0.001 seconds [static and dynamic dependencies]. Details - ImportResultOutputID=be3cb86fd39eb2e741d5d2cdcde1fb79 DependenciesID=7fde0837de89c796d0ff1a9468e453fd StaticDependenciesID=62cb1161518cda64c68595cceb10e78a 
Number of updated asset objects reloaded before import = 0
Number of asset objects unloaded after import = 0
========================================================================
Received Import Request.
  Time of request: 2026-09-30T12:28:10.3164711Z
  Time since last request: 0.0002789 seconds.
  importAddress: GUID: b5489bb3cd68836439785588fffc67a4 - Path: Packages/com.unity.timeline/Editor/ControlTrack/ControlPlayableAssetEditor.cs - Importer: ScriptedImporter/UnityEditor.QuickSearchModule:UnityEditor.Search:ASIAI0B
Importing 'GUID: b5489bb3cd68836439785588fffc67a4 - Path: Packages/com.unity.timeline/Editor/ControlTrack/ControlPlayableAssetEditor.cs - Importer: ScriptedImporter/UnityEditor.QuickSearchModule:UnityEditor.Search:ASIAI0B' with importer (ScriptedImporter : UnityEditor.QuickSearchModule:UnityEditor.Search:ASIAI0B)
Imported 'GUID: b5489bb3cd68836439785588fffc67a4' -> (Import Result ID: 'e23760ad8f0ae13ba3562bb406cd045d') in 0.002 seconds [static and dynamic dependencies]. Details - ImportResultOutputID=abfbc8729703c76c1a2b205a2ee6368e DependenciesID=7ca10034c274775fe93e60bac9dfa266 StaticDependenciesID=12aee611e8d088640bd63b1eb168e316 
Number of updated asset objects reloaded before import = 0
Number of asset objects unloaded after import = 0
========================================================================
Received Import Request.
  Time of request: 2026-09-30T12:28:10.3192284Z
  Time since last request: 0.000312 seconds.
  importAddress: GUID: abd179dbd4724b4b928b9777e1deca87 - Path: Packages/com.unity.timeline/Runtime/ObjectId.cs - Importer: ScriptedImporter/UnityEditor.QuickSearchModule:UnityEditor.Search:ASIAI0B
Importing 'GUID: abd179dbd4724b4b928b9777e1deca87 - Path: Packages/com.unity.timeline/Runtime/ObjectId.cs - Importer: ScriptedImporter/UnityEditor.QuickSearchModule:UnityEditor.Search:ASIAI0B' with importer (ScriptedImporter : UnityEditor.QuickSearchModule:UnityEditor.Search:ASIAI0B)
Imported 'GUID: abd179dbd4724b4b928b9777e1deca87' -> (Import Result ID: '4dbbfdbf472886a0394b2e2ddf11e10b') in 0.002 seconds [static and dynamic dependencies]. Details - ImportResultOutputID=512c3d2339041452714abc5426fe4396 DependenciesID=cbaf10b9452e7a4d6b3d6d7e46e55785 StaticDependenciesID=f557c954f79266bbd0c1394c61503899 
Number of updated asset objects reloaded before import = 0
Number of asset objects unloaded after import = 0
========================================================================
Received Import Request.
  Time of request: 2026-09-30T12:28:10.3220304Z
  Time since last request: 0.0005256 seconds.
  importAddress: GUID: f7fed0d9d0f7a7f41a8525aa79e790b1 - Path: Packages/com.unity.timeline/Editor/Animation/AnimationPlayableAssetEditor.cs - Importer: ScriptedImporter/UnityEditor.QuickSearchModule:UnityEditor.Search:ASIAI0B
Importing 'GUID: f7fed0d9d0f7a7f41a8525aa79e790b1 - Path: Packages/com.unity.timeline/Editor/Animation/AnimationPlayableAssetEditor.cs - Importer: ScriptedImporter/UnityEditor.QuickSearchModule:UnityEditor.Search:ASIAI0B' with importer (ScriptedImporter : UnityEditor.QuickSearchModule:UnityEditor.Search:ASIAI0B)
Imported 'GUID: f7fed0d9d0f7a7f41a8525aa79e790b1' -> (Import Result ID: 'c7b6f636928b182c9eb690f6b1f9db0a') in 0.002 seconds [static and dynamic dependencies]. Details - ImportResultOutputID=4f2dd78f3ccb1cc79747e64ef1c8239f DependenciesID=7ad2c3ab239d890e1f898e682db02e3c StaticDependenciesID=74b8533dcfdfdfcb3b66a74d58fb456c 
Number of updated asset objects reloaded before import = 0
Number of asset objects unloaded after import = 0
========================================================================
Received Import Request.
  Time of request: 2026-09-30T12:28:10.3248487Z
  Time since last request: 0.0003841 seconds.
  importAddress: GUID: 4b721099b5d509d4093e516f59ad9ad6 - Path: Packages/com.unity.timeline/Editor/Actions/ClipsActions.cs - Importer: ScriptedImporter/UnityEditor.QuickSearchModule:UnityEditor.Search:ASIAI0B
Importing 'GUID: 4b721099b5d509d4093e516f59ad9ad6 - Path: Packages/com.unity.timeline/Editor/Actions/ClipsActions.cs - Importer: ScriptedImporter/UnityEditor.QuickSearchModule:UnityEditor.Search:ASIAI0B' with importer (ScriptedImporter : UnityEditor.QuickSearchModule:UnityEditor.Search:ASIAI0B)
Imported 'GUID: 4b721099b5d509d4093e516f59ad9ad6' -> (Import Result ID: '4488f7e20c95c34bf2f49f332ded453c') in 0.001 seconds [static and dynamic dependencies]. Details - ImportResultOutputID=8c55262ebaba281b753fbfa4bd8fa421 DependenciesID=6835a48d9dca115dedaf02cc6ddf18d8 StaticDependenciesID=f326f77e0a1c988f8c170abd440e819e 
Number of updated asset objects reloaded before import = 0
Number of asset objects unloaded after import = 0
========================================================================
Received Import Request.
  Time of request: 2026-09-30T12:28:10.3268614Z
  Time since last request: 0.0004352 seconds.
  importAddress: GUID: 5e79d50dea5c9c74d9297cce6cd6d053 - Path: Packages/com.unity.timeline/Editor/Actions/ActionContext.cs - Importer: ScriptedImporter/UnityEditor.QuickSearchModule:UnityEditor.Search:ASIAI0B
Importing 'GUID: 5e79d50dea5c9c74d9297cce6cd6d053 - Path: Packages/com.unity.timeline/Editor/Actions/ActionContext.cs - Importer: ScriptedImporter/UnityEditor.QuickSearchModule:UnityEditor.Search:ASIAI0B' with importer (ScriptedImporter : UnityEditor.QuickSearchModule:UnityEditor.Search:ASIAI0B)
Imported 'GUID: 5e79d50dea5c9c74d9297cce6cd6d053' -> (Import Result ID: 'ee0c03f575d4b763f6d7747272f4d410') in 0.001 seconds [static and dynamic dependencies]. Details - ImportResultOutputID=6324aba29d26a994be66e2a3781dc149 DependenciesID=0f50134537c55d7516f1cd6db9f96c64 StaticDependenciesID=871a3bf034ef61853023644fe9e0d71f 
Number of updated asset objects reloaded before import = 0
Number of asset objects unloaded after import = 0
========================================================================
Received Import Request.
  Time of request: 2026-09-30T12:28:10.32887Z
  Time since last request: 0.0004172 seconds.
  importAddress: GUID: 667a99762bdf5484fbaa02573fd396e2 - Path: Packages/com.unity.timeline/Runtime/ClipCaps.cs - Importer: ScriptedImporter/UnityEditor.QuickSearchModule:UnityEditor.Search:ASIAI0B
Importing 'GUID: 667a99762bdf5484fbaa02573fd396e2 - Path: Packages/com.unity.timeline/Runtime/ClipCaps.cs - Importer: ScriptedImporter/UnityEditor.QuickSearchModule:UnityEditor.Search:ASIAI0B' with importer (ScriptedImporter : UnityEditor.QuickSearchModule:UnityEditor.Search:ASIAI0B)
Imported 'GUID: 667a99762bdf5484fbaa02573fd396e2' -> (Import Result ID: '1251d376fb21e7cae45543c365bb8c03') in 0.002 seconds [static and dynamic dependencies]. Details - ImportResultOutputID=3fd024f0ddfe2df1b36cdece10f51b38 DependenciesID=5fd5b282115255286d1d0b9694b07960 StaticDependenciesID=5754808c8c6ff9a0b1d66b8893bb2872 
Number of updated asset objects reloaded before import = 0
Number of asset objects unloaded after import = 0
========================================================================
Received Import Request.
  Time of request: 2026-09-30T12:28:10.3315321Z
  Time since last request: 0.0003349 seconds.
  importAddress: GUID: 2610dd81ce5e9084aac66686c11e98f0 - Path: Packages/com.unity.timeline/Editor/Unity.Timeline.Editor.api - Importer: ScriptedImporter/UnityEditor.QuickSearchModule:UnityEditor.Search:ASIAI0B
Importing 'GUID: 2610dd81ce5e9084aac66686c11e98f0 - Path: Packages/com.unity.timeline/Editor/Unity.Timeline.Editor.api - Importer: ScriptedImporter/UnityEditor.QuickSearchModule:UnityEditor.Search:ASIAI0B' with importer (ScriptedImporter : UnityEditor.QuickSearchModule:UnityEditor.Search:ASIAI0B)
Imported 'GUID: 2610dd81ce5e9084aac66686c11e98f0' -> (Import Result ID: '751ec8262040057197aa2d445fe11daa') in 0.003 seconds [static and dynamic dependencies]. Details - ImportResultOutputID=26ec6d8581ef3d92e1d9fa420a813960 DependenciesID=e35d75251f4945f1091d64722870ec3f StaticDependenciesID=42bd92b6190ed4b7bab834ceff200a1f 
Number of updated asset objects reloaded before import = 0
Number of asset objects unloaded after import = 1
========================================================================
Received Import Request.
  Time of request: 2026-09-30T12:28:10.3352219Z
  Time since last request: 0.0004257 seconds.
  importAddress: GUID: 38eaad816666dfb428c3f123a09413c6 - Path: Packages/com.unity.timeline/Editor/Actions/TimelineAction.cs - Importer: ScriptedImporter/UnityEditor.QuickSearchModule:UnityEditor.Search:ASIAI0B
Importing 'GUID: 38eaad816666dfb428c3f123a09413c6 - Path: Packages/com.unity.timeline/Editor/Actions/TimelineAction.cs - Importer: ScriptedImporter/UnityEditor.QuickSearchModule:UnityEditor.Search:ASIAI0B' with importer (ScriptedImporter : UnityEditor.QuickSearchModule:UnityEditor.Search:ASIAI0B)
Imported 'GUID: 38eaad816666dfb428c3f123a09413c6' -> (Import Result ID: 'b70d2cacc8dbfc09ac358072d72ba8ee') in 0.002 seconds [static and dynamic dependencies]. Details - ImportResultOutputID=d7d61e3b12bc664c52b5933aebf4ba36 DependenciesID=ce1c2d408e24711cf1f7a148a923bd45 StaticDependenciesID=faabf335b7069862dec76f29484a6755 
Number of updated asset objects reloaded before import = 0
Number of asset objects unloaded after import = 0
========================================================================
Received Import Request.
  Time of request: 2026-09-30T12:28:10.3375108Z
  Time since last request: 0.0002635 seconds.
  importAddress: GUID: c46b007a3762fc84cb1ee7ca30060f0b - Path: Packages/com.unity.timeline/Editor/Activation/ActivationTrackInspector.cs - Importer: ScriptedImporter/UnityEditor.QuickSearchModule:UnityEditor.Search:ASIAI0B
Importing 'GUID: c46b007a3762fc84cb1ee7ca30060f0b - Path: Packages/com.unity.timeline/Editor/Activation/ActivationTrackInspector.cs - Importer: ScriptedImporter/UnityEditor.QuickSearchModule:UnityEditor.Search:ASIAI0B' with importer (ScriptedImporter : UnityEditor.QuickSearchModule:UnityEditor.Search:ASIAI0B)
Imported 'GUID: c46b007a3762fc84cb1ee7ca30060f0b' -> (Import Result ID: 'c78cecaefe1ec823fd9086ad7c0bd6cb') in 0.002 seconds [static and dynamic dependencies]. Details - ImportResultOutputID=c7ba42845cd49e0cc8d76ea75d821355 DependenciesID=73612f3086dbedfaa2bb326170bf611e StaticDependenciesID=d330b0cb81450e2b87dfb890e5996f87 
Number of updated asset objects reloaded before import = 0
Number of asset objects unloaded after import = 0
========================================================================
Received Import Request.
  Time of request: 2026-09-30T12:28:10.3394499Z
  Time since last request: 0.0002362 seconds.
  importAddress: GUID: e6870f707805737429a719f575621041 - Path: Packages/com.unity.timeline/Editor/Attributes/MenuEntryAttribute.cs - Importer: ScriptedImporter/UnityEditor.QuickSearchModule:UnityEditor.Search:ASIAI0B
Importing 'GUID: e6870f707805737429a719f575621041 - Path: Packages/com.unity.timeline/Editor/Attributes/MenuEntryAttribute.cs - Importer: ScriptedImporter/UnityEditor.QuickSearchModule:UnityEditor.Search:ASIAI0B' with importer (ScriptedImporter : UnityEditor.QuickSearchModule:UnityEditor.Search:ASIAI0B)
Imported 'GUID: e6870f707805737429a719f575621041' -> (Import Result ID: 'c082e9855e8b5249b7daf5a4d606aa44') in 0.001 seconds [static and dynamic dependencies]. Details - ImportResultOutputID=746a013623aaf78b34ef263c32be7d31 DependenciesID=1eabcc4eb4e9b650408c540a5c1d52c1 StaticDependenciesID=a78c416e060047aa7879464c4f0e25f9 
Number of updated asset objects reloaded before import = 0
Number of asset objects unloaded after import = 0
========================================================================
Received Import Request.
  Time of request: 2026-09-30T12:28:10.3413016Z
  Time since last request: 0.0003605 seconds.
  importAddress: GUID: 73777638379e4182aab687f602c721a0 - Path: Packages/com.unity.timeline/Runtime/TimelinePlayable_Animation.cs - Importer: ScriptedImporter/UnityEditor.QuickSearchModule:UnityEditor.Search:ASIAI0B
Importing 'GUID: 73777638379e4182aab687f602c721a0 - Path: Packages/com.unity.timeline/Runtime/TimelinePlayable_Animation.cs - Importer: ScriptedImporter/UnityEditor.QuickSearchModule:UnityEditor.Search:ASIAI0B' with importer (ScriptedImporter : UnityEditor.QuickSearchModule:UnityEditor.Search:ASIAI0B)
Imported 'GUID: 73777638379e4182aab687f602c721a0' -> (Import Result ID: 'c6df7fe81175b87227aed86f3935ec81') in 0.002 seconds [static and dynamic dependencies]. Details - ImportResultOutputID=349f26c56933f8255302e634a46c02ea DependenciesID=d6bc8419f2145921c8c05b6ddcd741f6 StaticDependenciesID=7a784c4237d840e4ecfecf9d69a75bbd 
Number of updated asset objects reloaded before import = 0
Number of asset objects unloaded after import = 0
========================================================================
Received Import Request.
  Time of request: 2026-09-30T12:28:10.3434355Z
  Time since last request: 0.0003899 seconds.
  importAddress: GUID: fda82b5ca7a4c5f40b497c4f5f4bd950 - Path: Packages/com.unity.timeline/Editor/Actions/TrackActions.cs - Importer: ScriptedImporter/UnityEditor.QuickSearchModule:UnityEditor.Search:ASIAI0B
Importing 'GUID: fda82b5ca7a4c5f40b497c4f5f4bd950 - Path: Packages/com.unity.timeline/Editor/Actions/TrackActions.cs - Importer: ScriptedImporter/UnityEditor.QuickSearchModule:UnityEditor.Search:ASIAI0B' with importer (ScriptedImporter : UnityEditor.QuickSearchModule:UnityEditor.Search:ASIAI0B)
Imported 'GUID: fda82b5ca7a4c5f40b497c4f5f4bd950' -> (Import Result ID: '817d45f1c8e2c1fec44cc43d569622d4') in 0.002 seconds [static and dynamic dependencies]. Details - ImportResultOutputID=8e1e9932bc145c689e33818b322d73e1 DependenciesID=53f71de44c5bf6dac4926e1d99cd29d1 StaticDependenciesID=fda3ffed6a6484e4f4847ccdc3a67df3 
Number of updated asset objects reloaded before import = 0
Number of asset objects unloaded after import = 0
========================================================================
Received Import Request.
  Time of request: 2026-09-30T12:28:10.3460996Z
  Time since last request: 0.0003748 seconds.
  importAddress: GUID: 5b6cac4a98010394791c66942a33caf4 - Path: Packages/com.unity.timeline/Editor/Audio/AudioClipPropertiesDrawer.cs - Importer: ScriptedImporter/UnityEditor.QuickSearchModule:UnityEditor.Search:ASIAI0B
Importing 'GUID: 5b6cac4a98010394791c66942a33caf4 - Path: Packages/com.unity.timeline/Editor/Audio/AudioClipPropertiesDrawer.cs - Importer: ScriptedImporter/UnityEditor.QuickSearchModule:UnityEditor.Search:ASIAI0B' with importer (ScriptedImporter : UnityEditor.QuickSearchModule:UnityEditor.Search:ASIAI0B)
Imported 'GUID: 5b6cac4a98010394791c66942a33caf4' -> (Import Result ID: '39197e694b27f646b896c64d8507118d') in 0.001 seconds [static and dynamic dependencies]. Details - ImportResultOutputID=a27cbd3d3d40476f581178c7e744010e DependenciesID=b14ff3f883d6e76cdb63a3773237e79f StaticDependenciesID=65e988f38118cc078c615c09556966d9 
Number of updated asset objects reloaded before import = 0
Number of asset objects unloaded after import = 0
========================================================================
Received Import Request.
  Time of request: 2026-09-30T12:28:10.3479039Z
  Time since last request: 0.0003864 seconds.
  importAddress: GUID: bbfc068399dbc814d96ebf991a1e5764 - Path: Packages/com.unity.timeline/Editor/Attributes/TimelineShortcutAttribute.cs - Importer: ScriptedImporter/UnityEditor.QuickSearchModule:UnityEditor.Search:ASIAI0B
Importing 'GUID: bbfc068399dbc814d96ebf991a1e5764 - Path: Packages/com.unity.timeline/Editor/Attributes/TimelineShortcutAttribute.cs - Importer: ScriptedImporter/UnityEditor.QuickSearchModule:UnityEditor.Search:ASIAI0B' with importer (ScriptedImporter : UnityEditor.QuickSearchModule:UnityEditor.Search:ASIAI0B)
Imported 'GUID: bbfc068399dbc814d96ebf991a1e5764' -> (Import Result ID: 'd1493be98ee4cd472a05ab2f70943aec') in 0.002 seconds [static and dynamic dependencies]. Details - ImportResultOutputID=51a11db3a300b751841a7d8d4e858c4a DependenciesID=443226656afe1c60023f9c8388706358 StaticDependenciesID=a78f3a82a5ea265ebe5f51c596f5aa9d 
Number of updated asset objects reloaded before import = 0
Number of asset objects unloaded after import = 0
========================================================================
Received Import Request.
  Time of request: 2026-09-30T12:28:10.3500953Z
  Time since last request: 0.0002682 seconds.
  importAddress: GUID: 0939c83f40ef46e584340aa87b3cadfe - Path: Packages/com.unity.timeline/Editor/Actions/IMenuChecked.cs - Importer: ScriptedImporter/UnityEditor.QuickSearchModule:UnityEditor.Search:ASIAI0B
Importing 'GUID: 0939c83f40ef46e584340aa87b3cadfe - Path: Packages/com.unity.timeline/Editor/Actions/IMenuChecked.cs - Importer: ScriptedImporter/UnityEditor.QuickSearchModule:UnityEditor.Search:ASIAI0B' with importer (ScriptedImporter : UnityEditor.QuickSearchModule:UnityEditor.Search:ASIAI0B)
Imported 'GUID: 0939c83f40ef46e584340aa87b3cadfe' -> (Import Result ID: '41bdf223a733a7d1f52275164d352898') in 0.002 seconds [static and dynamic dependencies]. Details - ImportResultOutputID=00df64bd1850c48d2951d56536949e3f DependenciesID=829d9be00a40e2bc0bc40e3ce6200bc5 StaticDependenciesID=c20c0683cd9dd70b3b0da54ce85db161 
Number of updated asset objects reloaded before import = 0
Number of asset objects unloaded after import = 0
========================================================================
Received Import Request.
  Time of request: 2026-09-30T12:28:10.3522861Z
  Time since last request: 0.0003428 seconds.
  importAddress: GUID: c9bf15581ac2f8d4eabf21cd2e6d161b - Path: Packages/com.unity.timeline/Runtime/Unity.Timeline.api - Importer: ScriptedImporter/UnityEditor.QuickSearchModule:UnityEditor.Search:ASIAI0B
Importing 'GUID: c9bf15581ac2f8d4eabf21cd2e6d161b - Path: Packages/com.unity.timeline/Runtime/Unity.Timeline.api - Importer: ScriptedImporter/UnityEditor.QuickSearchModule:UnityEditor.Search:ASIAI0B' with importer (ScriptedImporter : UnityEditor.QuickSearchModule:UnityEditor.Search:ASIAI0B)
Imported 'GUID: c9bf15581ac2f8d4eabf21cd2e6d161b' -> (Import Result ID: 'c49041136026bbbd2c6300dd676471c6') in 0.001 seconds [static and dynamic dependencies]. Details - ImportResultOutputID=7eb31cef94a5f3d88232a18f6676c475 DependenciesID=84d5fdfa2ae5668f7093d03ece56e2f9 StaticDependenciesID=cc138372bfd19a6d8bd281be0dfe597e 
Number of updated asset objects reloaded before import = 0
Number of asset objects unloaded after import = 1
========================================================================
Received Import Request.
  Time of request: 2026-09-30T12:28:10.3540052Z
  Time since last request: 0.0002709 seconds.
  importAddress: GUID: d4553f2006f48b6448553cb525d2876e - Path: Packages/com.unity.timeline/Editor/Animation/AnimationTrackActions.cs - Importer: ScriptedImporter/UnityEditor.QuickSearchModule:UnityEditor.Search:ASIAI0B
Importing 'GUID: d4553f2006f48b6448553cb525d2876e - Path: Packages/com.unity.timeline/Editor/Animation/AnimationTrackActions.cs - Importer: ScriptedImporter/UnityEditor.QuickSearchModule:UnityEditor.Search:ASIAI0B' with importer (ScriptedImporter : UnityEditor.QuickSearchModule:UnityEditor.Search:ASIAI0B)
Imported 'GUID: d4553f2006f48b6448553cb525d2876e' -> (Import Result ID: 'be6514ec7b3665c03ddb425105b6c0f0') in 0.001 seconds [static and dynamic dependencies]. Details - ImportResultOutputID=eeeb97fe8f18ac3459752a60280e20f6 DependenciesID=6b32baa30514444f5b3c70f5f7f0a236 StaticDependenciesID=d178097ec7331664c9e2bfd41a634c4c 
Number of updated asset objects reloaded before import = 0
Number of asset objects unloaded after import = 0
========================================================================
Received Import Request.
  Time of request: 2026-09-30T12:28:10.3559119Z
  Time since last request: 0.0004309 seconds.
  importAddress: GUID: 65f3a4c67e4927a478b7036bae1da0e3 - Path: Packages/com.unity.timeline/Runtime/TimelineClip.cs - Importer: ScriptedImporter/UnityEditor.QuickSearchModule:UnityEditor.Search:ASIAI0B
Importing 'GUID: 65f3a4c67e4927a478b7036bae1da0e3 - Path: Packages/com.unity.timeline/Runtime/TimelineClip.cs - Importer: ScriptedImporter/UnityEditor.QuickSearchModule:UnityEditor.Search:ASIAI0B' with importer (ScriptedImporter : UnityEditor.QuickSearchModule:UnityEditor.Search:ASIAI0B)
Imported 'GUID: 65f3a4c67e4927a478b7036bae1da0e3' -> (Import Result ID: '4b8308606d3cd6af10fcfa7a7c6971ac') in 0.002 seconds [static and dynamic dependencies]. Details - ImportResultOutputID=ec808975a2f05824f374c19b86ffc30e DependenciesID=114702d0e7bbefeb4372cb02410e4749 StaticDependenciesID=cd6e463dce33aeb1200d28c9e24d0301 
Number of updated asset objects reloaded before import = 0
Number of asset objects unloaded after import = 0
========================================================================
Received Import Request.
  Time of request: 2026-09-30T12:28:13.0416334Z
  Time since last request: 2.6839408 seconds.
  importAddress: GUID: 41dcdc094b311464c8d6cb614548d89b - Path: Packages/com.unity.timeline/Editor/inspectors/GroupTrackInspector.cs - Importer: ScriptedImporter/UnityEditor.QuickSearchModule:UnityEditor.Search:ASIAI0B
Importing 'GUID: 41dcdc094b311464c8d6cb614548d89b - Path: Packages/com.unity.timeline/Editor/inspectors/GroupTrackInspector.cs - Importer: ScriptedImporter/UnityEditor.QuickSearchModule:UnityEditor.Search:ASIAI0B' with importer (ScriptedImporter : UnityEditor.QuickSearchModule:UnityEditor.Search:ASIAI0B)
Imported 'GUID: 41dcdc094b311464c8d6cb614548d89b' -> (Import Result ID: 'bd3fd126478b6152669c6ebf7bcae8b0') in 0.003 seconds [static and dynamic dependencies]. Details - ImportResultOutputID=4a802d001f43fd28ae21f7c5ecddf865 DependenciesID=adced3b13b1a55bdbaf370f28242dc32 StaticDependenciesID=40453a586469b09eec3464c754a9246c 
Number of updated asset objects reloaded before import = 0
Number of asset objects unloaded after import = 0
========================================================================
Received Import Request.
  Time of request: 2026-09-30T12:28:13.0457972Z
  Time since last request: 0.0007248 seconds.
  importAddress: GUID: 167329c8289a3a14a9e342df49fc4104 - Path: Packages/com.unity.timeline/Editor/State/ISequenceState.cs - Importer: ScriptedImporter/UnityEditor.QuickSearchModule:UnityEditor.Search:ASIAI0B
Importing 'GUID: 167329c8289a3a14a9e342df49fc4104 - Path: Packages/com.unity.timeline/Editor/State/ISequenceState.cs - Importer: ScriptedImporter/UnityEditor.QuickSearchModule:UnityEditor.Search:ASIAI0B' with importer (ScriptedImporter : UnityEditor.QuickSearchModule:UnityEditor.Search:ASIAI0B)
Imported 'GUID: 167329c8289a3a14a9e342df49fc4104' -> (Import Result ID: '172f56991dda1caa0de3d5a07b12e168') in 0.002 seconds [static and dynamic dependencies]. Details - ImportResultOutputID=caeb61f6a2511dc1f3f4d175a184ac15 DependenciesID=024068a5a346da4e58e61a6990fcae2e StaticDependenciesID=5da136de822b492f2ab356ca64346542 
Number of updated asset objects reloaded before import = 0
Number of asset objects unloaded after import = 0
========================================================================
Received Import Request.
  Time of request: 2026-09-30T12:28:13.0485095Z
  Time since last request: 0.0005155 seconds.
  importAddress: GUID: ef4c81c9368d5a340b14c2fec1cad345 - Path: Packages/com.unity.timeline/Editor/Recording/TimelineRecording.cs - Importer: ScriptedImporter/UnityEditor.QuickSearchModule:UnityEditor.Search:ASIAI0B
Importing 'GUID: ef4c81c9368d5a340b14c2fec1cad345 - Path: Packages/com.unity.timeline/Editor/Recording/TimelineRecording.cs - Importer: ScriptedImporter/UnityEditor.QuickSearchModule:UnityEditor.Search:ASIAI0B' with importer (ScriptedImporter : UnityEditor.QuickSearchModule:UnityEditor.Search:ASIAI0B)
Imported 'GUID: ef4c81c9368d5a340b14c2fec1cad345' -> (Import Result ID: '15147d94319a10023e4e0003b65b412c') in 0.002 seconds [static and dynamic dependencies]. Details - ImportResultOutputID=737fcf8332f8179c2923708c8387fc7b DependenciesID=a7ab380f17b8d02434cf0662a43b6d10 StaticDependenciesID=3b127bd4dc6534caf0fab0ea08c7ad93 
Number of updated asset objects reloaded before import = 0
Number of asset objects unloaded after import = 0
========================================================================
Received Import Request.
  Time of request: 2026-09-30T12:28:13.0512286Z
  Time since last request: 0.0003188 seconds.
  importAddress: GUID: d143f3edd0494bc4c98a421bd59564fa - Path: Packages/com.unity.timeline/Editor/Items/ClipItem.cs - Importer: ScriptedImporter/UnityEditor.QuickSearchModule:UnityEditor.Search:ASIAI0B
Importing 'GUID: d143f3edd0494bc4c98a421bd59564fa - Path: Packages/com.unity.timeline/Editor/Items/ClipItem.cs - Importer: ScriptedImporter/UnityEditor.QuickSearchModule:UnityEditor.Search:ASIAI0B' with importer (ScriptedImporter : UnityEditor.QuickSearchModule:UnityEditor.Search:ASIAI0B)
Imported 'GUID: d143f3edd0494bc4c98a421bd59564fa' -> (Import Result ID: '66c5bbf1755562b7832a092f588d59a7') in 0.002 seconds [static and dynamic dependencies]. Details - ImportResultOutputID=581f8f13ea23a4356e59c9ad9bed5efc DependenciesID=3e0d96de05d076e8c58a422f68da48c0 StaticDependenciesID=a81f0448e0dd3c29b6a7226ba07a3497 
Number of updated asset objects reloaded before import = 0
Number of asset objects unloaded after import = 0
========================================================================
Received Import Request.
  Time of request: 2026-09-30T12:28:13.0540531Z
  Time since last request: 0.0004379 seconds.
  importAddress: GUID: 52d9cbed2cc0d4faab5168848d1f2e37 - Path: Packages/com.unity.timeline/Editor/Localization/Localization.cs - Importer: ScriptedImporter/UnityEditor.QuickSearchModule:UnityEditor.Search:ASIAI0B
Importing 'GUID: 52d9cbed2cc0d4faab5168848d1f2e37 - Path: Packages/com.unity.timeline/Editor/Localization/Localization.cs - Importer: ScriptedImporter/UnityEditor.QuickSearchModule:UnityEditor.Search:ASIAI0B' with importer (ScriptedImporter : UnityEditor.QuickSearchModule:UnityEditor.Search:ASIAI0B)
Imported 'GUID: 52d9cbed2cc0d4faab5168848d1f2e37' -> (Import Result ID: '41f9f7671a89a1f93c9d072958f02a24') in 0.002 seconds [static and dynamic dependencies]. Details - ImportResultOutputID=9ed40cfb0bea1559100074f243ba9b06 DependenciesID=fea2b78bfad86e8f9fc5db0da015b5ad StaticDependenciesID=ac2206b47a1e2d78f4d78495b1f19f02 
Number of updated asset objects reloaded before import = 0
Number of asset objects unloaded after import = 0
========================================================================
Received Import Request.
  Time of request: 2026-09-30T12:28:13.0567091Z
  Time since last request: 0.0003124 seconds.
  importAddress: GUID: 70b265ed18dc14041bedc0263d4578ef - Path: Packages/com.unity.timeline/Editor/Signals/SignalReceiverInspector.cs - Importer: ScriptedImporter/UnityEditor.QuickSearchModule:UnityEditor.Search:ASIAI0B
Importing 'GUID: 70b265ed18dc14041bedc0263d4578ef - Path: Packages/com.unity.timeline/Editor/Signals/SignalReceiverInspector.cs - Importer: ScriptedImporter/UnityEditor.QuickSearchModule:UnityEditor.Search:ASIAI0B' with importer (ScriptedImporter : UnityEditor.QuickSearchModule:UnityEditor.Search:ASIAI0B)
Imported 'GUID: 70b265ed18dc14041bedc0263d4578ef' -> (Import Result ID: '68e43081d8078d52e1d9a8228d2f28fa') in 0.003 seconds [static and dynamic dependencies]. Details - ImportResultOutputID=588f41c8f876d064b77eb8659245e3cb DependenciesID=fba1d063287219a2e069f7bd65e74f6b StaticDependenciesID=d8abfa0f39d4477a2145a0e3bb45d2d3 
Number of updated asset objects reloaded before import = 0
Number of asset objects unloaded after import = 0
========================================================================
Received Import Request.
  Time of request: 2026-09-30T12:28:13.059791Z
  Time since last request: 0.0003746 seconds.
  importAddress: GUID: 227613ec5b3943443a284e30a6d6b91e - Path: Packages/com.unity.timeline/Editor/inspectors/TimelinePreferences.cs - Importer: ScriptedImporter/UnityEditor.QuickSearchModule:UnityEditor.Search:ASIAI0B
Importing 'GUID: 227613ec5b3943443a284e30a6d6b91e - Path: Packages/com.unity.timeline/Editor/inspectors/TimelinePreferences.cs - Importer: ScriptedImporter/UnityEditor.QuickSearchModule:UnityEditor.Search:ASIAI0B' with importer (ScriptedImporter : UnityEditor.QuickSearchModule:UnityEditor.Search:ASIAI0B)
Imported 'GUID: 227613ec5b3943443a284e30a6d6b91e' -> (Import Result ID: 'fd703bd5225a40c21bae1f0630731045') in 0.002 seconds [static and dynamic dependencies]. Details - ImportResultOutputID=341a1283e07ff412ce33c731905b13c5 DependenciesID=17249650b8886af4a47b4d777573aefb StaticDependenciesID=4c050dd3888e4770ba00e98fffe894f5 
Number of updated asset objects reloaded before import = 0
Number of asset objects unloaded after import = 0
========================================================================
Received Import Request.
  Time of request: 2026-09-30T12:28:13.0622867Z
  Time since last request: 0.0002811 seconds.
  importAddress: GUID: 49f1d2c7420db4444b011955726d0046 - Path: Packages/com.unity.timeline/Editor/Recording/TrackAssetRecordingExtensions.cs - Importer: ScriptedImporter/UnityEditor.QuickSearchModule:UnityEditor.Search:ASIAI0B
Importing 'GUID: 49f1d2c7420db4444b011955726d0046 - Path: Packages/com.unity.timeline/Editor/Recording/TrackAssetRecordingExtensions.cs - Importer: ScriptedImporter/UnityEditor.QuickSearchModule:UnityEditor.Search:ASIAI0B' with importer (ScriptedImporter : UnityEditor.QuickSearchModule:UnityEditor.Search:ASIAI0B)
Imported 'GUID: 49f1d2c7420db4444b011955726d0046' -> (Import Result ID: 'a8342f7a5734788804973eb95a4d6297') in 0.002 seconds [static and dynamic dependencies]. Details - ImportResultOutputID=56a85b80729179892bcea572e15aae74 DependenciesID=9ecb99785a34b3681620016cff98c288 StaticDependenciesID=103b58fe5e156e7741950e613ccca65a 
Number of updated asset objects reloaded before import = 0
Number of asset objects unloaded after import = 0
========================================================================
Received Import Request.
  Time of request: 2026-09-30T12:28:13.064711Z
  Time since last request: 0.0002937 seconds.
  importAddress: GUID: 09f4db536a377bc40a9ac110af702bfa - Path: Packages/com.unity.timeline/Editor/State/SequenceState.cs - Importer: ScriptedImporter/UnityEditor.QuickSearchModule:UnityEditor.Search:ASIAI0B
Importing 'GUID: 09f4db536a377bc40a9ac110af702bfa - Path: Packages/com.unity.timeline/Editor/State/SequenceState.cs - Importer: ScriptedImporter/UnityEditor.QuickSearchModule:UnityEditor.Search:ASIAI0B' with importer (ScriptedImporter : UnityEditor.QuickSearchModule:UnityEditor.Search:ASIAI0B)
Imported 'GUID: 09f4db536a377bc40a9ac110af702bfa' -> (Import Result ID: '8050e311997995ba8fe03d2dff6d900f') in 0.002 seconds [static and dynamic dependencies]. Details - ImportResultOutputID=26442329f622f76ab1022c2c519a537f DependenciesID=c8654cd4e75976a2fb7433b981a93dfa StaticDependenciesID=b52857bb37920468b4eeab4715d33e97 
Number of updated asset objects reloaded before import = 0
Number of asset objects unloaded after import = 0
========================================================================
Received Import Request.
  Time of request: 2026-09-30T12:28:13.0675954Z
  Time since last request: 0.0002516 seconds.
  importAddress: GUID: 197c1114eb793d24c8ef31120a134e88 - Path: Packages/com.unity.timeline/Editor/inspectors/EditorClip.cs - Importer: ScriptedImporter/UnityEditor.QuickSearchModule:UnityEditor.Search:ASIAI0B
Importing 'GUID: 197c1114eb793d24c8ef31120a134e88 - Path: Packages/com.unity.timeline/Editor/inspectors/EditorClip.cs - Importer: ScriptedImporter/UnityEditor.QuickSearchModule:UnityEditor.Search:ASIAI0B' with importer (ScriptedImporter : UnityEditor.QuickSearchModule:UnityEditor.Search:ASIAI0B)
Imported 'GUID: 197c1114eb793d24c8ef31120a134e88' -> (Import Result ID: '1ca4c66c69eeb7103c417752859652fa') in 0.002 seconds [static and dynamic dependencies]. Details - ImportResultOutputID=aa6571b2a9f59d34e8420fe159747095 DependenciesID=5058178e6549cc8587041459d5785255 StaticDependenciesID=ce84b1586a37fd06b72158cabd186546 
Number of updated asset objects reloaded before import = 0
Number of asset objects unloaded after import = 0
========================================================================
Received Import Request.
  Time of request: 2026-09-30T12:28:13.0701215Z
  Time since last request: 0.0008617 seconds.
  importAddress: GUID: 3387717991705ce4e8ef033a0e543a06 - Path: Packages/com.unity.timeline/Editor/inspectors/TimelineInspectorUtility.cs - Importer: ScriptedImporter/UnityEditor.QuickSearchModule:UnityEditor.Search:ASIAI0B
Importing 'GUID: 3387717991705ce4e8ef033a0e543a06 - Path: Packages/com.unity.timeline/Editor/inspectors/TimelineInspectorUtility.cs - Importer: ScriptedImporter/UnityEditor.QuickSearchModule:UnityEditor.Search:ASIAI0B' with importer (ScriptedImporter : UnityEditor.QuickSearchModule:UnityEditor.Search:ASIAI0B)
Imported 'GUID: 3387717991705ce4e8ef033a0e543a06' -> (Import Result ID: 'd0e3188f8a5c1dea150c06de3a07f3f8') in 0.005 seconds [static and dynamic dependencies]. Details - ImportResultOutputID=70038bda0d198bcf72ed74dec37a3605 DependenciesID=1321dae2843401f3ed8111bf7c033087 StaticDependenciesID=a0e851a859ef9a024ff7a1713a720fa6 
Number of updated asset objects reloaded before import = 0
Number of asset objects unloaded after import = 0
========================================================================
Received Import Request.
  Time of request: 2026-09-30T12:28:13.0756607Z
  Time since last request: 0.0003574 seconds.
  importAddress: GUID: 8795e0dd0041d2f44b1fe1959fc9fb53 - Path: Packages/com.unity.timeline/Editor/inspectors/TrackAssetInspector.cs - Importer: ScriptedImporter/UnityEditor.QuickSearchModule:UnityEditor.Search:ASIAI0B
Importing 'GUID: 8795e0dd0041d2f44b1fe1959fc9fb53 - Path: Packages/com.unity.timeline/Editor/inspectors/TrackAssetInspector.cs - Importer: ScriptedImporter/UnityEditor.QuickSearchModule:UnityEditor.Search:ASIAI0B' with importer (ScriptedImporter : UnityEditor.QuickSearchModule:UnityEditor.Search:ASIAI0B)
Imported 'GUID: 8795e0dd0041d2f44b1fe1959fc9fb53' -> (Import Result ID: 'bcf38141986480a7d095a673347568af') in 0.002 seconds [static and dynamic dependencies]. Details - ImportResultOutputID=c09c1366955991f09c4087d1d56c3f09 DependenciesID=8c50eb93d8ea999df8442193e819cac2 StaticDependenciesID=1bd94b1921a7c6fb080283dd6a82a051 
Number of updated asset objects reloaded before import = 0
Number of asset objects unloaded after import = 0
========================================================================
Received Import Request.
  Time of request: 2026-09-30T12:28:13.0786846Z
  Time since last request: 0.000464 seconds.
  importAddress: GUID: 1d446e57147ca9b4183edfbbfa9bf206 - Path: Packages/com.unity.timeline/Editor/Manipulators/TimeIndicator.cs - Importer: ScriptedImporter/UnityEditor.QuickSearchModule:UnityEditor.Search:ASIAI0B
Importing 'GUID: 1d446e57147ca9b4183edfbbfa9bf206 - Path: Packages/com.unity.timeline/Editor/Manipulators/TimeIndicator.cs - Importer: ScriptedImporter/UnityEditor.QuickSearchModule:UnityEditor.Search:ASIAI0B' with importer (ScriptedImporter : UnityEditor.QuickSearchModule:UnityEditor.Search:ASIAI0B)
Imported 'GUID: 1d446e57147ca9b4183edfbbfa9bf206' -> (Import Result ID: '55c6332a784cb77396d6c2f777ceb8d5') in 0.002 seconds [static and dynamic dependencies]. Details - ImportResultOutputID=881c22d193ed0654498ed46dd3d48996 DependenciesID=6361337150e231c02c718fa218cbf860 StaticDependenciesID=1889c3cd138af84a3f95e6764a9a49e3 
Number of updated asset objects reloaded before import = 0
Number of asset objects unloaded after import = 0
========================================================================
Received Import Request.
  Time of request: 2026-09-30T12:28:13.0815477Z
  Time since last request: 0.0006399 seconds.
  importAddress: GUID: 7d3aa106cfe752241997b3759bf80163 - Path: Packages/com.unity.timeline/Editor/Extensions/AnimatedParameterExtensions.cs - Importer: ScriptedImporter/UnityEditor.QuickSearchModule:UnityEditor.Search:ASIAI0B
Importing 'GUID: 7d3aa106cfe752241997b3759bf80163 - Path: Packages/com.unity.timeline/Editor/Extensions/AnimatedParameterExtensions.cs - Importer: ScriptedImporter/UnityEditor.QuickSearchModule:UnityEditor.Search:ASIAI0B' with importer (ScriptedImporter : UnityEditor.QuickSearchModule:UnityEditor.Search:ASIAI0B)
Imported 'GUID: 7d3aa106cfe752241997b3759bf80163' -> (Import Result ID: '3c54a4a745a5531e6008e214d9c26c6f') in 0.002 seconds [static and dynamic dependencies]. Details - ImportResultOutputID=25463a7e62af2f58a4eb8621713c8d37 DependenciesID=385e6d219016b086ae04f21339841408 StaticDependenciesID=6177d424fc270bbd290d9fa65bcb63f9 
Number of updated asset objects reloaded before import = 0
Number of asset objects unloaded after import = 0
========================================================================
Received Import Request.
  Time of request: 2026-09-30T12:28:13.0839715Z
  Time since last request: 0.000613 seconds.
  importAddress: GUID: 9805855c8e379ed4cad77f639aaddb73 - Path: Packages/com.unity.timeline/Editor/Recording/TimelineRecording_Monobehaviour.cs - Importer: ScriptedImporter/UnityEditor.QuickSearchModule:UnityEditor.Search:ASIAI0B
Importing 'GUID: 9805855c8e379ed4cad77f639aaddb73 - Path: Packages/com.unity.timeline/Editor/Recording/TimelineRecording_Monobehaviour.cs - Importer: ScriptedImporter/UnityEditor.QuickSearchModule:UnityEditor.Search:ASIAI0B' with importer (ScriptedImporter : UnityEditor.QuickSearchModule:UnityEditor.Search:ASIAI0B)
Imported 'GUID: 9805855c8e379ed4cad77f639aaddb73' -> (Import Result ID: '4595a52e7de2d049db23c69f56e28309') in 0.002 seconds [static and dynamic dependencies]. Details - ImportResultOutputID=ef38dc87562b4a14fa92780f0c1cdccf DependenciesID=44e06c8b2c7f82c7b07dd2e22310c4e1 StaticDependenciesID=31452e515c006621a4ef8d2ce02b6bc0 
Number of updated asset objects reloaded before import = 0
Number of asset objects unloaded after import = 0
========================================================================
Received Import Request.
  Time of request: 2026-09-30T12:28:13.0867684Z
  Time since last request: 0.0003613 seconds.
  importAddress: GUID: 1ec4b8ec4b34f4344bac53c19288eaa2 - Path: Packages/com.unity.timeline/Editor/Items/ItemsGroup.cs - Importer: ScriptedImporter/UnityEditor.QuickSearchModule:UnityEditor.Search:ASIAI0B
Importing 'GUID: 1ec4b8ec4b34f4344bac53c19288eaa2 - Path: Packages/com.unity.timeline/Editor/Items/ItemsGroup.cs - Importer: ScriptedImporter/UnityEditor.QuickSearchModule:UnityEditor.Search:ASIAI0B' with importer (ScriptedImporter : UnityEditor.QuickSearchModule:UnityEditor.Search:ASIAI0B)
Imported 'GUID: 1ec4b8ec4b34f4344bac53c19288eaa2' -> (Import Result ID: '6b87fddc559369fca573f89735a4bd37') in 0.002 seconds [static and dynamic dependencies]. Details - ImportResultOutputID=3d1cacd6b6c97368a6b8312fcc4f7327 DependenciesID=1cd205e4e80cd47ef58e9106141c5106 StaticDependenciesID=959b1393c7502cdd73b055284e053d05 
Number of updated asset objects reloaded before import = 0
Number of asset objects unloaded after import = 0
========================================================================
Received Import Request.
  Time of request: 2026-09-30T12:28:13.089338Z
  Time since last request: 0.0002641 seconds.
  importAddress: GUID: 2cb1ca12d228148318e1a7d8cc441147 - Path: Packages/com.unity.timeline/Editor/Localization/ja.po - Importer: ScriptedImporter/UnityEditor.QuickSearchModule:UnityEditor.Search:ASIAI0B
Importing 'GUID: 2cb1ca12d228148318e1a7d8cc441147 - Path: Packages/com.unity.timeline/Editor/Localization/ja.po - Importer: ScriptedImporter/UnityEditor.QuickSearchModule:UnityEditor.Search:ASIAI0B' with importer (ScriptedImporter : UnityEditor.QuickSearchModule:UnityEditor.Search:ASIAI0B)
Imported 'GUID: 2cb1ca12d228148318e1a7d8cc441147' -> (Import Result ID: 'a26ba538e43dbc748c213f5aad3bbdb1') in 0.003 seconds [static and dynamic dependencies]. Details - ImportResultOutputID=e9a441aa2e14eb919895e2b682d7b796 DependenciesID=c8d215de5baf167ef257bd7ea6607cb2 StaticDependenciesID=b22e01aefd882f92e2eabfa8ab21c371 
Number of updated asset objects reloaded before import = 0
Number of asset objects unloaded after import = 1
========================================================================
Received Import Request.
  Time of request: 2026-09-30T12:28:13.0926309Z
  Time since last request: 0.0005229 seconds.
  importAddress: GUID: 7341c0cd0aad4994e8fa461cb443aa7d - Path: Packages/com.unity.timeline/Editor/Recording/TimelineRecording_PlayableAsset.cs - Importer: ScriptedImporter/UnityEditor.QuickSearchModule:UnityEditor.Search:ASIAI0B
Importing 'GUID: 7341c0cd0aad4994e8fa461cb443aa7d - Path: Packages/com.unity.timeline/Editor/Recording/TimelineRecording_PlayableAsset.cs - Importer: ScriptedImporter/UnityEditor.QuickSearchModule:UnityEditor.Search:ASIAI0B' with importer (ScriptedImporter : UnityEditor.QuickSearchModule:UnityEditor.Search:ASIAI0B)
Imported 'GUID: 7341c0cd0aad4994e8fa461cb443aa7d' -> (Import Result ID: '639e61ebf901c4f206ba0629dad1be75') in 0.002 seconds [static and dynamic dependencies]. Details - ImportResultOutputID=2276a21d2355aee8ecc7745050653592 DependenciesID=9a2b63d5baefa0ebd4a3ec8d7848db85 StaticDependenciesID=9384f36005d2c1d8e92b95e004393943 
Number of updated asset objects reloaded before import = 0
Number of asset objects unloaded after import = 0
========================================================================
Received Import Request.
  Time of request: 2026-09-30T12:28:13.0955713Z
  Time since last request: 0.0005222 seconds.
  importAddress: GUID: 255b0c6d400fd964dab3029c8abc53f4 - Path: Packages/com.unity.timeline/Editor/Signals/SignalManager.cs - Importer: ScriptedImporter/UnityEditor.QuickSearchModule:UnityEditor.Search:ASIAI0B
Importing 'GUID: 255b0c6d400fd964dab3029c8abc53f4 - Path: Packages/com.unity.timeline/Editor/Signals/SignalManager.cs - Importer: ScriptedImporter/UnityEditor.QuickSearchModule:UnityEditor.Search:ASIAI0B' with importer (ScriptedImporter : UnityEditor.QuickSearchModule:UnityEditor.Search:ASIAI0B)
Imported 'GUID: 255b0c6d400fd964dab3029c8abc53f4' -> (Import Result ID: '689bd37175f5f095025f9e9fede97ccb') in 0.002 seconds [static and dynamic dependencies]. Details - ImportResultOutputID=42c2183580ad963ee6152ed0c876272c DependenciesID=677e70abb66ab5cedcd09b90a3af9af4 StaticDependenciesID=e04bba5713f21512bd3d38771831050c 
Number of updated asset objects reloaded before import = 0
Number of asset objects unloaded after import = 0
========================================================================
Received Import Request.
  Time of request: 2026-09-30T12:28:13.0984375Z
  Time since last request: 0.0003238 seconds.
  importAddress: GUID: d5718b3fe3a758b4a9ec29170290d4f6 - Path: Packages/com.unity.timeline/Editor/Properties/AssemblyInfo.cs - Importer: ScriptedImporter/UnityEditor.QuickSearchModule:UnityEditor.Search:ASIAI0B
Importing 'GUID: d5718b3fe3a758b4a9ec29170290d4f6 - Path: Packages/com.unity.timeline/Editor/Properties/AssemblyInfo.cs - Importer: ScriptedImporter/UnityEditor.QuickSearchModule:UnityEditor.Search:ASIAI0B' with importer (ScriptedImporter : UnityEditor.QuickSearchModule:UnityEditor.Search:ASIAI0B)
Imported 'GUID: d5718b3fe3a758b4a9ec29170290d4f6' -> (Import Result ID: '3992b453972d35aa70b7395825914e68') in 0.002 seconds [static and dynamic dependencies]. Details - ImportResultOutputID=6a9317296b2f378a41188abe972d0783 DependenciesID=6222c331e6ea72a7e0fc8f193aea01be StaticDependenciesID=4ffdc86369f7aee822812b27c06455e0 
Number of updated asset objects reloaded before import = 0
Number of asset objects unloaded after import = 0
========================================================================
Received Import Request.
  Time of request: 2026-09-30T12:28:13.1029299Z
  Time since last request: 0.0021223 seconds.
  importAddress: GUID: dfd084fea478f3148b7de3d83bab1d8c - Path: Packages/com.unity.timeline/Editor/Manipulators/EditMode.cs - Importer: ScriptedImporter/UnityEditor.QuickSearchModule:UnityEditor.Search:ASIAI0B
Importing 'GUID: dfd084fea478f3148b7de3d83bab1d8c - Path: Packages/com.unity.timeline/Editor/Manipulators/EditMode.cs - Importer: ScriptedImporter/UnityEditor.QuickSearchModule:UnityEditor.Search:ASIAI0B' with importer (ScriptedImporter : UnityEditor.QuickSearchModule:UnityEditor.Search:ASIAI0B)
Imported 'GUID: dfd084fea478f3148b7de3d83bab1d8c' -> (Import Result ID: '42ca201f384be65ec0c0d366d7925f7c') in 0.002 seconds [static and dynamic dependencies]. Details - ImportResultOutputID=a63e1bf3fb579ee75ce917ab6866e352 DependenciesID=454f029d9ce627105223356fcd749e00 StaticDependenciesID=400a72d10fa7ea191b2bb77777223c7d 
Number of updated asset objects reloaded before import = 0
Number of asset objects unloaded after import = 0
========================================================================
Received Import Request.
  Time of request: 2026-09-30T12:28:13.1135136Z
  Time since last request: 0.0080542 seconds.
  importAddress: GUID: e1e957d39ca70834f9212a1289b6a0d5 - Path: Packages/com.unity.timeline/Editor/Utilities/CustomTrackDrawerAttribute.cs - Importer: ScriptedImporter/UnityEditor.QuickSearchModule:UnityEditor.Search:ASIAI0B
Importing 'GUID: e1e957d39ca70834f9212a1289b6a0d5 - Path: Packages/com.unity.timeline/Editor/Utilities/CustomTrackDrawerAttribute.cs - Importer: ScriptedImporter/UnityEditor.QuickSearchModule:UnityEditor.Search:ASIAI0B' with importer (ScriptedImporter : UnityEditor.QuickSearchModule:UnityEditor.Search:ASIAI0B)
Imported 'GUID: e1e957d39ca70834f9212a1289b6a0d5' -> (Import Result ID: 'd80f8eb2f84c5980d75f25de0d33d71d') in 0.003 seconds [static and dynamic dependencies]. Details - ImportResultOutputID=a837891cd0f9127e527e62c88f7e90ed DependenciesID=f531e03a6b9cc49ddc679d0159aafc9d StaticDependenciesID=8587a74112c6aac17425c4383933ae70 
Number of updated asset objects reloaded before import = 0
Number of asset objects unloaded after import = 0
========================================================================
Received Import Request.
  Time of request: 2026-09-30T12:28:13.1174982Z
  Time since last request: 0.0004031 seconds.
  importAddress: GUID: ef5fa6e2005defb4ab5142723827b58e - Path: Packages/com.unity.timeline/Editor/Utilities/BindingUtility.cs - Importer: ScriptedImporter/UnityEditor.QuickSearchModule:UnityEditor.Search:ASIAI0B
Importing 'GUID: ef5fa6e2005defb4ab5142723827b58e - Path: Packages/com.unity.timeline/Editor/Utilities/BindingUtility.cs - Importer: ScriptedImporter/UnityEditor.QuickSearchModule:UnityEditor.Search:ASIAI0B' with importer (ScriptedImporter : UnityEditor.QuickSearchModule:UnityEditor.Search:ASIAI0B)
Imported 'GUID: ef5fa6e2005defb4ab5142723827b58e' -> (Import Result ID: 'd779bb8c482256902bfb87bed4f9f98e') in 0.002 seconds [static and dynamic dependencies]. Details - ImportResultOutputID=5f4fe5cf6fdf7b0edca64d0b014ca394 DependenciesID=e5697b37a0aed2503a8401e5d6a88b54 StaticDependenciesID=7c1e3860acca6b27dcbe44928c737b22 
Number of updated asset objects reloaded before import = 0
Number of asset objects unloaded after import = 0
========================================================================
Received Import Request.
  Time of request: 2026-09-30T12:28:13.1197602Z
  Time since last request: 0.0004412 seconds.
  importAddress: GUID: 4b57f909f22642d469a39e9628535312 - Path: Packages/com.unity.timeline/Editor/Utilities/KeyTraverser.cs - Importer: ScriptedImporter/UnityEditor.QuickSearchModule:UnityEditor.Search:ASIAI0B
Importing 'GUID: 4b57f909f22642d469a39e9628535312 - Path: Packages/com.unity.timeline/Editor/Utilities/KeyTraverser.cs - Importer: ScriptedImporter/UnityEditor.QuickSearchModule:UnityEditor.Search:ASIAI0B' with importer (ScriptedImporter : UnityEditor.QuickSearchModule:UnityEditor.Search:ASIAI0B)
Imported 'GUID: 4b57f909f22642d469a39e9628535312' -> (Import Result ID: '11a3b969c09fdcee1df8c46455ab9bf9') in 0.002 seconds [static and dynamic dependencies]. Details - ImportResultOutputID=2f0a21a53874e82dfe923f46181eb324 DependenciesID=846f66a568a9d600ab4db0f5121679e8 StaticDependenciesID=64eeffee31ccce23f1bef514442f973c 
Number of updated asset objects reloaded before import = 0
Number of asset objects unloaded after import = 0
========================================================================
Received Import Request.
  Time of request: 2026-09-30T12:28:13.122061Z
  Time since last request: 0.0004159 seconds.
  importAddress: GUID: f817a38900380be47942905e17e7d39b - Path: Packages/com.unity.timeline/Editor/Window/TimelineWindow.cs - Importer: ScriptedImporter/UnityEditor.QuickSearchModule:UnityEditor.Search:ASIAI0B
Importing 'GUID: f817a38900380be47942905e17e7d39b - Path: Packages/com.unity.timeline/Editor/Window/TimelineWindow.cs - Importer: ScriptedImporter/UnityEditor.QuickSearchModule:UnityEditor.Search:ASIAI0B' with importer (ScriptedImporter : UnityEditor.QuickSearchModule:UnityEditor.Search:ASIAI0B)
Imported 'GUID: f817a38900380be47942905e17e7d39b' -> (Import Result ID: 'd7e3d1d037a0009bb033cfed5edb71f6') in 0.002 seconds [static and dynamic dependencies]. Details - ImportResultOutputID=d580fefce9d39c427caec25af6540e45 DependenciesID=f7a5de66d736fd03d14f333ecaa40017 StaticDependenciesID=c08f6f729636615489da8c5d7eae74bd 
Number of updated asset objects reloaded before import = 0
Number of asset objects unloaded after import = 0
========================================================================
Received Import Request.
  Time of request: 2026-09-30T12:28:13.1250891Z
  Time since last request: 0.0007242 seconds.
  importAddress: GUID: 5ecec8cdc3ff99e4a9c65635d7e6b043 - Path: Packages/com.unity.timeline/Editor/treeview/IRowGUI.cs - Importer: ScriptedImporter/UnityEditor.QuickSearchModule:UnityEditor.Search:ASIAI0B
Importing 'GUID: 5ecec8cdc3ff99e4a9c65635d7e6b043 - Path: Packages/com.unity.timeline/Editor/treeview/IRowGUI.cs - Importer: ScriptedImporter/UnityEditor.QuickSearchModule:UnityEditor.Search:ASIAI0B' with importer (ScriptedImporter : UnityEditor.QuickSearchModule:UnityEditor.Search:ASIAI0B)
Imported 'GUID: 5ecec8cdc3ff99e4a9c65635d7e6b043' -> (Import Result ID: '913427fb98c81c350e8da78a019fcd84') in 0.002 seconds [static and dynamic dependencies]. Details - ImportResultOutputID=7fc824f4523a80d90b74cdb6e1147a3d DependenciesID=8ae725a522c92fceae532451ac174646 StaticDependenciesID=ff69638e4d417c18fae75577c7b1ef18 
Number of updated asset objects reloaded before import = 0
Number of asset objects unloaded after import = 0
========================================================================
Received Import Request.
  Time of request: 2026-09-30T12:28:13.1275123Z
  Time since last request: 0.0004903 seconds.
  importAddress: GUID: 5f31f28cc64c91042976555c016ffd5f - Path: Packages/com.unity.timeline/Editor/Utilities/StyleManager.cs - Importer: ScriptedImporter/UnityEditor.QuickSearchModule:UnityEditor.Search:ASIAI0B
Importing 'GUID: 5f31f28cc64c91042976555c016ffd5f - Path: Packages/com.unity.timeline/Editor/Utilities/StyleManager.cs - Importer: ScriptedImporter/UnityEditor.QuickSearchModule:UnityEditor.Search:ASIAI0B' with importer (ScriptedImporter : UnityEditor.QuickSearchModule:UnityEditor.Search:ASIAI0B)
Imported 'GUID: 5f31f28cc64c91042976555c016ffd5f' -> (Import Result ID: '5dca5028b9a38fc9290b433bc81de8f6') in 0.001 seconds [static and dynamic dependencies]. Details - ImportResultOutputID=7257bb8d64a697692e86f0227ec4dabf DependenciesID=ee62a713eef185e82056928f1d2f1708 StaticDependenciesID=a6901df0c5a213c9121ce898d6857e31 
Number of updated asset objects reloaded before import = 0
Number of asset objects unloaded after import = 0
========================================================================
Received Import Request.
  Time of request: 2026-09-30T12:28:13.1295534Z
  Time since last request: 0.0003844 seconds.
  importAddress: GUID: 84d86c98104d94063ad70bc591530f65 - Path: Packages/com.unity.timeline/Editor/Utilities/AnimatedParameterUtility.cs - Importer: ScriptedImporter/UnityEditor.QuickSearchModule:UnityEditor.Search:ASIAI0B
Importing 'GUID: 84d86c98104d94063ad70bc591530f65 - Path: Packages/com.unity.timeline/Editor/Utilities/AnimatedParameterUtility.cs - Importer: ScriptedImporter/UnityEditor.QuickSearchModule:UnityEditor.Search:ASIAI0B' with importer (ScriptedImporter : UnityEditor.QuickSearchModule:UnityEditor.Search:ASIAI0B)
Imported 'GUID: 84d86c98104d94063ad70bc591530f65' -> (Import Result ID: 'f1be0f93fbd7fdfaf4a16bdf6fcb5076') in 0.001 seconds [static and dynamic dependencies]. Details - ImportResultOutputID=f6d1f31c9e1e9b629f437afc639109da DependenciesID=6c483d54c1d65a967abe8eeb3aa39a78 StaticDependenciesID=15b9230909f4b0a505392aeb84482fbb 
Number of updated asset objects reloaded before import = 0
Number of asset objects unloaded after import = 0
========================================================================
Received Import Request.
  Time of request: 2026-09-30T12:28:13.1315387Z
  Time since last request: 0.0003459 seconds.
  importAddress: GUID: 3484c53050e20474bb37d3808245721a - Path: Packages/com.unity.timeline/Editor/Undo/UndoExtensions.cs - Importer: ScriptedImporter/UnityEditor.QuickSearchModule:UnityEditor.Search:ASIAI0B
Importing 'GUID: 3484c53050e20474bb37d3808245721a - Path: Packages/com.unity.timeline/Editor/Undo/UndoExtensions.cs - Importer: ScriptedImporter/UnityEditor.QuickSearchModule:UnityEditor.Search:ASIAI0B' with importer (ScriptedImporter : UnityEditor.QuickSearchModule:UnityEditor.Search:ASIAI0B)
Imported 'GUID: 3484c53050e20474bb37d3808245721a' -> (Import Result ID: '13d147b4b16f5c0c95ff1df1a0ab3d4b') in 0.002 seconds [static and dynamic dependencies]. Details - ImportResultOutputID=f2af22aee5539cb50080be8b71bd8164 DependenciesID=a6474ed18a61806390f5e46e7178b66d StaticDependenciesID=611168e41ec4dc941cd20d5b1e3615f5 
Number of updated asset objects reloaded before import = 0
Number of asset objects unloaded after import = 0
========================================================================
Received Import Request.
  Time of request: 2026-09-30T12:28:13.1338908Z
  Time since last request: 0.0004697 seconds.
  importAddress: GUID: 4f4398a10f384dacb37698e5b1f8fede - Path: Packages/com.unity.timeline/Editor/Window/OverlayDrawer.cs - Importer: ScriptedImporter/UnityEditor.QuickSearchModule:UnityEditor.Search:ASIAI0B
Importing 'GUID: 4f4398a10f384dacb37698e5b1f8fede - Path: Packages/com.unity.timeline/Editor/Window/OverlayDrawer.cs - Importer: ScriptedImporter/UnityEditor.QuickSearchModule:UnityEditor.Search:ASIAI0B' with importer (ScriptedImporter : UnityEditor.QuickSearchModule:UnityEditor.Search:ASIAI0B)
Imported 'GUID: 4f4398a10f384dacb37698e5b1f8fede' -> (Import Result ID: '9a2755893f658e7cf5e1e00027502261') in 0.002 seconds [static and dynamic dependencies]. Details - ImportResultOutputID=86958deed7f6cd37f06064097e28c976 DependenciesID=84d5c6de39c981b167424d1c8a5eb0e4 StaticDependenciesID=4b94e7866b5171225b657cdaa52940e7 
Number of updated asset objects reloaded before import = 0
Number of asset objects unloaded after import = 0
========================================================================
Received Import Request.
  Time of request: 2026-09-30T12:28:13.1359699Z
  Time since last request: 0.000318 seconds.
  importAddress: GUID: 82a8ce43816925d4b971951094cb755c - Path: Packages/com.unity.timeline/Editor/treeview/TimelineTreeView.cs - Importer: ScriptedImporter/UnityEditor.QuickSearchModule:UnityEditor.Search:ASIAI0B
Importing 'GUID: 82a8ce43816925d4b971951094cb755c - Path: Packages/com.unity.timeline/Editor/treeview/TimelineTreeView.cs - Importer: ScriptedImporter/UnityEditor.QuickSearchModule:UnityEditor.Search:ASIAI0B' with importer (ScriptedImporter : UnityEditor.QuickSearchModule:UnityEditor.Search:ASIAI0B)
Imported 'GUID: 82a8ce43816925d4b971951094cb755c' -> (Import Result ID: '200e6d95c3858279aa4f9bb220337b4b') in 0.002 seconds [static and dynamic dependencies]. Details - ImportResultOutputID=2216c9c8599e8b6962e5464b12284ce8 DependenciesID=3c50e84b998aa943a9dcfbae090670cf StaticDependenciesID=ba387e941d3ffb94f6a7efc1b84420cb 
Number of updated asset objects reloaded before import = 0
Number of asset objects unloaded after import = 0
========================================================================
Received Import Request.
  Time of request: 2026-09-30T12:28:13.1382074Z
  Time since last request: 0.0002894 seconds.
  importAddress: GUID: 1861286ba69badd439188a65bebf3cda - Path: Packages/com.unity.timeline/Editor/Utilities/SequenceSelectorNameFormater.cs - Importer: ScriptedImporter/UnityEditor.QuickSearchModule:UnityEditor.Search:ASIAI0B
Importing 'GUID: 1861286ba69badd439188a65bebf3cda - Path: Packages/com.unity.timeline/Editor/Utilities/SequenceSelectorNameFormater.cs - Importer: ScriptedImporter/UnityEditor.QuickSearchModule:UnityEditor.Search:ASIAI0B' with importer (ScriptedImporter : UnityEditor.QuickSearchModule:UnityEditor.Search:ASIAI0B)
Imported 'GUID: 1861286ba69badd439188a65bebf3cda' -> (Import Result ID: '247d5b6e38806be842c1ac2986070523') in 0.002 seconds [static and dynamic dependencies]. Details - ImportResultOutputID=2ed37bf57effac5fe6861a0aaf7ad068 DependenciesID=45142ab6a2c796677275199a14bbe796 StaticDependenciesID=55c71116f112ebbddbc3b0bcc0f1564a 
Number of updated asset objects reloaded before import = 0
Number of asset objects unloaded after import = 0
========================================================================
Received Import Request.
  Time of request: 2026-09-30T12:28:13.1408637Z
  Time since last request: 0.000415 seconds.
  importAddress: GUID: 7cfaad4e53832d94c9421d2dd1ad82f7 - Path: Packages/com.unity.timeline/Editor/Utilities/MarkerModifier.cs - Importer: ScriptedImporter/UnityEditor.QuickSearchModule:UnityEditor.Search:ASIAI0B
Importing 'GUID: 7cfaad4e53832d94c9421d2dd1ad82f7 - Path: Packages/com.unity.timeline/Editor/Utilities/MarkerModifier.cs - Importer: ScriptedImporter/UnityEditor.QuickSearchModule:UnityEditor.Search:ASIAI0B' with importer (ScriptedImporter : UnityEditor.QuickSearchModule:UnityEditor.Search:ASIAI0B)
Imported 'GUID: 7cfaad4e53832d94c9421d2dd1ad82f7' -> (Import Result ID: '2c75dda60b2a747ac8df85aa154685f6') in 0.002 seconds [static and dynamic dependencies]. Details - ImportResultOutputID=3632d5e3ba05ed1fe961e2a955580ff6 DependenciesID=4b3f1e6bae31a4b35002f73be6970994 StaticDependenciesID=2ce65dd2439abd767b148fb140c7519f 
Number of updated asset objects reloaded before import = 0
Number of asset objects unloaded after import = 0
========================================================================
Received Import Request.
  Time of request: 2026-09-30T12:28:13.1433415Z
  Time since last request: 0.0004785 seconds.
  importAddress: GUID: 7fc2147e42d71644aad0eaf9a3526249 - Path: Packages/com.unity.timeline/Editor/Utilities/DisplayNameHelper.cs - Importer: ScriptedImporter/UnityEditor.QuickSearchModule:UnityEditor.Search:ASIAI0B
Importing 'GUID: 7fc2147e42d71644aad0eaf9a3526249 - Path: Packages/com.unity.timeline/Editor/Utilities/DisplayNameHelper.cs - Importer: ScriptedImporter/UnityEditor.QuickSearchModule:UnityEditor.Search:ASIAI0B' with importer (ScriptedImporter : UnityEditor.QuickSearchModule:UnityEditor.Search:ASIAI0B)
Imported 'GUID: 7fc2147e42d71644aad0eaf9a3526249' -> (Import Result ID: 'abf2c5053dcf511f1755abf74a10d330') in 0.002 seconds [static and dynamic dependencies]. Details - ImportResultOutputID=c7eb7c3337109fdf249150249b61eee8 DependenciesID=ab4d0f62c47d375c4e0dc16e9d7a2b67 StaticDependenciesID=ee5807892cff848483626803c84568a1 
Number of updated asset objects reloaded before import = 0
Number of asset objects unloaded after import = 0
========================================================================
Received Import Request.
  Time of request: 2026-09-30T12:28:13.1460092Z
  Time since last request: 0.0009645 seconds.
  importAddress: GUID: dc99dfeec967f2644b25dd6bace59b7e - Path: Packages/com.unity.timeline/Editor/treeview/TimelineClipUnion.cs - Importer: ScriptedImporter/UnityEditor.QuickSearchModule:UnityEditor.Search:ASIAI0B
Importing 'GUID: dc99dfeec967f2644b25dd6bace59b7e - Path: Packages/com.unity.timeline/Editor/treeview/TimelineClipUnion.cs - Importer: ScriptedImporter/UnityEditor.QuickSearchModule:UnityEditor.Search:ASIAI0B' with importer (ScriptedImporter : UnityEditor.QuickSearchModule:UnityEditor.Search:ASIAI0B)
Imported 'GUID: dc99dfeec967f2644b25dd6bace59b7e' -> (Import Result ID: '095c9c2fb9932021ab0ebf2116732f8e') in 0.003 seconds [static and dynamic dependencies]. Details - ImportResultOutputID=88b9083c1693cbf7821b0b29f4b354eb DependenciesID=1383315fb9f035304a9e7a45207f5005 StaticDependenciesID=c348ca3021b66eb5122fe027a2729fba 
Number of updated asset objects reloaded before import = 0
Number of asset objects unloaded after import = 0
========================================================================
Received Import Request.
  Time of request: 2026-09-30T12:28:13.1502884Z
  Time since last request: 0.0005181 seconds.
  importAddress: GUID: 9be6112c2b1c3ae44927680ba7b36e10 - Path: Packages/com.unity.timeline/Editor/Utilities/TimelineKeyboardNavigation.cs - Importer: ScriptedImporter/UnityEditor.QuickSearchModule:UnityEditor.Search:ASIAI0B
Importing 'GUID: 9be6112c2b1c3ae44927680ba7b36e10 - Path: Packages/com.unity.timeline/Editor/Utilities/TimelineKeyboardNavigation.cs - Importer: ScriptedImporter/UnityEditor.QuickSearchModule:UnityEditor.Search:ASIAI0B' with importer (ScriptedImporter : UnityEditor.QuickSearchModule:UnityEditor.Search:ASIAI0B)
Imported 'GUID: 9be6112c2b1c3ae44927680ba7b36e10' -> (Import Result ID: 'd1ad2c69795a3e341bd87a437a47d5e0') in 0.002 seconds [static and dynamic dependencies]. Details - ImportResultOutputID=25fd7620d2e191ec0a40c0280da44d92 DependenciesID=b620ead37a2f5bce4b3d6c702fcabac6 StaticDependenciesID=e493b1b0acb4b2830796875c912ef088 
Number of updated asset objects reloaded before import = 0
Number of asset objects unloaded after import = 0
========================================================================
Received Import Request.
  Time of request: 2026-09-30T12:28:13.1532918Z
  Time since last request: 0.0006606 seconds.
  importAddress: GUID: 1ad2b855cf8b7425483e36e6134f18f9 - Path: Packages/com.unity.timeline/Editor/Window/SequenceContext.cs - Importer: ScriptedImporter/UnityEditor.QuickSearchModule:UnityEditor.Search:ASIAI0B
Importing 'GUID: 1ad2b855cf8b7425483e36e6134f18f9 - Path: Packages/com.unity.timeline/Editor/Window/SequenceContext.cs - Importer: ScriptedImporter/UnityEditor.QuickSearchModule:UnityEditor.Search:ASIAI0B' with importer (ScriptedImporter : UnityEditor.QuickSearchModule:UnityEditor.Search:ASIAI0B)
Imported 'GUID: 1ad2b855cf8b7425483e36e6134f18f9' -> (Import Result ID: 'e0fcbf0f6cc8836a7c763ee8dcb341f4') in 0.002 seconds [static and dynamic dependencies]. Details - ImportResultOutputID=099dcc629ee0ba00d39f1e647f0729af DependenciesID=d1cd406bd4e37b63a7d6be5f0b2dd5df StaticDependenciesID=af6909db2a71d4e6dc872e8e68621dae 
Number of updated asset objects reloaded before import = 0
Number of asset objects unloaded after import = 0
========================================================================
Received Import Request.
  Time of request: 2026-09-30T12:28:13.1561136Z
  Time since last request: 0.0003151 seconds.
  importAddress: GUID: b222f61a1f7253e4d8e8cc82bfde9e42 - Path: Packages/com.unity.timeline/Editor/treeview/ManipulationsClips.cs - Importer: ScriptedImporter/UnityEditor.QuickSearchModule:UnityEditor.Search:ASIAI0B
Importing 'GUID: b222f61a1f7253e4d8e8cc82bfde9e42 - Path: Packages/com.unity.timeline/Editor/treeview/ManipulationsClips.cs - Importer: ScriptedImporter/UnityEditor.QuickSearchModule:UnityEditor.Search:ASIAI0B' with importer (ScriptedImporter : UnityEditor.QuickSearchModule:UnityEditor.Search:ASIAI0B)
Imported 'GUID: b222f61a1f7253e4d8e8cc82bfde9e42' -> (Import Result ID: '6e827957e33e92ae20bd89b392285828') in 0.002 seconds [static and dynamic dependencies]. Details - ImportResultOutputID=ec0065c68ed8e3297a2482cd6262435c DependenciesID=937cfcb06ce3ba23ada5b3fd3c3cc032 StaticDependenciesID=735857e253a2ace1d32657eac14ee4ba 
Number of updated asset objects reloaded before import = 0
Number of asset objects unloaded after import = 0
========================================================================
Received Import Request.
  Time of request: 2026-09-30T12:28:13.1587746Z
  Time since last request: 0.0004068 seconds.
  importAddress: GUID: 411b7c7ffc0960249b35a2a247b66ff7 - Path: Packages/com.unity.timeline/Editor/Utilities/TrackModifier.cs - Importer: ScriptedImporter/UnityEditor.QuickSearchModule:UnityEditor.Search:ASIAI0B
Importing 'GUID: 411b7c7ffc0960249b35a2a247b66ff7 - Path: Packages/com.unity.timeline/Editor/Utilities/TrackModifier.cs - Importer: ScriptedImporter/UnityEditor.QuickSearchModule:UnityEditor.Search:ASIAI0B' with importer (ScriptedImporter : UnityEditor.QuickSearchModule:UnityEditor.Search:ASIAI0B)
Imported 'GUID: 411b7c7ffc0960249b35a2a247b66ff7' -> (Import Result ID: '6e91f6ee7774d0bfcf45b459df610d8e') in 0.001 seconds [static and dynamic dependencies]. Details - ImportResultOutputID=34e1ad4a1f06bff1c2b9d79b80dc0f5e DependenciesID=cb995ab7034363d55ee4c0877dd2190c StaticDependenciesID=d52e5c0b4b2fda762922478ebfcbaa70 
Number of updated asset objects reloaded before import = 0
Number of asset objects unloaded after import = 0
========================================================================
Received Import Request.
  Time of request: 2026-09-30T12:28:13.160566Z
  Time since last request: 0.0002444 seconds.
  importAddress: GUID: cdcf92d86589447598f3d1a368b1b421 - Path: Packages/com.unity.timeline/Editor/Window/IPlayableLookupExtensions.cs - Importer: ScriptedImporter/UnityEditor.QuickSearchModule:UnityEditor.Search:ASIAI0B
Importing 'GUID: cdcf92d86589447598f3d1a368b1b421 - Path: Packages/com.unity.timeline/Editor/Window/IPlayableLookupExtensions.cs - Importer: ScriptedImporter/UnityEditor.QuickSearchModule:UnityEditor.Search:ASIAI0B' with importer (ScriptedImporter : UnityEditor.QuickSearchModule:UnityEditor.Search:ASIAI0B)
Imported 'GUID: cdcf92d86589447598f3d1a368b1b421' -> (Import Result ID: 'c9dd8243ba6966dc09a3c42192acb56f') in 0.004 seconds [static and dynamic dependencies]. Details - ImportResultOutputID=e0aa0fe7de474f5aa8d49f8e45bdaca8 DependenciesID=6abccc7ce3f691247b55bc9fa63e2592 StaticDependenciesID=09add4ca28d4db42944025c9d9362826 
Number of updated asset objects reloaded before import = 0
Number of asset objects unloaded after import = 0
========================================================================
Received Import Request.
  Time of request: 2026-09-30T12:28:13.1649587Z
  Time since last request: 0.0005178 seconds.
  importAddress: GUID: ee83d5e1ad2ac4c9aa39e3a6f256062e - Path: Packages/com.unity.timeline/Editor/treeview/IPropertyKeyDataSource.cs - Importer: ScriptedImporter/UnityEditor.QuickSearchModule:UnityEditor.Search:ASIAI0B
Importing 'GUID: ee83d5e1ad2ac4c9aa39e3a6f256062e - Path: Packages/com.unity.timeline/Editor/treeview/IPropertyKeyDataSource.cs - Importer: ScriptedImporter/UnityEditor.QuickSearchModule:UnityEditor.Search:ASIAI0B' with importer (ScriptedImporter : UnityEditor.QuickSearchModule:UnityEditor.Search:ASIAI0B)
Imported 'GUID: ee83d5e1ad2ac4c9aa39e3a6f256062e' -> (Import Result ID: 'b9e39c350cc7d7e4db22ddda13316a92') in 0.002 seconds [static and dynamic dependencies]. Details - ImportResultOutputID=43d8329f6f876ea56d9845689b0196c1 DependenciesID=1c21830eb61e4821918cdb8971824be4 StaticDependenciesID=36926b43e4f9357fa6e25f96d96d93ee 
Number of updated asset objects reloaded before import = 0
Number of asset objects unloaded after import = 0
========================================================================
Received Import Request.
  Time of request: 2026-09-30T12:28:13.167869Z
  Time since last request: 0.0003872 seconds.
  importAddress: GUID: 907eeaaade2f4a3c9b079743c2bf77ee - Path: Packages/com.unity.timeline/Editor/Utilities/PreviewedBindings.cs - Importer: ScriptedImporter/UnityEditor.QuickSearchModule:UnityEditor.Search:ASIAI0B
Importing 'GUID: 907eeaaade2f4a3c9b079743c2bf77ee - Path: Packages/com.unity.timeline/Editor/Utilities/PreviewedBindings.cs - Importer: ScriptedImporter/UnityEditor.QuickSearchModule:UnityEditor.Search:ASIAI0B' with importer (ScriptedImporter : UnityEditor.QuickSearchModule:UnityEditor.Search:ASIAI0B)
Imported 'GUID: 907eeaaade2f4a3c9b079743c2bf77ee' -> (Import Result ID: '5bd689ffcda04c8217904c1db3014bde') in 0.001 seconds [static and dynamic dependencies]. Details - ImportResultOutputID=61d75b4791f2924720a24a41bdfdc600 DependenciesID=3b1950f4be3ac6275149d3495e0fa6ae StaticDependenciesID=e8ccfc68d8bd858d696935f9b3a4258d 
Number of updated asset objects reloaded before import = 0
Number of asset objects unloaded after import = 0
========================================================================
Received Import Request.
  Time of request: 2026-09-30T12:28:13.169897Z
  Time since last request: 0.0005499 seconds.
  importAddress: GUID: 16950289b516d6747868e0f7bf7b37a0 - Path: Packages/com.unity.timeline/Editor/treeview/PickerUtils.cs - Importer: ScriptedImporter/UnityEditor.QuickSearchModule:UnityEditor.Search:ASIAI0B
Importing 'GUID: 16950289b516d6747868e0f7bf7b37a0 - Path: Packages/com.unity.timeline/Editor/treeview/PickerUtils.cs - Importer: ScriptedImporter/UnityEditor.QuickSearchModule:UnityEditor.Search:ASIAI0B' with importer (ScriptedImporter : UnityEditor.QuickSearchModule:UnityEditor.Search:ASIAI0B)
Imported 'GUID: 16950289b516d6747868e0f7bf7b37a0' -> (Import Result ID: '099882a37216785f84a69012d5454d37') in 0.002 seconds [static and dynamic dependencies]. Details - ImportResultOutputID=4835185e977a1370a594c4636a7255e6 DependenciesID=7639085bb96a740dae41f2a937f9b0e4 StaticDependenciesID=0e7d45b02fdf88ec2fbcaccd3f8ca939 
Number of updated asset objects reloaded before import = 0
Number of asset objects unloaded after import = 0
========================================================================
Received Import Request.
  Time of request: 2026-09-30T12:28:13.1814675Z
  Time since last request: 0.0092001 seconds.
  importAddress: GUID: d8c4a920f001ca64680ed6fdb52d1753 - Path: Packages/com.unity.timeline/Runtime/Audio/AudioMixerProperties.cs - Importer: ScriptedImporter/UnityEditor.QuickSearchModule:UnityEditor.Search:ASIAI0B
Importing 'GUID: d8c4a920f001ca64680ed6fdb52d1753 - Path: Packages/com.unity.timeline/Runtime/Audio/AudioMixerProperties.cs - Importer: ScriptedImporter/UnityEditor.QuickSearchModule:UnityEditor.Search:ASIAI0B' with importer (ScriptedImporter : UnityEditor.QuickSearchModule:UnityEditor.Search:ASIAI0B)
Imported 'GUID: d8c4a920f001ca64680ed6fdb52d1753' -> (Import Result ID: '88951b530ce22e67b79d874ac41fa95d') in 0.002 seconds [static and dynamic dependencies]. Details - ImportResultOutputID=a818ebad4215c7633fc64d554e99255c DependenciesID=2d8ed5dfee24eb36efe515fd0a8d3ff4 StaticDependenciesID=3b6f06ecccce3914a347b44910ade329 
Number of updated asset objects reloaded before import = 0
Number of asset objects unloaded after import = 0
========================================================================
Received Import Request.
  Time of request: 2026-09-30T12:28:13.1841726Z
  Time since last request: 0.0003031 seconds.
  importAddress: GUID: c68f34993bfe85e489158a29c99a20b5 - Path: Packages/com.unity.timeline/Runtime/AssetUpgrade/TrackUpgrade.cs - Importer: ScriptedImporter/UnityEditor.QuickSearchModule:UnityEditor.Search:ASIAI0B
Importing 'GUID: c68f34993bfe85e489158a29c99a20b5 - Path: Packages/com.unity.timeline/Runtime/AssetUpgrade/TrackUpgrade.cs - Importer: ScriptedImporter/UnityEditor.QuickSearchModule:UnityEditor.Search:ASIAI0B' with importer (ScriptedImporter : UnityEditor.QuickSearchModule:UnityEditor.Search:ASIAI0B)
Imported 'GUID: c68f34993bfe85e489158a29c99a20b5' -> (Import Result ID: 'c5c9c374cb3af9889a1e7a962acd6285') in 0.002 seconds [static and dynamic dependencies]. Details - ImportResultOutputID=f9a4ceedc67c74a5bc51062d266d4cfc DependenciesID=3f87da7d3ccfec5a5182bf26522caea5 StaticDependenciesID=46d6e52fd9ceecd45dfa0c66a2d145ca 
Number of updated asset objects reloaded before import = 0
Number of asset objects unloaded after import = 0
========================================================================
Received Import Request.
  Time of request: 2026-09-30T12:28:13.1862288Z
  Time since last request: 0.0003857 seconds.
  importAddress: GUID: 983c76d87fb6f4f4597a526a4b2b5fd7 - Path: Packages/com.unity.timeline/Runtime/Playables/NotificationFlags.cs - Importer: ScriptedImporter/UnityEditor.QuickSearchModule:UnityEditor.Search:ASIAI0B
Importing 'GUID: 983c76d87fb6f4f4597a526a4b2b5fd7 - Path: Packages/com.unity.timeline/Runtime/Playables/NotificationFlags.cs - Importer: ScriptedImporter/UnityEditor.QuickSearchModule:UnityEditor.Search:ASIAI0B' with importer (ScriptedImporter : UnityEditor.QuickSearchModule:UnityEditor.Search:ASIAI0B)
Imported 'GUID: 983c76d87fb6f4f4597a526a4b2b5fd7' -> (Import Result ID: '04593b9a3efb6d4c67e2597aa186e29e') in 0.002 seconds [static and dynamic dependencies]. Details - ImportResultOutputID=c977e865459e9b5141be3c268df0e224 DependenciesID=cd7c6d150a20f671854cb210f7bd6bbe StaticDependenciesID=50ae5c7fa32aecd6fd4805964182a27b 
Number of updated asset objects reloaded before import = 0
Number of asset objects unloaded after import = 0
========================================================================
Received Import Request.
  Time of request: 2026-09-30T12:28:13.1886528Z
  Time since last request: 0.0003619 seconds.
  importAddress: GUID: 89b31ff5ca0a5eb4797ac65d43949807 - Path: Packages/com.unity.timeline/Runtime/Animation/ICurvesOwner.cs - Importer: ScriptedImporter/UnityEditor.QuickSearchModule:UnityEditor.Search:ASIAI0B
Importing 'GUID: 89b31ff5ca0a5eb4797ac65d43949807 - Path: Packages/com.unity.timeline/Runtime/Animation/ICurvesOwner.cs - Importer: ScriptedImporter/UnityEditor.QuickSearchModule:UnityEditor.Search:ASIAI0B' with importer (ScriptedImporter : UnityEditor.QuickSearchModule:UnityEditor.Search:ASIAI0B)
Imported 'GUID: 89b31ff5ca0a5eb4797ac65d43949807' -> (Import Result ID: '9bdc59e629054895e783a292af501d5c') in 0.002 seconds [static and dynamic dependencies]. Details - ImportResultOutputID=924e7f0eaa1ad1c58e2780ddd2d71b1e DependenciesID=ea03161d2fa09cf105621bad31f0d782 StaticDependenciesID=e79f7c84f770150b8816102994c9a0ea 
Number of updated asset objects reloaded before import = 0
Number of asset objects unloaded after import = 0
========================================================================
Received Import Request.
  Time of request: 2026-09-30T12:28:13.1910888Z
  Time since last request: 0.0004477 seconds.
  importAddress: GUID: 01da6c5b7c781174d818662ce6f39b8b - Path: Packages/com.unity.timeline/Runtime/Utilities/AnimationPreviewUtilities.cs - Importer: ScriptedImporter/UnityEditor.QuickSearchModule:UnityEditor.Search:ASIAI0B
Importing 'GUID: 01da6c5b7c781174d818662ce6f39b8b - Path: Packages/com.unity.timeline/Runtime/Utilities/AnimationPreviewUtilities.cs - Importer: ScriptedImporter/UnityEditor.QuickSearchModule:UnityEditor.Search:ASIAI0B' with importer (ScriptedImporter : UnityEditor.QuickSearchModule:UnityEditor.Search:ASIAI0B)
Imported 'GUID: 01da6c5b7c781174d818662ce6f39b8b' -> (Import Result ID: '8f7ef62d62a35fa9bf8667715decf6c6') in 0.002 seconds [static and dynamic dependencies]. Details - ImportResultOutputID=38638d87c678de0f1fed27ce376ccede DependenciesID=1d584e411cbf2c6c89a99786a3914bbc StaticDependenciesID=af358baf10f5f49de86729e4c589dd7f 
Number of updated asset objects reloaded before import = 0
Number of asset objects unloaded after import = 0
========================================================================
Received Import Request.
  Time of request: 2026-09-30T12:28:13.1934472Z
  Time since last request: 0.0003758 seconds.
  importAddress: GUID: fde0d25a170598d46a0b9dc16b4527a5 - Path: Packages/com.unity.timeline/Runtime/Activation/ActivationPlayableAsset.cs - Importer: ScriptedImporter/UnityEditor.QuickSearchModule:UnityEditor.Search:ASIAI0B
Importing 'GUID: fde0d25a170598d46a0b9dc16b4527a5 - Path: Packages/com.unity.timeline/Runtime/Activation/ActivationPlayableAsset.cs - Importer: ScriptedImporter/UnityEditor.QuickSearchModule:UnityEditor.Search:ASIAI0B' with importer (ScriptedImporter : UnityEditor.QuickSearchModule:UnityEditor.Search:ASIAI0B)
Imported 'GUID: fde0d25a170598d46a0b9dc16b4527a5' -> (Import Result ID: 'e3a75a0e2875034feb43a6b613075d40') in 0.002 seconds [static and dynamic dependencies]. Details - ImportResultOutputID=a1132e00847e50989994d2c2472d426b DependenciesID=cd6872b9cb27d8d6784f87c62ebe61c0 StaticDependenciesID=6d0c9c5504625a9c2d72865aa8851386 
Number of updated asset objects reloaded before import = 0
Number of asset objects unloaded after import = 0
========================================================================
Received Import Request.
  Time of request: 2026-09-30T12:28:13.1962529Z
  Time since last request: 0.0003605 seconds.
  importAddress: GUID: 8716cfd7a46000048acf638abe28c9fa - Path: Packages/com.unity.timeline/Editor/Window/TimelineWindow_Navigator.cs - Importer: ScriptedImporter/UnityEditor.QuickSearchModule:UnityEditor.Search:ASIAI0B
Importing 'GUID: 8716cfd7a46000048acf638abe28c9fa - Path: Packages/com.unity.timeline/Editor/Window/TimelineWindow_Navigator.cs - Importer: ScriptedImporter/UnityEditor.QuickSearchModule:UnityEditor.Search:ASIAI0B' with importer (ScriptedImporter : UnityEditor.QuickSearchModule:UnityEditor.Search:ASIAI0B)
Imported 'GUID: 8716cfd7a46000048acf638abe28c9fa' -> (Import Result ID: '309135d1e6c2f47a0128bfaa8ef780c8') in 0.002 seconds [static and dynamic dependencies]. Details - ImportResultOutputID=3913632ff38c57982c710f06fc8367da DependenciesID=de6372bced57c8731755332a935aa43e StaticDependenciesID=55ef6cd6cbca8279a433bd18eaaafb27 
Number of updated asset objects reloaded before import = 0
Number of asset objects unloaded after import = 0
========================================================================
Received Import Request.
  Time of request: 2026-09-30T12:28:13.1985158Z
  Time since last request: 0.0003234 seconds.
  importAddress: GUID: be156cc527d606b4aaac403e9843186e - Path: Packages/com.unity.timeline/Runtime/Playables/DirectorControlPlayable.cs - Importer: ScriptedImporter/UnityEditor.QuickSearchModule:UnityEditor.Search:ASIAI0B
Importing 'GUID: be156cc527d606b4aaac403e9843186e - Path: Packages/com.unity.timeline/Runtime/Playables/DirectorControlPlayable.cs - Importer: ScriptedImporter/UnityEditor.QuickSearchModule:UnityEditor.Search:ASIAI0B' with importer (ScriptedImporter : UnityEditor.QuickSearchModule:UnityEditor.Search:ASIAI0B)
Imported 'GUID: be156cc527d606b4aaac403e9843186e' -> (Import Result ID: '99dca435e660539da69229f31dde1ccf') in 0.002 seconds [static and dynamic dependencies]. Details - ImportResultOutputID=1c6a900245c0e0417307ba8689a66dd9 DependenciesID=2c06edf7b41734cf558dc8e84a8f7f46 StaticDependenciesID=b3b8d2563c3dc5d6f6edad4e578c09a2 
Number of updated asset objects reloaded before import = 0
Number of asset objects unloaded after import = 0
========================================================================
Received Import Request.
  Time of request: 2026-09-30T12:28:13.201073Z
  Time since last request: 0.0004331 seconds.
  importAddress: GUID: 5082cb99a8f99b84d84dd8b4c5233a9e - Path: Packages/com.unity.timeline/Runtime/Events/INotificationOptionProvider.cs - Importer: ScriptedImporter/UnityEditor.QuickSearchModule:UnityEditor.Search:ASIAI0B
Importing 'GUID: 5082cb99a8f99b84d84dd8b4c5233a9e - Path: Packages/com.unity.timeline/Runtime/Events/INotificationOptionProvider.cs - Importer: ScriptedImporter/UnityEditor.QuickSearchModule:UnityEditor.Search:ASIAI0B' with importer (ScriptedImporter : UnityEditor.QuickSearchModule:UnityEditor.Search:ASIAI0B)
Imported 'GUID: 5082cb99a8f99b84d84dd8b4c5233a9e' -> (Import Result ID: 'b2b9ac7423675a4065c17304926d28f5') in 0.002 seconds [static and dynamic dependencies]. Details - ImportResultOutputID=eace982d26922232fafd7800bd85b7d6 DependenciesID=a112342c4d7ba70fdf4d4f6f84485bde StaticDependenciesID=06cfcd7ae7a0a4c8361937dff7b310ba 
Number of updated asset objects reloaded before import = 0
Number of asset objects unloaded after import = 0
========================================================================
Received Import Request.
  Time of request: 2026-09-30T12:28:13.2046925Z
  Time since last request: 0.0014162 seconds.
  importAddress: GUID: 2a16748d9461eae46a725db9776d5390 - Path: Packages/com.unity.timeline/Runtime/Events/MarkerTrack.cs - Importer: ScriptedImporter/UnityEditor.QuickSearchModule:UnityEditor.Search:ASIAI0B
Importing 'GUID: 2a16748d9461eae46a725db9776d5390 - Path: Packages/com.unity.timeline/Runtime/Events/MarkerTrack.cs - Importer: ScriptedImporter/UnityEditor.QuickSearchModule:UnityEditor.Search:ASIAI0B' with importer (ScriptedImporter : UnityEditor.QuickSearchModule:UnityEditor.Search:ASIAI0B)
Imported 'GUID: 2a16748d9461eae46a725db9776d5390' -> (Import Result ID: '0cd2bff805d8a36f161d5d673e66d698') in 0.002 seconds [static and dynamic dependencies]. Details - ImportResultOutputID=27b37425a31a80835e131ac1bb2dfa60 DependenciesID=9639b6cae6d503b1e8372f884d1f5bb0 StaticDependenciesID=9d82b59a5924cbd72d5f87a875837a2f 
Number of updated asset objects reloaded before import = 0
Number of asset objects unloaded after import = 0
========================================================================
Received Import Request.
  Time of request: 2026-09-30T12:28:13.2078396Z
  Time since last request: 0.000959 seconds.
  importAddress: GUID: 5415c904c4fbc3e498253bc2866b37cd - Path: Packages/com.unity.timeline/Runtime/Playables/ITimeControl.cs - Importer: ScriptedImporter/UnityEditor.QuickSearchModule:UnityEditor.Search:ASIAI0B
Importing 'GUID: 5415c904c4fbc3e498253bc2866b37cd - Path: Packages/com.unity.timeline/Runtime/Playables/ITimeControl.cs - Importer: ScriptedImporter/UnityEditor.QuickSearchModule:UnityEditor.Search:ASIAI0B' with importer (ScriptedImporter : UnityEditor.QuickSearchModule:UnityEditor.Search:ASIAI0B)
Imported 'GUID: 5415c904c4fbc3e498253bc2866b37cd' -> (Import Result ID: 'c867d65a6e78f91eabc4c2d18b9e8314') in 0.005 seconds [static and dynamic dependencies]. Details - ImportResultOutputID=fa27862a4760f8038bb7404483c8238e DependenciesID=bdb0736381f308326e0fd3055faecb11 StaticDependenciesID=9b27162b36c6de15dcac5c92d4c367a1 
Number of updated asset objects reloaded before import = 0
Number of asset objects unloaded after import = 0
========================================================================
Received Import Request.
  Time of request: 2026-09-30T12:28:13.2152491Z
  Time since last request: 0.0007905 seconds.
  importAddress: GUID: b46e36075dd1c124a8422c228e75e1fb - Path: Packages/com.unity.timeline/Runtime/Events/SignalTrack.cs - Importer: ScriptedImporter/UnityEditor.QuickSearchModule:UnityEditor.Search:ASIAI0B
Importing 'GUID: b46e36075dd1c124a8422c228e75e1fb - Path: Packages/com.unity.timeline/Runtime/Events/SignalTrack.cs - Importer: ScriptedImporter/UnityEditor.QuickSearchModule:UnityEditor.Search:ASIAI0B' with importer (ScriptedImporter : UnityEditor.QuickSearchModule:UnityEditor.Search:ASIAI0B)
Imported 'GUID: b46e36075dd1c124a8422c228e75e1fb' -> (Import Result ID: '4dc8ab5f6888d24b92bd087acb5a54e6') in 0.002 seconds [static and dynamic dependencies]. Details - ImportResultOutputID=0617471a7493e6428354f781bb7da3d4 DependenciesID=2faa296fa93a0b5d899b0bd73654a3c1 StaticDependenciesID=4953ee15bf3310d74b5f0345ac97ad41 
Number of updated asset objects reloaded before import = 0
Number of asset objects unloaded after import = 0
========================================================================
Received Import Request.
  Time of request: 2026-09-30T12:28:13.2182489Z
  Time since last request: 0.0008193 seconds.
  importAddress: GUID: 1db879070d9a45f4c86cdf5e59616df5 - Path: Packages/com.unity.timeline/Runtime/Playables/TimeControlPlayable.cs - Importer: ScriptedImporter/UnityEditor.QuickSearchModule:UnityEditor.Search:ASIAI0B
Importing 'GUID: 1db879070d9a45f4c86cdf5e59616df5 - Path: Packages/com.unity.timeline/Runtime/Playables/TimeControlPlayable.cs - Importer: ScriptedImporter/UnityEditor.QuickSearchModule:UnityEditor.Search:ASIAI0B' with importer (ScriptedImporter : UnityEditor.QuickSearchModule:UnityEditor.Search:ASIAI0B)
Imported 'GUID: 1db879070d9a45f4c86cdf5e59616df5' -> (Import Result ID: '7b9e47e5d5235d20fe313bb21967ce9b') in 0.002 seconds [static and dynamic dependencies]. Details - ImportResultOutputID=f3f5c0c31146de77c6c9dc0b2ae1b178 DependenciesID=141d1b411af29e255ee010ca4dffd15a StaticDependenciesID=53b03b34a367f54b90004ac246bc5bb6 
Number of updated asset objects reloaded before import = 0
Number of asset objects unloaded after import = 0
========================================================================
Received Import Request.
  Time of request: 2026-09-30T12:28:13.2215106Z
  Time since last request: 0.0005698 seconds.
  importAddress: GUID: 3b0c53b13a1539949b3b212e049151d1 - Path: Packages/com.unity.timeline/Runtime/AssetUpgrade/AnimationTrackUpgrade.cs - Importer: ScriptedImporter/UnityEditor.QuickSearchModule:UnityEditor.Search:ASIAI0B
Importing 'GUID: 3b0c53b13a1539949b3b212e049151d1 - Path: Packages/com.unity.timeline/Runtime/AssetUpgrade/AnimationTrackUpgrade.cs - Importer: ScriptedImporter/UnityEditor.QuickSearchModule:UnityEditor.Search:ASIAI0B' with importer (ScriptedImporter : UnityEditor.QuickSearchModule:UnityEditor.Search:ASIAI0B)
Imported 'GUID: 3b0c53b13a1539949b3b212e049151d1' -> (Import Result ID: '33150bcdeb55c6fa97067f3bc0fe78ec') in 0.002 seconds [static and dynamic dependencies]. Details - ImportResultOutputID=118b336a006a99cfe2019ebb79b842d7 DependenciesID=09f6f7c7d1d7042086fcc9c624840c2d StaticDependenciesID=99f92f6c143884925b42849b4b8ba1db 
Number of updated asset objects reloaded before import = 0
Number of asset objects unloaded after import = 0
========================================================================
Received Import Request.
  Time of request: 2026-09-30T12:28:13.2236885Z
  Time since last request: 0.0002694 seconds.
  importAddress: GUID: 6773203120b27984d9a8572fa3564f03 - Path: Packages/com.unity.timeline/Runtime/AssetUpgrade/AnimationPlayableAssetUpgrade.cs - Importer: ScriptedImporter/UnityEditor.QuickSearchModule:UnityEditor.Search:ASIAI0B
Importing 'GUID: 6773203120b27984d9a8572fa3564f03 - Path: Packages/com.unity.timeline/Runtime/AssetUpgrade/AnimationPlayableAssetUpgrade.cs - Importer: ScriptedImporter/UnityEditor.QuickSearchModule:UnityEditor.Search:ASIAI0B' with importer (ScriptedImporter : UnityEditor.QuickSearchModule:UnityEditor.Search:ASIAI0B)
Imported 'GUID: 6773203120b27984d9a8572fa3564f03' -> (Import Result ID: 'a007993b677ab5e21fb038678790af07') in 0.002 seconds [static and dynamic dependencies]. Details - ImportResultOutputID=64753811a8489fc1356f6f16bbb93ef2 DependenciesID=5a2be6e3ded4b9db9198c9553db6c68d StaticDependenciesID=904b135b5aeedc66befa3ecad1d2eead 
Number of updated asset objects reloaded before import = 0
Number of asset objects unloaded after import = 0
========================================================================
Received Import Request.
  Time of request: 2026-09-30T12:28:13.2264961Z
  Time since last request: 0.0010837 seconds.
  importAddress: GUID: 89b48a03f6f43e94e87cc8d2104d3d4d - Path: Packages/com.unity.timeline/Runtime/Events/Marker.cs - Importer: ScriptedImporter/UnityEditor.QuickSearchModule:UnityEditor.Search:ASIAI0B
Importing 'GUID: 89b48a03f6f43e94e87cc8d2104d3d4d - Path: Packages/com.unity.timeline/Runtime/Events/Marker.cs - Importer: ScriptedImporter/UnityEditor.QuickSearchModule:UnityEditor.Search:ASIAI0B' with importer (ScriptedImporter : UnityEditor.QuickSearchModule:UnityEditor.Search:ASIAI0B)
Imported 'GUID: 89b48a03f6f43e94e87cc8d2104d3d4d' -> (Import Result ID: '5e36652fcea7346ea1088d42b0dbe812') in 0.002 seconds [static and dynamic dependencies]. Details - ImportResultOutputID=ebca2af44b614a2f9586f1c58ca88801 DependenciesID=ae606291c62813671fc06f9786b0d59b StaticDependenciesID=11aedcf090b490e3b6f12ff348801d11 
Number of updated asset objects reloaded before import = 0
Number of asset objects unloaded after import = 0
========================================================================
Received Import Request.
  Time of request: 2026-09-30T12:28:13.2289149Z
  Time since last request: 0.000312 seconds.
  importAddress: GUID: 08d23c0b73905c148b525c3c93fff580 - Path: Packages/com.unity.timeline/Editor/Window/TimelineWindow_TrackGui.cs - Importer: ScriptedImporter/UnityEditor.QuickSearchModule:UnityEditor.Search:ASIAI0B
Importing 'GUID: 08d23c0b73905c148b525c3c93fff580 - Path: Packages/com.unity.timeline/Editor/Window/TimelineWindow_TrackGui.cs - Importer: ScriptedImporter/UnityEditor.QuickSearchModule:UnityEditor.Search:ASIAI0B' with importer (ScriptedImporter : UnityEditor.QuickSearchModule:UnityEditor.Search:ASIAI0B)
Imported 'GUID: 08d23c0b73905c148b525c3c93fff580' -> (Import Result ID: 'a11254e578d93e24a98fbb9e6b505482') in 0.002 seconds [static and dynamic dependencies]. Details - ImportResultOutputID=9faad7837da7c6e952365f982d272d29 DependenciesID=36dccbee408f1bec78a7adc2254ba72d StaticDependenciesID=369abadc5de73919a209f1bf6754167e 
Number of updated asset objects reloaded before import = 0
Number of asset objects unloaded after import = 0
========================================================================
Received Import Request.
  Time of request: 2026-09-30T12:28:13.2318717Z
  Time since last request: 0.0006384 seconds.
  importAddress: GUID: dac68f98afe146e2b31f6a0ee222ef79 - Path: Packages/com.unity.timeline/Runtime/Extensions/SelectionExtensions.cs - Importer: ScriptedImporter/UnityEditor.QuickSearchModule:UnityEditor.Search:ASIAI0B
Importing 'GUID: dac68f98afe146e2b31f6a0ee222ef79 - Path: Packages/com.unity.timeline/Runtime/Extensions/SelectionExtensions.cs - Importer: ScriptedImporter/UnityEditor.QuickSearchModule:UnityEditor.Search:ASIAI0B' with importer (ScriptedImporter : UnityEditor.QuickSearchModule:UnityEditor.Search:ASIAI0B)
Imported 'GUID: dac68f98afe146e2b31f6a0ee222ef79' -> (Import Result ID: '36b2727a90f136abc0983b748be84410') in 0.002 seconds [static and dynamic dependencies]. Details - ImportResultOutputID=1a3b4d3c36ffe25797743eede287e936 DependenciesID=416e55498c5ee91709adc225acc2ee99 StaticDependenciesID=1f0560b880c93afd2dbe191e27912927 
Number of updated asset objects reloaded before import = 0
Number of asset objects unloaded after import = 0
========================================================================
Received Import Request.
  Time of request: 2026-09-30T12:28:13.2339412Z
  Time since last request: 0.0003215 seconds.
  importAddress: GUID: 6a4f0c91a28ece04198b200dd55145d0 - Path: Packages/com.unity.timeline/Runtime/AssetUpgrade/ClipUpgrade.cs - Importer: ScriptedImporter/UnityEditor.QuickSearchModule:UnityEditor.Search:ASIAI0B
Importing 'GUID: 6a4f0c91a28ece04198b200dd55145d0 - Path: Packages/com.unity.timeline/Runtime/AssetUpgrade/ClipUpgrade.cs - Importer: ScriptedImporter/UnityEditor.QuickSearchModule:UnityEditor.Search:ASIAI0B' with importer (ScriptedImporter : UnityEditor.QuickSearchModule:UnityEditor.Search:ASIAI0B)
Imported 'GUID: 6a4f0c91a28ece04198b200dd55145d0' -> (Import Result ID: '9d0379dac5e8e8fc55a1a8b55e247fac') in 0.001 seconds [static and dynamic dependencies]. Details - ImportResultOutputID=e9bbc4d3a943fdea5442dde998f6f9d6 DependenciesID=fb527f7a6cd2a028d692c60f585a188a StaticDependenciesID=30f54536a3c1a2811f9b660b159fbb97 
Number of updated asset objects reloaded before import = 0
Number of asset objects unloaded after import = 0
========================================================================
Received Import Request.
  Time of request: 2026-09-30T12:28:13.2359084Z
  Time since last request: 0.0004649 seconds.
  importAddress: GUID: d20e4e177b86a2843805dd3894f41b42 - Path: Packages/com.unity.timeline/Runtime/Playables/ActivationControlPlayable.cs - Importer: ScriptedImporter/UnityEditor.QuickSearchModule:UnityEditor.Search:ASIAI0B
Importing 'GUID: d20e4e177b86a2843805dd3894f41b42 - Path: Packages/com.unity.timeline/Runtime/Playables/ActivationControlPlayable.cs - Importer: ScriptedImporter/UnityEditor.QuickSearchModule:UnityEditor.Search:ASIAI0B' with importer (ScriptedImporter : UnityEditor.QuickSearchModule:UnityEditor.Search:ASIAI0B)
Imported 'GUID: d20e4e177b86a2843805dd3894f41b42' -> (Import Result ID: 'b0aac61bcba6fed1cfbd44e6ba90f559') in 0.002 seconds [static and dynamic dependencies]. Details - ImportResultOutputID=e46a1379b93a42efbb590918fdde2cdb DependenciesID=f659d3f78b7cd907ec5d89261b68fb09 StaticDependenciesID=d3bb3e0b02e45818eeb26d46818a02e1 
Number of updated asset objects reloaded before import = 0
Number of asset objects unloaded after import = 0
========================================================================
Received Import Request.
  Time of request: 2026-09-30T12:28:13.2382204Z
  Time since last request: 0.0004718 seconds.
  importAddress: GUID: b926af22079e00e4a8c073321194cea1 - Path: Packages/com.unity.timeline/Editor/Window/TimelineWindow_StateChange.cs - Importer: ScriptedImporter/UnityEditor.QuickSearchModule:UnityEditor.Search:ASIAI0B
Importing 'GUID: b926af22079e00e4a8c073321194cea1 - Path: Packages/com.unity.timeline/Editor/Window/TimelineWindow_StateChange.cs - Importer: ScriptedImporter/UnityEditor.QuickSearchModule:UnityEditor.Search:ASIAI0B' with importer (ScriptedImporter : UnityEditor.QuickSearchModule:UnityEditor.Search:ASIAI0B)
Imported 'GUID: b926af22079e00e4a8c073321194cea1' -> (Import Result ID: '25a1df32cefb6a6e0b4c2907ea7b9de9') in 0.001 seconds [static and dynamic dependencies]. Details - ImportResultOutputID=8e7be4445a32fe2fd7be466d06597b78 DependenciesID=a586bd282175685283d9a3a83a2b46c0 StaticDependenciesID=f54a55033d7c440e46510982ab3a167a 
Number of updated asset objects reloaded before import = 0
Number of asset objects unloaded after import = 0
========================================================================
Received Import Request.
  Time of request: 2026-09-30T12:28:13.2523737Z
  Time since last request: 0.0126822 seconds.
  importAddress: GUID: 66b2b8fd1d9b4bc4c96b07335ad822f3 - Path: Packages/com.unity.timeline/Runtime/Utilities/IPropertyCollector.cs - Importer: ScriptedImporter/UnityEditor.QuickSearchModule:UnityEditor.Search:ASIAI0B
Importing 'GUID: 66b2b8fd1d9b4bc4c96b07335ad822f3 - Path: Packages/com.unity.timeline/Runtime/Utilities/IPropertyCollector.cs - Importer: ScriptedImporter/UnityEditor.QuickSearchModule:UnityEditor.Search:ASIAI0B' with importer (ScriptedImporter : UnityEditor.QuickSearchModule:UnityEditor.Search:ASIAI0B)
Imported 'GUID: 66b2b8fd1d9b4bc4c96b07335ad822f3' -> (Import Result ID: '6a463d1217903ac44e4515eff8af9069') in 0.003 seconds [static and dynamic dependencies]. Details - ImportResultOutputID=40592f7432af3801dfe6b9e3dd1f29d6 DependenciesID=403f9061428d1179c212e4981e40e3af StaticDependenciesID=446ea86c19e97ba939963031b1970c57 
Number of updated asset objects reloaded before import = 0
Number of asset objects unloaded after import = 0
========================================================================
Received Import Request.
  Time of request: 2026-09-30T12:28:13.2554588Z
  Time since last request: 0.0002332 seconds.
  importAddress: GUID: 335020228a0fe124897f51f25f6350ee - Path: Packages/com.unity.timeline/Editor/Manipulators/Utils/PlacementValidity.cs - Importer: ScriptedImporter/UnityEditor.QuickSearchModule:UnityEditor.Search:ASIAI0B
Importing 'GUID: 335020228a0fe124897f51f25f6350ee - Path: Packages/com.unity.timeline/Editor/Manipulators/Utils/PlacementValidity.cs - Importer: ScriptedImporter/UnityEditor.QuickSearchModule:UnityEditor.Search:ASIAI0B' with importer (ScriptedImporter : UnityEditor.QuickSearchModule:UnityEditor.Search:ASIAI0B)
Imported 'GUID: 335020228a0fe124897f51f25f6350ee' -> (Import Result ID: 'cef09efe049a0b89753b32420caa2246') in 0.001 seconds [static and dynamic dependencies]. Details - ImportResultOutputID=98af33063467859f859493c31ea70279 DependenciesID=9cc5928207b1ade171e63bc4e9500224 StaticDependenciesID=ec13608a39db55e130cc79c6f3e74d59 
Number of updated asset objects reloaded before import = 0
Number of asset objects unloaded after import = 0
========================================================================
Received Import Request.
  Time of request: 2026-09-30T12:28:13.2574374Z
  Time since last request: 0.0003867 seconds.
  importAddress: GUID: b4a5ce78107bc38409a3bb5e8b3289ac - Path: Packages/com.unity.timeline/Editor/Manipulators/Trim/ITrimItemMode.cs - Importer: ScriptedImporter/UnityEditor.QuickSearchModule:UnityEditor.Search:ASIAI0B
Importing 'GUID: b4a5ce78107bc38409a3bb5e8b3289ac - Path: Packages/com.unity.timeline/Editor/Manipulators/Trim/ITrimItemMode.cs - Importer: ScriptedImporter/UnityEditor.QuickSearchModule:UnityEditor.Search:ASIAI0B' with importer (ScriptedImporter : UnityEditor.QuickSearchModule:UnityEditor.Search:ASIAI0B)
Imported 'GUID: b4a5ce78107bc38409a3bb5e8b3289ac' -> (Import Result ID: 'd281b84a4abe44fa2e7ebd4763136cfe') in 0.002 seconds [static and dynamic dependencies]. Details - ImportResultOutputID=f4bc4abdaa84b1f334e8d112e50d96c3 DependenciesID=b36d2f0bd775b066ba35b6a7f4927411 StaticDependenciesID=adefec00b66da1fbcd6f3a5710603426 
Number of updated asset objects reloaded before import = 0
Number of asset objects unloaded after import = 0
========================================================================
Received Import Request.
  Time of request: 2026-09-30T12:28:13.2600689Z
  Time since last request: 0.0004023 seconds.
  importAddress: GUID: b5f0881228e5827438f74e9b7b33c2dc - Path: Packages/com.unity.timeline/Runtime/Utilities/IPropertyPreview.cs - Importer: ScriptedImporter/UnityEditor.QuickSearchModule:UnityEditor.Search:ASIAI0B
Importing 'GUID: b5f0881228e5827438f74e9b7b33c2dc - Path: Packages/com.unity.timeline/Runtime/Utilities/IPropertyPreview.cs - Importer: ScriptedImporter/UnityEditor.QuickSearchModule:UnityEditor.Search:ASIAI0B' with importer (ScriptedImporter : UnityEditor.QuickSearchModule:UnityEditor.Search:ASIAI0B)
Imported 'GUID: b5f0881228e5827438f74e9b7b33c2dc' -> (Import Result ID: 'abf7e97ba30e17a41daaa4ed84a32a49') in 0.002 seconds [static and dynamic dependencies]. Details - ImportResultOutputID=1bcbc14828f20327cbe8ceeb1829561d DependenciesID=ccb93d9c2c4f0ec7ef1cfcaba6fc0f53 StaticDependenciesID=8d352679aa1419921594fcd76d75e9aa 
Number of updated asset objects reloaded before import = 0
Number of asset objects unloaded after import = 0
========================================================================
Received Import Request.
  Time of request: 2026-09-30T12:28:13.2628057Z
  Time since last request: 0.0004008 seconds.
  importAddress: GUID: d0ca7b2e84542bf4ab9987087e8d79ad - Path: Packages/com.unity.timeline/Runtime/Utilities/HashUtility.cs - Importer: ScriptedImporter/UnityEditor.QuickSearchModule:UnityEditor.Search:ASIAI0B
Importing 'GUID: d0ca7b2e84542bf4ab9987087e8d79ad - Path: Packages/com.unity.timeline/Runtime/Utilities/HashUtility.cs - Importer: ScriptedImporter/UnityEditor.QuickSearchModule:UnityEditor.Search:ASIAI0B' with importer (ScriptedImporter : UnityEditor.QuickSearchModule:UnityEditor.Search:ASIAI0B)
Imported 'GUID: d0ca7b2e84542bf4ab9987087e8d79ad' -> (Import Result ID: '48124afe3773bb21b5603f21fbaeaf72') in 0.002 seconds [static and dynamic dependencies]. Details - ImportResultOutputID=d8f11c01cd170d4f26f45ae08a8047fc DependenciesID=a513ad20c7542c64cd4c456c9470e0ec StaticDependenciesID=729f740e35521e9dbb0b0f1c927663cf 
Number of updated asset objects reloaded before import = 0
Number of asset objects unloaded after import = 0
========================================================================
Received Import Request.
  Time of request: 2026-09-30T12:28:13.2657426Z
  Time since last request: 0.0003777 seconds.
  importAddress: GUID: f6bd368ab00d75c459e2582e017191e6 - Path: Packages/com.unity.timeline/Editor/Manipulators/Move/MoveItemHandler.cs - Importer: ScriptedImporter/UnityEditor.QuickSearchModule:UnityEditor.Search:ASIAI0B
Importing 'GUID: f6bd368ab00d75c459e2582e017191e6 - Path: Packages/com.unity.timeline/Editor/Manipulators/Move/MoveItemHandler.cs - Importer: ScriptedImporter/UnityEditor.QuickSearchModule:UnityEditor.Search:ASIAI0B' with importer (ScriptedImporter : UnityEditor.QuickSearchModule:UnityEditor.Search:ASIAI0B)
Imported 'GUID: f6bd368ab00d75c459e2582e017191e6' -> (Import Result ID: 'ee8575c717c6e83031ba2ec95f321608') in 0.004 seconds [static and dynamic dependencies]. Details - ImportResultOutputID=5a6f17299d7810c7c01e744376a74e98 DependenciesID=0d5199340598ec176d9adbd83b5b54db StaticDependenciesID=86a349e15254b05a38e9179faf73dc08 
Number of updated asset objects reloaded before import = 0
Number of asset objects unloaded after import = 0
========================================================================
Received Import Request.
  Time of request: 2026-09-30T12:28:13.2708236Z
  Time since last request: 0.0004274 seconds.
  importAddress: GUID: 4acbfc0398bab674f922f693e58f4afc - Path: Packages/com.unity.timeline/Editor/treeview/ItemGui/ISelectable.cs - Importer: ScriptedImporter/UnityEditor.QuickSearchModule:UnityEditor.Search:ASIAI0B
Importing 'GUID: 4acbfc0398bab674f922f693e58f4afc - Path: Packages/com.unity.timeline/Editor/treeview/ItemGui/ISelectable.cs - Importer: ScriptedImporter/UnityEditor.QuickSearchModule:UnityEditor.Search:ASIAI0B' with importer (ScriptedImporter : UnityEditor.QuickSearchModule:UnityEditor.Search:ASIAI0B)
Imported 'GUID: 4acbfc0398bab674f922f693e58f4afc' -> (Import Result ID: '6acf6dc6874a8f0b912cbc054f56791b') in 0.002 seconds [static and dynamic dependencies]. Details - ImportResultOutputID=b0309fa0ec20fd277804455209e8c092 DependenciesID=3cd1c49d7450ab84dd9d5dc1c752c2f1 StaticDependenciesID=861dddae6d486a9b1191f3132d022f3f 
Number of updated asset objects reloaded before import = 0
Number of asset objects unloaded after import = 0
========================================================================
Received Import Request.
  Time of request: 2026-09-30T12:28:13.2728291Z
  Time since last request: 0.0003227 seconds.
  importAddress: GUID: 57a39be2178cca94ab21e15c082e3ab6 - Path: Packages/com.unity.timeline/Editor/inspectors/ClipInspector/ClipInspectorSelectionInfo.cs - Importer: ScriptedImporter/UnityEditor.QuickSearchModule:UnityEditor.Search:ASIAI0B
Importing 'GUID: 57a39be2178cca94ab21e15c082e3ab6 - Path: Packages/com.unity.timeline/Editor/inspectors/ClipInspector/ClipInspectorSelectionInfo.cs - Importer: ScriptedImporter/UnityEditor.QuickSearchModule:UnityEditor.Search:ASIAI0B' with importer (ScriptedImporter : UnityEditor.QuickSearchModule:UnityEditor.Search:ASIAI0B)
Imported 'GUID: 57a39be2178cca94ab21e15c082e3ab6' -> (Import Result ID: '16c9724f4aaf2c4fc403cbeb46acc958') in 0.002 seconds [static and dynamic dependencies]. Details - ImportResultOutputID=322e5e51d20bcfdb9b74954537e8ca0e DependenciesID=b90abe6be4561e9bc8c51d0668616a8b StaticDependenciesID=aa408f038b5e8e45afa95329f7dffa95 
Number of updated asset objects reloaded before import = 0
Number of asset objects unloaded after import = 0
========================================================================
Received Import Request.
  Time of request: 2026-09-30T12:28:13.276378Z
  Time since last request: 0.0004571 seconds.
  importAddress: GUID: b7cabea05434bb9479aee1e121b0d103 - Path: Packages/com.unity.timeline/Editor/Manipulators/Sequence/EaseClip.cs - Importer: ScriptedImporter/UnityEditor.QuickSearchModule:UnityEditor.Search:ASIAI0B
Importing 'GUID: b7cabea05434bb9479aee1e121b0d103 - Path: Packages/com.unity.timeline/Editor/Manipulators/Sequence/EaseClip.cs - Importer: ScriptedImporter/UnityEditor.QuickSearchModule:UnityEditor.Search:ASIAI0B' with importer (ScriptedImporter : UnityEditor.QuickSearchModule:UnityEditor.Search:ASIAI0B)
Imported 'GUID: b7cabea05434bb9479aee1e121b0d103' -> (Import Result ID: '0ebf71146af30f283f9489fe9961b191') in 0.002 seconds [static and dynamic dependencies]. Details - ImportResultOutputID=93a822dc091bbd0e71da3caf02888f58 DependenciesID=14d95029e3cf7b1f0dbfbda1bbb41dd7 StaticDependenciesID=8f821c8e4a5cbcd20d5b05857292d75f 
Number of updated asset objects reloaded before import = 0
Number of asset objects unloaded after import = 0
========================================================================
Received Import Request.
  Time of request: 2026-09-30T12:28:13.2785987Z
  Time since last request: 0.0004225 seconds.
  importAddress: GUID: 495e2738ac7d88a41a158cd2e237d70b - Path: Packages/com.unity.timeline/Editor/Manipulators/Utils/EditModeRippleUtils.cs - Importer: ScriptedImporter/UnityEditor.QuickSearchModule:UnityEditor.Search:ASIAI0B
Importing 'GUID: 495e2738ac7d88a41a158cd2e237d70b - Path: Packages/com.unity.timeline/Editor/Manipulators/Utils/EditModeRippleUtils.cs - Importer: ScriptedImporter/UnityEditor.QuickSearchModule:UnityEditor.Search:ASIAI0B' with importer (ScriptedImporter : UnityEditor.QuickSearchModule:UnityEditor.Search:ASIAI0B)
Imported 'GUID: 495e2738ac7d88a41a158cd2e237d70b' -> (Import Result ID: 'a8e7c7a2a5a41ce94ea917e6328fc002') in 0.002 seconds [static and dynamic dependencies]. Details - ImportResultOutputID=7938569a815221695e9542e1fac283ba DependenciesID=33ca76d5ac9c510a57fc102dc95c014e StaticDependenciesID=6ecf059f5bcfe4c96cb98603436b5a4e 
Number of updated asset objects reloaded before import = 0
Number of asset objects unloaded after import = 0
========================================================================
Received Import Request.
  Time of request: 2026-09-30T12:28:13.2812766Z
  Time since last request: 0.0005015 seconds.
  importAddress: GUID: 5aa8f57287fc17149bcd798be813180b - Path: Packages/com.unity.timeline/Editor/Manipulators/Sequence/RectangleZoom.cs - Importer: ScriptedImporter/UnityEditor.QuickSearchModule:UnityEditor.Search:ASIAI0B
Importing 'GUID: 5aa8f57287fc17149bcd798be813180b - Path: Packages/com.unity.timeline/Editor/Manipulators/Sequence/RectangleZoom.cs - Importer: ScriptedImporter/UnityEditor.QuickSearchModule:UnityEditor.Search:ASIAI0B' with importer (ScriptedImporter : UnityEditor.QuickSearchModule:UnityEditor.Search:ASIAI0B)
Imported 'GUID: 5aa8f57287fc17149bcd798be813180b' -> (Import Result ID: 'cd1e47a2c6f5872fbd94079889b409cb') in 0.002 seconds [static and dynamic dependencies]. Details - ImportResultOutputID=1db0e49503b5cb74fc2f4a761423fa54 DependenciesID=4b1c2a75876b9ecae60aa9d60adea203 StaticDependenciesID=9650bafca3db0a3274dc456fb3187e80 
Number of updated asset objects reloaded before import = 0
Number of asset objects unloaded after import = 0
========================================================================
Received Import Request.
  Time of request: 2026-09-30T12:28:13.2840634Z
  Time since last request: 0.000503 seconds.
  importAddress: GUID: d3d14fa8f6934e14d92e37279e40e89b - Path: Packages/com.unity.timeline/Editor/inspectors/ClipInspector/ClipInspectorCurveEditor.cs - Importer: ScriptedImporter/UnityEditor.QuickSearchModule:UnityEditor.Search:ASIAI0B
Importing 'GUID: d3d14fa8f6934e14d92e37279e40e89b - Path: Packages/com.unity.timeline/Editor/inspectors/ClipInspector/ClipInspectorCurveEditor.cs - Importer: ScriptedImporter/UnityEditor.QuickSearchModule:UnityEditor.Search:ASIAI0B' with importer (ScriptedImporter : UnityEditor.QuickSearchModule:UnityEditor.Search:ASIAI0B)
Imported 'GUID: d3d14fa8f6934e14d92e37279e40e89b' -> (Import Result ID: '1f94ae7c5e632b44d00ff2173367e58f') in 0.002 seconds [static and dynamic dependencies]. Details - ImportResultOutputID=bf0fca14515ed074df405d4cd68a0773 DependenciesID=de1613e001e26b019ec2c95ed3377cca StaticDependenciesID=37f514e2f5eb13e5434d66a620a50b28 
Number of updated asset objects reloaded before import = 0
Number of asset objects unloaded after import = 0
========================================================================
Received Import Request.
  Time of request: 2026-09-30T12:28:13.2875463Z
  Time since last request: 0.0008163 seconds.
  importAddress: GUID: 20c8bb6b47a526c4c96ca73314fe2856 - Path: Packages/com.unity.timeline/Editor/Manipulators/Trim/TrimItemModeRipple.cs - Importer: ScriptedImporter/UnityEditor.QuickSearchModule:UnityEditor.Search:ASIAI0B
Importing 'GUID: 20c8bb6b47a526c4c96ca73314fe2856 - Path: Packages/com.unity.timeline/Editor/Manipulators/Trim/TrimItemModeRipple.cs - Importer: ScriptedImporter/UnityEditor.QuickSearchModule:UnityEditor.Search:ASIAI0B' with importer (ScriptedImporter : UnityEditor.QuickSearchModule:UnityEditor.Search:ASIAI0B)
Imported 'GUID: 20c8bb6b47a526c4c96ca73314fe2856' -> (Import Result ID: '7857d048eecdef70e99ebdb0726c9d81') in 0.002 seconds [static and dynamic dependencies]. Details - ImportResultOutputID=92b2c92f6b2ff58ed9345451cb083eeb DependenciesID=c102f03286dc133b586e1902ad158729 StaticDependenciesID=97b76810d4ec018e0a17e9b70bf2d863 
Number of updated asset objects reloaded before import = 0
Number of asset objects unloaded after import = 0
========================================================================
Received Import Request.
  Time of request: 2026-09-30T12:28:13.2902Z
  Time since last request: 0.0006338 seconds.
  importAddress: GUID: 41e14f40b915ca743a3dffd18ffc65ab - Path: Packages/com.unity.timeline/Editor/Manipulators/AddDelete/AddDeleteItemModeMix.cs - Importer: ScriptedImporter/UnityEditor.QuickSearchModule:UnityEditor.Search:ASIAI0B
Importing 'GUID: 41e14f40b915ca743a3dffd18ffc65ab - Path: Packages/com.unity.timeline/Editor/Manipulators/AddDelete/AddDeleteItemModeMix.cs - Importer: ScriptedImporter/UnityEditor.QuickSearchModule:UnityEditor.Search:ASIAI0B' with importer (ScriptedImporter : UnityEditor.QuickSearchModule:UnityEditor.Search:ASIAI0B)
Imported 'GUID: 41e14f40b915ca743a3dffd18ffc65ab' -> (Import Result ID: 'b246d68bdf04f7a6c141f7c4bfbc2529') in 0.002 seconds [static and dynamic dependencies]. Details - ImportResultOutputID=be2b6095344cf1b4ba468c3c60b6f7b9 DependenciesID=bd88e046a62b23442fc5188568971662 StaticDependenciesID=0289a3e324f213569b45c902cfa55ac5 
Number of updated asset objects reloaded before import = 0
Number of asset objects unloaded after import = 0
========================================================================
Received Import Request.
  Time of request: 2026-09-30T12:28:13.2928787Z
  Time since last request: 0.0005549 seconds.
  importAddress: GUID: 9a371bcbba2084dd0a8ebc6826aa8794 - Path: Packages/com.unity.timeline/Editor/inspectors/CurvesOwner/CurvesOwnerInspectorHelper.cs - Importer: ScriptedImporter/UnityEditor.QuickSearchModule:UnityEditor.Search:ASIAI0B
Importing 'GUID: 9a371bcbba2084dd0a8ebc6826aa8794 - Path: Packages/com.unity.timeline/Editor/inspectors/CurvesOwner/CurvesOwnerInspectorHelper.cs - Importer: ScriptedImporter/UnityEditor.QuickSearchModule:UnityEditor.Search:ASIAI0B' with importer (ScriptedImporter : UnityEditor.QuickSearchModule:UnityEditor.Search:ASIAI0B)
Imported 'GUID: 9a371bcbba2084dd0a8ebc6826aa8794' -> (Import Result ID: '935732ba6de1f8a219813ecaf4f005a5') in 0.002 seconds [static and dynamic dependencies]. Details - ImportResultOutputID=ceb92b5c242f931a2366dbc81bd2282a DependenciesID=805bfebe0cd24ae3c6f947d2a250b791 StaticDependenciesID=dddc03a69e2186293231c3ea845b848d 
Number of updated asset objects reloaded before import = 0
Number of asset objects unloaded after import = 0
========================================================================
Received Import Request.
  Time of request: 2026-09-30T12:28:13.2957219Z
  Time since last request: 0.0004654 seconds.
  importAddress: GUID: 769f6f5dd7c8f2d4c9ab1caba0bd2628 - Path: Packages/com.unity.timeline/Editor/Manipulators/Trim/TrimItemModeReplace.cs - Importer: ScriptedImporter/UnityEditor.QuickSearchModule:UnityEditor.Search:ASIAI0B
Importing 'GUID: 769f6f5dd7c8f2d4c9ab1caba0bd2628 - Path: Packages/com.unity.timeline/Editor/Manipulators/Trim/TrimItemModeReplace.cs - Importer: ScriptedImporter/UnityEditor.QuickSearchModule:UnityEditor.Search:ASIAI0B' with importer (ScriptedImporter : UnityEditor.QuickSearchModule:UnityEditor.Search:ASIAI0B)
Imported 'GUID: 769f6f5dd7c8f2d4c9ab1caba0bd2628' -> (Import Result ID: '4b137079db7fee8417b00a31dcad4968') in 0.002 seconds [static and dynamic dependencies]. Details - ImportResultOutputID=2258201c70e21ecb20f96910bd70cf30 DependenciesID=a42c462f75b90fbb4a1419054bdd7079 StaticDependenciesID=597f04b913ebe5e462c0e2bc7ccd9287 
Number of updated asset objects reloaded before import = 0
Number of asset objects unloaded after import = 0
========================================================================
Received Import Request.
  Time of request: 2026-09-30T12:28:13.2983422Z
  Time since last request: 0.0003202 seconds.
  importAddress: GUID: 505965fb9ab352b4d88882d7c8d822bf - Path: Packages/com.unity.timeline/Editor/Manipulators/Utils/EditModeMixUtils.cs - Importer: ScriptedImporter/UnityEditor.QuickSearchModule:UnityEditor.Search:ASIAI0B
Importing 'GUID: 505965fb9ab352b4d88882d7c8d822bf - Path: Packages/com.unity.timeline/Editor/Manipulators/Utils/EditModeMixUtils.cs - Importer: ScriptedImporter/UnityEditor.QuickSearchModule:UnityEditor.Search:ASIAI0B' with importer (ScriptedImporter : UnityEditor.QuickSearchModule:UnityEditor.Search:ASIAI0B)
Imported 'GUID: 505965fb9ab352b4d88882d7c8d822bf' -> (Import Result ID: '765f8c19d294f2724889f84d62889759') in 0.002 seconds [static and dynamic dependencies]. Details - ImportResultOutputID=903553898bb2c330ce6baae015c3f47a DependenciesID=d9361545b15492cd9e3fe7f34fc0f388 StaticDependenciesID=cb340db38a7d486aa2881a896f591fd9 
Number of updated asset objects reloaded before import = 0
Number of asset objects unloaded after import = 0
========================================================================
Received Import Request.
  Time of request: 2026-09-30T12:28:13.3009809Z
  Time since last request: 0.0003203 seconds.
  importAddress: GUID: 40cb137d0e9816e48a4141ed13afedad - Path: Packages/com.unity.timeline/Runtime/Utilities/TimelineCreateUtilities.cs - Importer: ScriptedImporter/UnityEditor.QuickSearchModule:UnityEditor.Search:ASIAI0B
Importing 'GUID: 40cb137d0e9816e48a4141ed13afedad - Path: Packages/com.unity.timeline/Runtime/Utilities/TimelineCreateUtilities.cs - Importer: ScriptedImporter/UnityEditor.QuickSearchModule:UnityEditor.Search:ASIAI0B' with importer (ScriptedImporter : UnityEditor.QuickSearchModule:UnityEditor.Search:ASIAI0B)
Imported 'GUID: 40cb137d0e9816e48a4141ed13afedad' -> (Import Result ID: 'ab1f176c63f004ae3a5860919245c9ad') in 0.002 seconds [static and dynamic dependencies]. Details - ImportResultOutputID=0ba67350dfb6dcb45519b56275030f77 DependenciesID=a4ef8f95479438169e726e5806202d35 StaticDependenciesID=39dba0a0b3738b14506d2e0ae5c01cd2 
Number of updated asset objects reloaded before import = 0
Number of asset objects unloaded after import = 0
========================================================================
Received Import Request.
  Time of request: 2026-09-30T12:28:13.3032898Z
  Time since last request: 0.0005569 seconds.
  importAddress: GUID: edd4f4b395430604d935bcf0b14c7d42 - Path: Packages/com.unity.timeline/Editor/Manipulators/Sequence/RectangleSelect.cs - Importer: ScriptedImporter/UnityEditor.QuickSearchModule:UnityEditor.Search:ASIAI0B
Importing 'GUID: edd4f4b395430604d935bcf0b14c7d42 - Path: Packages/com.unity.timeline/Editor/Manipulators/Sequence/RectangleSelect.cs - Importer: ScriptedImporter/UnityEditor.QuickSearchModule:UnityEditor.Search:ASIAI0B' with importer (ScriptedImporter : UnityEditor.QuickSearchModule:UnityEditor.Search:ASIAI0B)
Imported 'GUID: edd4f4b395430604d935bcf0b14c7d42' -> (Import Result ID: '74e86270a60c3b3f94f907323e8a205f') in 0.002 seconds [static and dynamic dependencies]. Details - ImportResultOutputID=b2ca283f6891dd0b0a3fed65eddf17b1 DependenciesID=b71bb9eaf4d481882f1c163e4095f83d StaticDependenciesID=e3f4a922510715780eb551e10182d4ee 
Number of updated asset objects reloaded before import = 0
Number of asset objects unloaded after import = 0
========================================================================
Received Import Request.
  Time of request: 2026-09-30T12:28:13.3055717Z
  Time since last request: 0.0002169 seconds.
  importAddress: GUID: 5393cdb70614ab24f94f78bfcf5d1455 - Path: Packages/com.unity.timeline/Editor/StyleSheets/Extensions/dark.uss - Importer: ScriptedImporter/UnityEditor.QuickSearchModule:UnityEditor.Search:ASIAI0B
Importing 'GUID: 5393cdb70614ab24f94f78bfcf5d1455 - Path: Packages/com.unity.timeline/Editor/StyleSheets/Extensions/dark.uss - Importer: ScriptedImporter/UnityEditor.QuickSearchModule:UnityEditor.Search:ASIAI0B' with importer (ScriptedImporter : UnityEditor.QuickSearchModule:UnityEditor.Search:ASIAI0B)
Imported 'GUID: 5393cdb70614ab24f94f78bfcf5d1455' -> (Import Result ID: '0fcbce847940a5c32a032a25ae23596a') in 0.038 seconds [static and dynamic dependencies]. Details - ImportResultOutputID=bb785ce11014ce95eb204a12dde849a0 DependenciesID=77ffc08facddba8da89819e8d472726c StaticDependenciesID=a09dfa346a4eac1181af687b952264a6 
Number of updated asset objects reloaded before import = 0
Number of asset objects unloaded after import = 1
========================================================================
Received Import Request.
  Time of request: 2026-09-30T12:28:13.3558929Z
  Time since last request: 0.0124776 seconds.
  importAddress: GUID: 1e96b886242ab404db69df796f7cd9b0 - Path: Packages/com.unity.timeline/Editor/treeview/TrackGui/InlineCurveEditor.cs - Importer: ScriptedImporter/UnityEditor.QuickSearchModule:UnityEditor.Search:ASIAI0B
Importing 'GUID: 1e96b886242ab404db69df796f7cd9b0 - Path: Packages/com.unity.timeline/Editor/treeview/TrackGui/InlineCurveEditor.cs - Importer: ScriptedImporter/UnityEditor.QuickSearchModule:UnityEditor.Search:ASIAI0B' with importer (ScriptedImporter : UnityEditor.QuickSearchModule:UnityEditor.Search:ASIAI0B)
Imported 'GUID: 1e96b886242ab404db69df796f7cd9b0' -> (Import Result ID: '9b8bc1abd83663ad81cd6e50531b447a') in 0.003 seconds [static and dynamic dependencies]. Details - ImportResultOutputID=5bf29fd44a3176fb7af5a912c2678797 DependenciesID=99ce80069605b45eb87259cae199a4f7 StaticDependenciesID=210daf857b528b717a814fdc4a9da56c 
Number of updated asset objects reloaded before import = 0
Number of asset objects unloaded after import = 0
========================================================================
Received Import Request.
  Time of request: 2026-09-30T12:28:13.3591719Z
  Time since last request: 0.0004682 seconds.
  importAddress: GUID: 67ee43b2f6148de40861b289b0e00591 - Path: Packages/com.unity.timeline/Editor/Window/Modes/TimelineActiveMode.cs - Importer: ScriptedImporter/UnityEditor.QuickSearchModule:UnityEditor.Search:ASIAI0B
Importing 'GUID: 67ee43b2f6148de40861b289b0e00591 - Path: Packages/com.unity.timeline/Editor/Window/Modes/TimelineActiveMode.cs - Importer: ScriptedImporter/UnityEditor.QuickSearchModule:UnityEditor.Search:ASIAI0B' with importer (ScriptedImporter : UnityEditor.QuickSearchModule:UnityEditor.Search:ASIAI0B)
Imported 'GUID: 67ee43b2f6148de40861b289b0e00591' -> (Import Result ID: '15b8d93dbcfec5775ce17f76d6e2b552') in 0.002 seconds [static and dynamic dependencies]. Details - ImportResultOutputID=eb5caae6eac523e3862656765a2b5ac1 DependenciesID=bacc61b051ae026ea89c02488af2a2a2 StaticDependenciesID=6c35db309abc33e58d2027bb6fe6489d 
Number of updated asset objects reloaded before import = 0
Number of asset objects unloaded after import = 0
========================================================================
Received Import Request.
  Time of request: 2026-09-30T12:28:13.3622841Z
  Time since last request: 0.0004582 seconds.
  importAddress: GUID: 75e3737506434a75b1f7901d8883ad47 - Path: Packages/com.unity.timeline/Editor/Utilities/Scopes/HorizontalScope.cs - Importer: ScriptedImporter/UnityEditor.QuickSearchModule:UnityEditor.Search:ASIAI0B
Importing 'GUID: 75e3737506434a75b1f7901d8883ad47 - Path: Packages/com.unity.timeline/Editor/Utilities/Scopes/HorizontalScope.cs - Importer: ScriptedImporter/UnityEditor.QuickSearchModule:UnityEditor.Search:ASIAI0B' with importer (ScriptedImporter : UnityEditor.QuickSearchModule:UnityEditor.Search:ASIAI0B)
Imported 'GUID: 75e3737506434a75b1f7901d8883ad47' -> (Import Result ID: 'c9cefc432d3e4b808ba16b6961ec3668') in 0.002 seconds [static and dynamic dependencies]. Details - ImportResultOutputID=0178f7c790d7bf49b68cc5b60f26a166 DependenciesID=4e0db46a76bb2592227bd715e52e0ddb StaticDependenciesID=8f5c7bd3c0b2872b9f6d164cf9c98263 
Number of updated asset objects reloaded before import = 0
Number of asset objects unloaded after import = 0
========================================================================
Received Import Request.
  Time of request: 2026-09-30T12:28:13.3648302Z
  Time since last request: 0.0003618 seconds.
  importAddress: GUID: 8d34348f8b97a334291f5cf31adc5d67 - Path: Packages/com.unity.timeline/Editor/treeview/ItemGui/TimelineMarkerGUI.cs - Importer: ScriptedImporter/UnityEditor.QuickSearchModule:UnityEditor.Search:ASIAI0B
Importing 'GUID: 8d34348f8b97a334291f5cf31adc5d67 - Path: Packages/com.unity.timeline/Editor/treeview/ItemGui/TimelineMarkerGUI.cs - Importer: ScriptedImporter/UnityEditor.QuickSearchModule:UnityEditor.Search:ASIAI0B' with importer (ScriptedImporter : UnityEditor.QuickSearchModule:UnityEditor.Search:ASIAI0B)
Imported 'GUID: 8d34348f8b97a334291f5cf31adc5d67' -> (Import Result ID: 'b0f55d7b00c711f300583bac6b1c1fb6') in 0.002 seconds [static and dynamic dependencies]. Details - ImportResultOutputID=a2acab890a0257dfb3578a2cae0d1fc3 DependenciesID=4096df2381f54ef944d3678285726014 StaticDependenciesID=363e11ec21615f6653e0a6c3cc984340 
Number of updated asset objects reloaded before import = 0
Number of asset objects unloaded after import = 0
========================================================================
Received Import Request.
  Time of request: 2026-09-30T12:28:13.3676469Z
  Time since last request: 0.0003958 seconds.
  importAddress: GUID: 6f515f8ecd3b6a546b90abaae2553f99 - Path: Packages/com.unity.timeline/Editor/treeview/ItemGui/TimelineItemGUI.cs - Importer: ScriptedImporter/UnityEditor.QuickSearchModule:UnityEditor.Search:ASIAI0B
Importing 'GUID: 6f515f8ecd3b6a546b90abaae2553f99 - Path: Packages/com.unity.timeline/Editor/treeview/ItemGui/TimelineItemGUI.cs - Importer: ScriptedImporter/UnityEditor.QuickSearchModule:UnityEditor.Search:ASIAI0B' with importer (ScriptedImporter : UnityEditor.QuickSearchModule:UnityEditor.Search:ASIAI0B)
Imported 'GUID: 6f515f8ecd3b6a546b90abaae2553f99' -> (Import Result ID: '8d4487f3a5c9357b3d058b98378b4813') in 0.002 seconds [static and dynamic dependencies]. Details - ImportResultOutputID=0d4b043590c1afb852636a259f3b155e DependenciesID=6c7af5fcd1b7eea16f760e4ffe1fcb2c StaticDependenciesID=37c8cd740573ad7555dea94824fb0d02 
Number of updated asset objects reloaded before import = 0
Number of asset objects unloaded after import = 0
========================================================================
Received Import Request.
  Time of request: 2026-09-30T12:28:13.3705751Z
  Time since last request: 0.0005783 seconds.
  importAddress: GUID: 0bee8aba5e8a40446b7098666c5314d9 - Path: Packages/com.unity.timeline/Editor/Utilities/Scopes/GUIGroupScope.cs - Importer: ScriptedImporter/UnityEditor.QuickSearchModule:UnityEditor.Search:ASIAI0B
Importing 'GUID: 0bee8aba5e8a40446b7098666c5314d9 - Path: Packages/com.unity.timeline/Editor/Utilities/Scopes/GUIGroupScope.cs - Importer: ScriptedImporter/UnityEditor.QuickSearchModule:UnityEditor.Search:ASIAI0B' with importer (ScriptedImporter : UnityEditor.QuickSearchModule:UnityEditor.Search:ASIAI0B)
Imported 'GUID: 0bee8aba5e8a40446b7098666c5314d9' -> (Import Result ID: '3984792233535d311df85c11bef35433') in 0.002 seconds [static and dynamic dependencies]. Details - ImportResultOutputID=9246a86309efaa67b85e861229c87aa0 DependenciesID=2ca95fc66bbbfadf822076ee2b7f4935 StaticDependenciesID=d4bd9dcee462793a75fc7d0b71e95129 
Number of updated asset objects reloaded before import = 0
Number of asset objects unloaded after import = 0
========================================================================
Received Import Request.
  Time of request: 2026-09-30T12:28:13.373253Z
  Time since last request: 0.0004604 seconds.
  importAddress: GUID: 15c38f6fa1940124db1ab7f6fe7268d1 - Path: Packages/com.unity.timeline/Runtime/Events/Signals/SignalEmitter.cs - Importer: ScriptedImporter/UnityEditor.QuickSearchModule:UnityEditor.Search:ASIAI0B
Importing 'GUID: 15c38f6fa1940124db1ab7f6fe7268d1 - Path: Packages/com.unity.timeline/Runtime/Events/Signals/SignalEmitter.cs - Importer: ScriptedImporter/UnityEditor.QuickSearchModule:UnityEditor.Search:ASIAI0B' with importer (ScriptedImporter : UnityEditor.QuickSearchModule:UnityEditor.Search:ASIAI0B)
Imported 'GUID: 15c38f6fa1940124db1ab7f6fe7268d1' -> (Import Result ID: 'dcb46c9fc4e2989bec2824e105ef858c') in 0.003 seconds [static and dynamic dependencies]. Details - ImportResultOutputID=f29722db0d214f0ce3cf4ee3c816a975 DependenciesID=46ebfeb5d31025115e72c852db51c464 StaticDependenciesID=a95f855486e51964f26dcf6f0808b1cb 
Number of updated asset objects reloaded before import = 0
Number of asset objects unloaded after import = 0
========================================================================
Received Import Request.
  Time of request: 2026-09-30T12:28:13.3770643Z
  Time since last request: 0.0003254 seconds.
  importAddress: GUID: b3b27007577486c4d8dc088f989b288c - Path: Packages/com.unity.timeline/Editor/treeview/TrackGui/TimelineTrackGUI.cs - Importer: ScriptedImporter/UnityEditor.QuickSearchModule:UnityEditor.Search:ASIAI0B
Importing 'GUID: b3b27007577486c4d8dc088f989b288c - Path: Packages/com.unity.timeline/Editor/treeview/TrackGui/TimelineTrackGUI.cs - Importer: ScriptedImporter/UnityEditor.QuickSearchModule:UnityEditor.Search:ASIAI0B' with importer (ScriptedImporter : UnityEditor.QuickSearchModule:UnityEditor.Search:ASIAI0B)
Imported 'GUID: b3b27007577486c4d8dc088f989b288c' -> (Import Result ID: 'ebb4ccbe0c061d431d816b8846edc9ac') in 0.002 seconds [static and dynamic dependencies]. Details - ImportResultOutputID=1c613b6c474ceda940d8bfd1c9211cc9 DependenciesID=3881e701f0f26bd569ba1d05598941d5 StaticDependenciesID=84801c0e0c1b3530f97ea1ccaad0156f 
Number of updated asset objects reloaded before import = 0
Number of asset objects unloaded after import = 0
========================================================================
Received Import Request.
  Time of request: 2026-09-30T12:28:13.3797125Z
  Time since last request: 0.0006242 seconds.
  importAddress: GUID: 5503f95d174761548a68a901beab13c2 - Path: Packages/com.unity.timeline/Editor/Window/Modes/TimelineInactiveMode.cs - Importer: ScriptedImporter/UnityEditor.QuickSearchModule:UnityEditor.Search:ASIAI0B
Importing 'GUID: 5503f95d174761548a68a901beab13c2 - Path: Packages/com.unity.timeline/Editor/Window/Modes/TimelineInactiveMode.cs - Importer: ScriptedImporter/UnityEditor.QuickSearchModule:UnityEditor.Search:ASIAI0B' with importer (ScriptedImporter : UnityEditor.QuickSearchModule:UnityEditor.Search:ASIAI0B)
Imported 'GUID: 5503f95d174761548a68a901beab13c2' -> (Import Result ID: 'ed420b8f2138a60d59119792df14d159') in 0.002 seconds [static and dynamic dependencies]. Details - ImportResultOutputID=98fc9d847f26940d710743a67ba4f955 DependenciesID=064575575cd03f6176865142341c8853 StaticDependenciesID=1f70a1fba517380e7d248bc5c3ca52f9 
Number of updated asset objects reloaded before import = 0
Number of asset objects unloaded after import = 0
========================================================================
Received Import Request.
  Time of request: 2026-09-30T12:28:13.3830864Z
  Time since last request: 0.0011699 seconds.
  importAddress: GUID: 3f8643c1f8dd449e85b548a14edbea2e - Path: Packages/com.unity.timeline/Editor/Window/Modes/TimelineReadOnlyMode.cs - Importer: ScriptedImporter/UnityEditor.QuickSearchModule:UnityEditor.Search:ASIAI0B
Importing 'GUID: 3f8643c1f8dd449e85b548a14edbea2e - Path: Packages/com.unity.timeline/Editor/Window/Modes/TimelineReadOnlyMode.cs - Importer: ScriptedImporter/UnityEditor.QuickSearchModule:UnityEditor.Search:ASIAI0B' with importer (ScriptedImporter : UnityEditor.QuickSearchModule:UnityEditor.Search:ASIAI0B)
Imported 'GUID: 3f8643c1f8dd449e85b548a14edbea2e' -> (Import Result ID: 'aeddc5e5fda9f0f25c13c81a75bdfdc7') in 0.003 seconds [static and dynamic dependencies]. Details - ImportResultOutputID=9d439ece401ed4588dd10e9290443c8c DependenciesID=b30edd4acffa830e5621602f808a8148 StaticDependenciesID=a8e3e9f3a204dc6439e078073c40f248 
Number of updated asset objects reloaded before import = 0
Number of asset objects unloaded after import = 0
========================================================================
Received Import Request.
  Time of request: 2026-09-30T12:28:13.3868767Z
  Time since last request: 0.0004775 seconds.
  importAddress: GUID: 34d6f60b171c1004e8335d52c65928a3 - Path: Packages/com.unity.timeline/Editor/Window/Modes/TimeReferenceMode.cs - Importer: ScriptedImporter/UnityEditor.QuickSearchModule:UnityEditor.Search:ASIAI0B
Importing 'GUID: 34d6f60b171c1004e8335d52c65928a3 - Path: Packages/com.unity.timeline/Editor/Window/Modes/TimeReferenceMode.cs - Importer: ScriptedImporter/UnityEditor.QuickSearchModule:UnityEditor.Search:ASIAI0B' with importer (ScriptedImporter : UnityEditor.QuickSearchModule:UnityEditor.Search:ASIAI0B)
Imported 'GUID: 34d6f60b171c1004e8335d52c65928a3' -> (Import Result ID: '4485d7e5dd159d606269264b94501bbc') in 0.002 seconds [static and dynamic dependencies]. Details - ImportResultOutputID=9d71bc11e3fe9d4e93c25dd1b263f184 DependenciesID=c54279489df1e966474875ed6512f1f4 StaticDependenciesID=f05629a81d19707023727068cdfb17eb 
Number of updated asset objects reloaded before import = 0
Number of asset objects unloaded after import = 0
========================================================================
Received Import Request.
  Time of request: 2026-09-30T12:28:13.3894599Z
  Time since last request: 0.0004291 seconds.
  importAddress: GUID: d6b75424ba2b73c4eb3182b08dbd71ce - Path: Packages/com.unity.timeline/Editor/treeview/TrackGui/TimelineTrackBaseGUI.cs - Importer: ScriptedImporter/UnityEditor.QuickSearchModule:UnityEditor.Search:ASIAI0B
Importing 'GUID: d6b75424ba2b73c4eb3182b08dbd71ce - Path: Packages/com.unity.timeline/Editor/treeview/TrackGui/TimelineTrackBaseGUI.cs - Importer: ScriptedImporter/UnityEditor.QuickSearchModule:UnityEditor.Search:ASIAI0B' with importer (ScriptedImporter : UnityEditor.QuickSearchModule:UnityEditor.Search:ASIAI0B)
Imported 'GUID: d6b75424ba2b73c4eb3182b08dbd71ce' -> (Import Result ID: '705be023253b97a61a95c153490171e4') in 0.002 seconds [static and dynamic dependencies]. Details - ImportResultOutputID=ac4d26153dcfb155152c0f0d76ed09fe DependenciesID=557ff3ed1f4980bf12d62692712c7ba0 StaticDependenciesID=4a9bb8a0e63c1d9c59e447a51d88fc7c 
Number of updated asset objects reloaded before import = 0
Number of asset objects unloaded after import = 0
========================================================================
Received Import Request.
  Time of request: 2026-09-30T12:28:13.4053447Z
  Time since last request: 0.0136246 seconds.
  importAddress: GUID: 412f73153f3a3c549b67b2a847741145 - Path: Packages/com.unity.timeline/Editor/StyleSheets/Images/DarkSkin/TimelineDisabledBackground.png - Importer: ScriptedImporter/UnityEditor.QuickSearchModule:UnityEditor.Search:ASIAI0B
Importing 'GUID: 412f73153f3a3c549b67b2a847741145 - Path: Packages/com.unity.timeline/Editor/StyleSheets/Images/DarkSkin/TimelineDisabledBackground.png - Importer: ScriptedImporter/UnityEditor.QuickSearchModule:UnityEditor.Search:ASIAI0B' with importer (ScriptedImporter : UnityEditor.QuickSearchModule:UnityEditor.Search:ASIAI0B)
Imported 'GUID: 412f73153f3a3c549b67b2a847741145' -> (Import Result ID: 'f05682fc0150546123eb041f13fa21fa') in 0.011 seconds [static and dynamic dependencies]. Details - ImportResultOutputID=c5bc951569c3287b78e1349f01302b46 DependenciesID=1bcc95f0627269dc92c91018ebf18582 StaticDependenciesID=25fe3dab19240830156f989cc03fa4de 
Number of updated asset objects reloaded before import = 0
Number of asset objects unloaded after import = 1
========================================================================
Received Import Request.
  Time of request: 2026-09-30T12:28:13.4170569Z
  Time since last request: 0.0004076 seconds.
  importAddress: GUID: e17ee60887efdd04389991a15ee0c578 - Path: Packages/com.unity.timeline/Editor/StyleSheets/Images/DarkSkin/TimelineAutokey_active.png - Importer: ScriptedImporter/UnityEditor.QuickSearchModule:UnityEditor.Search:ASIAI0B
Importing 'GUID: e17ee60887efdd04389991a15ee0c578 - Path: Packages/com.unity.timeline/Editor/StyleSheets/Images/DarkSkin/TimelineAutokey_active.png - Importer: ScriptedImporter/UnityEditor.QuickSearchModule:UnityEditor.Search:ASIAI0B' with importer (ScriptedImporter : UnityEditor.QuickSearchModule:UnityEditor.Search:ASIAI0B)
Imported 'GUID: e17ee60887efdd04389991a15ee0c578' -> (Import Result ID: '03c341644e297cd77d774f890710f754') in 0.005 seconds [static and dynamic dependencies]. Details - ImportResultOutputID=8bee0b1868b0ba419cecc5f143bee017 DependenciesID=f14f23ad2898776fd8c8b4d52af93b70 StaticDependenciesID=5b533abfc5702c58d8a9c3bdd6608b02 
Number of updated asset objects reloaded before import = 0
Number of asset objects unloaded after import = 1
========================================================================
Received Import Request.
  Time of request: 2026-09-30T12:28:13.4238778Z
  Time since last request: 0.0011463 seconds.
  importAddress: GUID: af24c542434a025448222d576f61a956 - Path: Packages/com.unity.timeline/Editor/StyleSheets/Images/DarkSkin/TimelineAutokey@2x.png - Importer: ScriptedImporter/UnityEditor.QuickSearchModule:UnityEditor.Search:ASIAI0B
Importing 'GUID: af24c542434a025448222d576f61a956 - Path: Packages/com.unity.timeline/Editor/StyleSheets/Images/DarkSkin/TimelineAutokey@2x.png - Importer: ScriptedImporter/UnityEditor.QuickSearchModule:UnityEditor.Search:ASIAI0B' with importer (ScriptedImporter : UnityEditor.QuickSearchModule:UnityEditor.Search:ASIAI0B)
Imported 'GUID: af24c542434a025448222d576f61a956' -> (Import Result ID: '4d4561df5362a2e898c852812c3af9e3') in 0.009 seconds [static and dynamic dependencies]. Details - ImportResultOutputID=b8ec8b6e8a15686fdb63e7a270f5fe23 DependenciesID=e83c3867437dff2ce85d3bb40306e187 StaticDependenciesID=e8b9882e65038d0df040bf85b47e4296 
Number of updated asset objects reloaded before import = 0
Number of asset objects unloaded after import = 1
========================================================================
Received Import Request.
  Time of request: 2026-09-30T12:28:13.4331995Z
  Time since last request: 0.0003532 seconds.
  importAddress: GUID: 8eba099eb091faf419fecdcd5cdabfd7 - Path: Packages/com.unity.timeline/Editor/StyleSheets/Images/DarkSkin/TimelineKeyframe.png - Importer: ScriptedImporter/UnityEditor.QuickSearchModule:UnityEditor.Search:ASIAI0B
Importing 'GUID: 8eba099eb091faf419fecdcd5cdabfd7 - Path: Packages/com.unity.timeline/Editor/StyleSheets/Images/DarkSkin/TimelineKeyframe.png - Importer: ScriptedImporter/UnityEditor.QuickSearchModule:UnityEditor.Search:ASIAI0B' with importer (ScriptedImporter : UnityEditor.QuickSearchModule:UnityEditor.Search:ASIAI0B)
Imported 'GUID: 8eba099eb091faf419fecdcd5cdabfd7' -> (Import Result ID: '0f00923b1be8db9d2bc50ae6f118211c') in 0.006 seconds [static and dynamic dependencies]. Details - ImportResultOutputID=c1a0ff6c26e45cdd4aee627711c25f05 DependenciesID=18b4239b7c6176fdb39df9b74b4c98f2 StaticDependenciesID=6884c14b287b74d37288c40df581625a 
Number of updated asset objects reloaded before import = 0
Number of asset objects unloaded after import = 1
========================================================================
Received Import Request.
  Time of request: 2026-09-30T12:28:13.4395797Z
  Time since last request: 0.0004889 seconds.
  importAddress: GUID: d3b5c4f7d6b94f64085b3713bffa680e - Path: Packages/com.unity.timeline/Editor/StyleSheets/Images/DarkSkin/TimelinePingPong.png - Importer: ScriptedImporter/UnityEditor.QuickSearchModule:UnityEditor.Search:ASIAI0B
Importing 'GUID: d3b5c4f7d6b94f64085b3713bffa680e - Path: Packages/com.unity.timeline/Editor/StyleSheets/Images/DarkSkin/TimelinePingPong.png - Importer: ScriptedImporter/UnityEditor.QuickSearchModule:UnityEditor.Search:ASIAI0B' with importer (ScriptedImporter : UnityEditor.QuickSearchModule:UnityEditor.Search:ASIAI0B)
Imported 'GUID: d3b5c4f7d6b94f64085b3713bffa680e' -> (Import Result ID: '770caf204bed273447f1bcae539aa5aa') in 0.008 seconds [static and dynamic dependencies]. Details - ImportResultOutputID=95773b77a3575aa153c56de661d91a71 DependenciesID=945e0eb54355ccf921256f989b3b25a1 StaticDependenciesID=4c75c693eb6e63ff2718cc0f4b0357d6 
Number of updated asset objects reloaded before import = 0
Number of asset objects unloaded after import = 1
========================================================================
Received Import Request.
  Time of request: 2026-09-30T12:28:13.4501505Z
  Time since last request: 0.0008808 seconds.
  importAddress: GUID: c133595e3c100774496e03e66fa69259 - Path: Packages/com.unity.timeline/Editor/StyleSheets/Images/DarkSkin/TimelineMarkerItem.png - Importer: ScriptedImporter/UnityEditor.QuickSearchModule:UnityEditor.Search:ASIAI0B
Importing 'GUID: c133595e3c100774496e03e66fa69259 - Path: Packages/com.unity.timeline/Editor/StyleSheets/Images/DarkSkin/TimelineMarkerItem.png - Importer: ScriptedImporter/UnityEditor.QuickSearchModule:UnityEditor.Search:ASIAI0B' with importer (ScriptedImporter : UnityEditor.QuickSearchModule:UnityEditor.Search:ASIAI0B)
Imported 'GUID: c133595e3c100774496e03e66fa69259' -> (Import Result ID: 'f3cd64f6eb8f19203c8f47edd1c8fed9') in 0.015 seconds [static and dynamic dependencies]. Details - ImportResultOutputID=55b851a21788e8a2d1aef290ea7f514e DependenciesID=9c4334dbb03db0dcd9fb6867024be672 StaticDependenciesID=77508a4331a225be847c0f997c0c4ca6 
Number of updated asset objects reloaded before import = 0
Number of asset objects unloaded after import = 1
========================================================================
Received Import Request.
  Time of request: 2026-09-30T12:28:13.4657214Z
  Time since last request: 0.0004351 seconds.
  importAddress: GUID: 359cf58d5969d1a4aad29b095c7fc338 - Path: Packages/com.unity.timeline/Editor/StyleSheets/Images/DarkSkin/TimelineActivation.png - Importer: ScriptedImporter/UnityEditor.QuickSearchModule:UnityEditor.Search:ASIAI0B
Importing 'GUID: 359cf58d5969d1a4aad29b095c7fc338 - Path: Packages/com.unity.timeline/Editor/StyleSheets/Images/DarkSkin/TimelineActivation.png - Importer: ScriptedImporter/UnityEditor.QuickSearchModule:UnityEditor.Search:ASIAI0B' with importer (ScriptedImporter : UnityEditor.QuickSearchModule:UnityEditor.Search:ASIAI0B)
Imported 'GUID: 359cf58d5969d1a4aad29b095c7fc338' -> (Import Result ID: 'a7effc304cf0e72d0ec64179d56be369') in 0.006 seconds [static and dynamic dependencies]. Details - ImportResultOutputID=64808d0d661f2a584eb895172968af11 DependenciesID=fa3149ff5109fe2ecf0e1c67977e7f83 StaticDependenciesID=4456054568d9b2ac43d4cf8dd0fca03c 
Number of updated asset objects reloaded before import = 0
Number of asset objects unloaded after import = 1
========================================================================
Received Import Request.
  Time of request: 2026-09-30T12:28:13.4728265Z
  Time since last request: 0.0008671 seconds.
  importAddress: GUID: 360dded8761e81d4d98c10f469d55492 - Path: Packages/com.unity.timeline/Editor/StyleSheets/Images/DarkSkin/TimelineLoop.png - Importer: ScriptedImporter/UnityEditor.QuickSearchModule:UnityEditor.Search:ASIAI0B
Importing 'GUID: 360dded8761e81d4d98c10f469d55492 - Path: Packages/com.unity.timeline/Editor/StyleSheets/Images/DarkSkin/TimelineLoop.png - Importer: ScriptedImporter/UnityEditor.QuickSearchModule:UnityEditor.Search:ASIAI0B' with importer (ScriptedImporter : UnityEditor.QuickSearchModule:UnityEditor.Search:ASIAI0B)
Imported 'GUID: 360dded8761e81d4d98c10f469d55492' -> (Import Result ID: 'ff7206431445808cd1eac54df19633a4') in 0.006 seconds [static and dynamic dependencies]. Details - ImportResultOutputID=117d773546f9fa6ffaf705bbfcaa3765 DependenciesID=d344ed46de72b120ff0b132c3ce6a586 StaticDependenciesID=25c359c13edbdd8e305c03bf4e90beb9 
Number of updated asset objects reloaded before import = 0
Number of asset objects unloaded after import = 1
========================================================================
Received Import Request.
  Time of request: 2026-09-30T12:28:13.4921001Z
  Time since last request: 0.0133068 seconds.
  importAddress: GUID: fef7487d8b06bba408f70354e2463ce4 - Path: Packages/com.unity.timeline/Editor/StyleSheets/Images/Icons/TrackLockButtonDisabled.png - Importer: ScriptedImporter/UnityEditor.QuickSearchModule:UnityEditor.Search:ASIAI0B
Importing 'GUID: fef7487d8b06bba408f70354e2463ce4 - Path: Packages/com.unity.timeline/Editor/StyleSheets/Images/Icons/TrackLockButtonDisabled.png - Importer: ScriptedImporter/UnityEditor.QuickSearchModule:UnityEditor.Search:ASIAI0B' with importer (ScriptedImporter : UnityEditor.QuickSearchModule:UnityEditor.Search:ASIAI0B)
Imported 'GUID: fef7487d8b06bba408f70354e2463ce4' -> (Import Result ID: '6de3323a71b99ea76d3b6418e32ae790') in 0.006 seconds [static and dynamic dependencies]. Details - ImportResultOutputID=359db579e0ba10f4191a3be9904b2869 DependenciesID=eda4f137fed29f1c2b7bf7d236f3421c StaticDependenciesID=cea31e6716f565707696bd371877ddf9 
Number of updated asset objects reloaded before import = 0
Number of asset objects unloaded after import = 1
========================================================================
Received Import Request.
  Time of request: 2026-09-30T12:28:13.4987236Z
  Time since last request: 0.0005313 seconds.
  importAddress: GUID: 193dae938a3136440b693b45a2494737 - Path: Packages/com.unity.timeline/Editor/StyleSheets/Images/Icons/TrackMarkerButtonDisabled@2x.png - Importer: ScriptedImporter/UnityEditor.QuickSearchModule:UnityEditor.Search:ASIAI0B
Importing 'GUID: 193dae938a3136440b693b45a2494737 - Path: Packages/com.unity.timeline/Editor/StyleSheets/Images/Icons/TrackMarkerButtonDisabled@2x.png - Importer: ScriptedImporter/UnityEditor.QuickSearchModule:UnityEditor.Search:ASIAI0B' with importer (ScriptedImporter : UnityEditor.QuickSearchModule:UnityEditor.Search:ASIAI0B)
Imported 'GUID: 193dae938a3136440b693b45a2494737' -> (Import Result ID: '55867f724e681f8938bc9c1be4f5b858') in 0.005 seconds [static and dynamic dependencies]. Details - ImportResultOutputID=cfc380603fc2f56408ba2340959cd189 DependenciesID=677f9af8efd9e6e15a160d23bb77f298 StaticDependenciesID=07f91ce23e18935b5da5c0d6f85a1e7b 
Number of updated asset objects reloaded before import = 0
Number of asset objects unloaded after import = 1
========================================================================
Received Import Request.
  Time of request: 2026-09-30T12:28:13.5040459Z
  Time since last request: 0.0004326 seconds.
  importAddress: GUID: d44fc8b11425e0043aa7c20a301ce707 - Path: Packages/com.unity.timeline/Editor/StyleSheets/Images/Icons/TimelineClipBG.png - Importer: ScriptedImporter/UnityEditor.QuickSearchModule:UnityEditor.Search:ASIAI0B
Importing 'GUID: d44fc8b11425e0043aa7c20a301ce707 - Path: Packages/com.unity.timeline/Editor/StyleSheets/Images/Icons/TimelineClipBG.png - Importer: ScriptedImporter/UnityEditor.QuickSearchModule:UnityEditor.Search:ASIAI0B' with importer (ScriptedImporter : UnityEditor.QuickSearchModule:UnityEditor.Search:ASIAI0B)
Imported 'GUID: d44fc8b11425e0043aa7c20a301ce707' -> (Import Result ID: '6703930436f92079ca045be403dc0b70') in 0.007 seconds [static and dynamic dependencies]. Details - ImportResultOutputID=6b8ed162c9bc0cfa7ed311f6be23db92 DependenciesID=794cd9999efaf839724f4cd7709da3d8 StaticDependenciesID=9418d0e05bfc7fcfa47a2a8e693db5ea 
Number of updated asset objects reloaded before import = 0
Number of asset objects unloaded after import = 1
========================================================================
Received Import Request.
  Time of request: 2026-09-30T12:28:13.5114222Z
  Time since last request: 0.0004551 seconds.
  importAddress: GUID: 43ed4593c5ddda0439fcc1bdaf8309fe - Path: Packages/com.unity.timeline/Editor/StyleSheets/Images/Icons/d_TrackCurvesButtonEnabled@2x.png - Importer: ScriptedImporter/UnityEditor.QuickSearchModule:UnityEditor.Search:ASIAI0B
Importing 'GUID: 43ed4593c5ddda0439fcc1bdaf8309fe - Path: Packages/com.unity.timeline/Editor/StyleSheets/Images/Icons/d_TrackCurvesButtonEnabled@2x.png - Importer: ScriptedImporter/UnityEditor.QuickSearchModule:UnityEditor.Search:ASIAI0B' with importer (ScriptedImporter : UnityEditor.QuickSearchModule:UnityEditor.Search:ASIAI0B)
Imported 'GUID: 43ed4593c5ddda0439fcc1bdaf8309fe' -> (Import Result ID: '078bcd1a805a4485435be6da96e099e1') in 0.008 seconds [static and dynamic dependencies]. Details - ImportResultOutputID=b0d216030aac998f7db9f553e28962b6 DependenciesID=863a9ac43cef1ee288d3d53da3fd7840 StaticDependenciesID=2179ab02fe9006b385ad27404b48a865 
Number of updated asset objects reloaded before import = 0
Number of asset objects unloaded after import = 1
========================================================================
Received Import Request.
  Time of request: 2026-09-30T12:28:13.5201926Z
  Time since last request: 0.0003961 seconds.
  importAddress: GUID: bd7b7cac6eb0c3f469781d9a729a1c94 - Path: Packages/com.unity.timeline/Editor/StyleSheets/Images/Icons/TimelineEditModeRippleOFF.png - Importer: ScriptedImporter/UnityEditor.QuickSearchModule:UnityEditor.Search:ASIAI0B
Importing 'GUID: bd7b7cac6eb0c3f469781d9a729a1c94 - Path: Packages/com.unity.timeline/Editor/StyleSheets/Images/Icons/TimelineEditModeRippleOFF.png - Importer: ScriptedImporter/UnityEditor.QuickSearchModule:UnityEditor.Search:ASIAI0B' with importer (ScriptedImporter : UnityEditor.QuickSearchModule:UnityEditor.Search:ASIAI0B)
Imported 'GUID: bd7b7cac6eb0c3f469781d9a729a1c94' -> (Import Result ID: '2e72cf14b74e2882f2c86ed1f547d2f2') in 0.011 seconds [static and dynamic dependencies]. Details - ImportResultOutputID=57073f614c4b0fa1a4a83c6f39720bfc DependenciesID=394ce504c7f858e1678d3f3de5e0d82c StaticDependenciesID=4d716ae8266a0c12b97f2ab50f474720 
Number of updated asset objects reloaded before import = 0
Number of asset objects unloaded after import = 1
========================================================================
Received Import Request.
  Time of request: 2026-09-30T12:28:13.5312414Z
  Time since last request: 0.0003047 seconds.
  importAddress: GUID: 73f5ebb64da7b2a40ab6bffac80f1a61 - Path: Packages/com.unity.timeline/Editor/StyleSheets/Images/Icons/TimelineSelector.png - Importer: ScriptedImporter/UnityEditor.QuickSearchModule:UnityEditor.Search:ASIAI0B
Importing 'GUID: 73f5ebb64da7b2a40ab6bffac80f1a61 - Path: Packages/com.unity.timeline/Editor/StyleSheets/Images/Icons/TimelineSelector.png - Importer: ScriptedImporter/UnityEditor.QuickSearchModule:UnityEditor.Search:ASIAI0B' with importer (ScriptedImporter : UnityEditor.QuickSearchModule:UnityEditor.Search:ASIAI0B)
Imported 'GUID: 73f5ebb64da7b2a40ab6bffac80f1a61' -> (Import Result ID: '55f09a326495d0623821f409af6b3dbf') in 0.007 seconds [static and dynamic dependencies]. Details - ImportResultOutputID=bd562eb39f8cce724cbd9ab1d86765fc DependenciesID=a4bbb00a78ef9ebb80bc7ba227f5e208 StaticDependenciesID=3cb052b7d340089d0f6f2968a1ab99d0 
Number of updated asset objects reloaded before import = 0
Number of asset objects unloaded after import = 1
========================================================================
Received Import Request.
  Time of request: 2026-09-30T12:28:13.5397179Z
  Time since last request: 0.0006461 seconds.
  importAddress: GUID: ac5017dfbeee42347b3b45ecc572674e - Path: Packages/com.unity.timeline/Editor/StyleSheets/Images/Icons/d_TrackMuteButtonEnabled.png - Importer: ScriptedImporter/UnityEditor.QuickSearchModule:UnityEditor.Search:ASIAI0B
Importing 'GUID: ac5017dfbeee42347b3b45ecc572674e - Path: Packages/com.unity.timeline/Editor/StyleSheets/Images/Icons/d_TrackMuteButtonEnabled.png - Importer: ScriptedImporter/UnityEditor.QuickSearchModule:UnityEditor.Search:ASIAI0B' with importer (ScriptedImporter : UnityEditor.QuickSearchModule:UnityEditor.Search:ASIAI0B)
Imported 'GUID: ac5017dfbeee42347b3b45ecc572674e' -> (Import Result ID: 'b710485d2b6b92fc9153f85bba49318b') in 0.006 seconds [static and dynamic dependencies]. Details - ImportResultOutputID=6f8e572cac57e404661070cf3a4d54c4 DependenciesID=ae7079e5f010201f3e483b8ac2f0ceec StaticDependenciesID=d370beb2b433a64fdcff1aa1048b584b 
Number of updated asset objects reloaded before import = 0
Number of asset objects unloaded after import = 1
========================================================================
Received Import Request.
  Time of request: 2026-09-30T12:28:13.5463838Z
  Time since last request: 0.0004646 seconds.
  importAddress: GUID: 0e5ba0f04df278944a8f5a62f64f5aa6 - Path: Packages/com.unity.timeline/Editor/StyleSheets/Images/Icons/d_TrackRecordButtonEnabled.png - Importer: ScriptedImporter/UnityEditor.QuickSearchModule:UnityEditor.Search:ASIAI0B
Importing 'GUID: 0e5ba0f04df278944a8f5a62f64f5aa6 - Path: Packages/com.unity.timeline/Editor/StyleSheets/Images/Icons/d_TrackRecordButtonEnabled.png - Importer: ScriptedImporter/UnityEditor.QuickSearchModule:UnityEditor.Search:ASIAI0B' with importer (ScriptedImporter : UnityEditor.QuickSearchModule:UnityEditor.Search:ASIAI0B)
Imported 'GUID: 0e5ba0f04df278944a8f5a62f64f5aa6' -> (Import Result ID: '0566d88ba577f18feb19b1bf061c2bdd') in 0.008 seconds [static and dynamic dependencies]. Details - ImportResultOutputID=b8d8035b762279ae64695565a75ab5ec DependenciesID=97b228f47c48c88ad17bfba44ef7ee1c StaticDependenciesID=7ef077254c7ee6edacea438c04a1e3fc 
Number of updated asset objects reloaded before import = 0
Number of asset objects unloaded after import = 1
========================================================================
Received Import Request.
  Time of request: 2026-09-30T12:28:13.5555242Z
  Time since last request: 0.0012366 seconds.
  importAddress: GUID: 09ae14686a02d484ab41e76fd1efba14 - Path: Packages/com.unity.timeline/Editor/StyleSheets/Images/Icons/TimelineEditModeReplaceOFF.png - Importer: ScriptedImporter/UnityEditor.QuickSearchModule:UnityEditor.Search:ASIAI0B
Importing 'GUID: 09ae14686a02d484ab41e76fd1efba14 - Path: Packages/com.unity.timeline/Editor/StyleSheets/Images/Icons/TimelineEditModeReplaceOFF.png - Importer: ScriptedImporter/UnityEditor.QuickSearchModule:UnityEditor.Search:ASIAI0B' with importer (ScriptedImporter : UnityEditor.QuickSearchModule:UnityEditor.Search:ASIAI0B)
Imported 'GUID: 09ae14686a02d484ab41e76fd1efba14' -> (Import Result ID: '9e152ccba0d5885503cc07aea43e17c6') in 0.012 seconds [static and dynamic dependencies]. Details - ImportResultOutputID=91a20b7745e09f96737883b91c91d1ee DependenciesID=9c0a2ecd3bcd6b322803a1e208bcf21b StaticDependenciesID=d8e19ddd38cd55a43bffe8c4f2cd47be 
Number of updated asset objects reloaded before import = 0
Number of asset objects unloaded after import = 1
========================================================================
Received Import Request.
  Time of request: 2026-09-30T12:28:13.5684211Z
  Time since last request: 0.0004381 seconds.
  importAddress: GUID: 7c681ffb5a436684fa3e98a9b66775c0 - Path: Packages/com.unity.timeline/Editor/StyleSheets/Images/Icons/d_TimelineEditModeMixON.png - Importer: ScriptedImporter/UnityEditor.QuickSearchModule:UnityEditor.Search:ASIAI0B
Importing 'GUID: 7c681ffb5a436684fa3e98a9b66775c0 - Path: Packages/com.unity.timeline/Editor/StyleSheets/Images/Icons/d_TimelineEditModeMixON.png - Importer: ScriptedImporter/UnityEditor.QuickSearchModule:UnityEditor.Search:ASIAI0B' with importer (ScriptedImporter : UnityEditor.QuickSearchModule:UnityEditor.Search:ASIAI0B)
Imported 'GUID: 7c681ffb5a436684fa3e98a9b66775c0' -> (Import Result ID: 'f5e8ddbe5497e1da1ab69493c2d004bf') in 0.012 seconds [static and dynamic dependencies]. Details - ImportResultOutputID=d6197e8a1281d1f60e49f7c4e21d0423 DependenciesID=ee71690899da07d46437c0d9215160a8 StaticDependenciesID=195e30a17b11ca835cace935b41aa708 
Number of updated asset objects reloaded before import = 0
Number of asset objects unloaded after import = 1
========================================================================
Received Import Request.
  Time of request: 2026-09-30T12:28:13.5808657Z
  Time since last request: 0.00046 seconds.
  importAddress: GUID: 33a52b41b4de5874ca7da1da32067e39 - Path: Packages/com.unity.timeline/Editor/StyleSheets/Images/Icons/TrackMarkerButtonDisabled.png - Importer: ScriptedImporter/UnityEditor.QuickSearchModule:UnityEditor.Search:ASIAI0B
Importing 'GUID: 33a52b41b4de5874ca7da1da32067e39 - Path: Packages/com.unity.timeline/Editor/StyleSheets/Images/Icons/TrackMarkerButtonDisabled.png - Importer: ScriptedImporter/UnityEditor.QuickSearchModule:UnityEditor.Search:ASIAI0B' with importer (ScriptedImporter : UnityEditor.QuickSearchModule:UnityEditor.Search:ASIAI0B)
Imported 'GUID: 33a52b41b4de5874ca7da1da32067e39' -> (Import Result ID: '261525f18fb58a05a02c1b208fcdbf16') in 0.005 seconds [static and dynamic dependencies]. Details - ImportResultOutputID=1c38b886aa902d386562fa439128374c DependenciesID=d9d904a7d2c3acd264657bafcfc33bc1 StaticDependenciesID=65782ac00c9350a7cc7519982d7fc9d8 
Number of updated asset objects reloaded before import = 0
Number of asset objects unloaded after import = 1
========================================================================
Received Import Request.
  Time of request: 2026-09-30T12:28:13.5863789Z
  Time since last request: 0.0003638 seconds.
  importAddress: GUID: fd12dbe3b63ae464f824b4a74c0e1766 - Path: Packages/com.unity.timeline/Editor/StyleSheets/Images/Icons/d_TrackAvatarButtonEnabled@2x.png - Importer: ScriptedImporter/UnityEditor.QuickSearchModule:UnityEditor.Search:ASIAI0B
Importing 'GUID: fd12dbe3b63ae464f824b4a74c0e1766 - Path: Packages/com.unity.timeline/Editor/StyleSheets/Images/Icons/d_TrackAvatarButtonEnabled@2x.png - Importer: ScriptedImporter/UnityEditor.QuickSearchModule:UnityEditor.Search:ASIAI0B' with importer (ScriptedImporter : UnityEditor.QuickSearchModule:UnityEditor.Search:ASIAI0B)
Imported 'GUID: fd12dbe3b63ae464f824b4a74c0e1766' -> (Import Result ID: 'cb0483b8bf66d702659c6d24b6b2c0bf') in 0.005 seconds [static and dynamic dependencies]. Details - ImportResultOutputID=afb067691a1b752637cc8d2665a248df DependenciesID=a0f744c2a92d5c498987cf20e6102099 StaticDependenciesID=cae977e58abda9bc9650782bb72dd3a8 
Number of updated asset objects reloaded before import = 0
Number of asset objects unloaded after import = 1
========================================================================
Received Import Request.
  Time of request: 2026-09-30T12:28:13.5921433Z
  Time since last request: 0.0005171 seconds.
  importAddress: GUID: f0f8ff8921b22a74a8c79d955ace248d - Path: Packages/com.unity.timeline/Editor/StyleSheets/Images/Icons/TrackCurvesButtonDisabled.png - Importer: ScriptedImporter/UnityEditor.QuickSearchModule:UnityEditor.Search:ASIAI0B
Importing 'GUID: f0f8ff8921b22a74a8c79d955ace248d - Path: Packages/com.unity.timeline/Editor/StyleSheets/Images/Icons/TrackCurvesButtonDisabled.png - Importer: ScriptedImporter/UnityEditor.QuickSearchModule:UnityEditor.Search:ASIAI0B' with importer (ScriptedImporter : UnityEditor.QuickSearchModule:UnityEditor.Search:ASIAI0B)
Imported 'GUID: f0f8ff8921b22a74a8c79d955ace248d' -> (Import Result ID: '9419cc644df0ff1cef8fb5db9bf99c7e') in 0.006 seconds [static and dynamic dependencies]. Details - ImportResultOutputID=8a16b4f401b1b0c575686a9654d26011 DependenciesID=81f9dafafb5e5feb8cbf939a1eb7b9f9 StaticDependenciesID=9e5f03327afc02d663e08a9cbd0bf052 
Number of updated asset objects reloaded before import = 0
Number of asset objects unloaded after import = 1
========================================================================
Received Import Request.
  Time of request: 2026-09-30T12:28:13.5988811Z
  Time since last request: 0.0007374 seconds.
  importAddress: GUID: c5c1f094d9a9b3f4c9cc6c3a87af871c - Path: Packages/com.unity.timeline/Editor/StyleSheets/Images/Icons/TimelineEditModeRippleON.png - Importer: ScriptedImporter/UnityEditor.QuickSearchModule:UnityEditor.Search:ASIAI0B
Importing 'GUID: c5c1f094d9a9b3f4c9cc6c3a87af871c - Path: Packages/com.unity.timeline/Editor/StyleSheets/Images/Icons/TimelineEditModeRippleON.png - Importer: ScriptedImporter/UnityEditor.QuickSearchModule:UnityEditor.Search:ASIAI0B' with importer (ScriptedImporter : UnityEditor.QuickSearchModule:UnityEditor.Search:ASIAI0B)
Imported 'GUID: c5c1f094d9a9b3f4c9cc6c3a87af871c' -> (Import Result ID: '554a45dd90e0489ae3606e2bb2feed62') in 0.006 seconds [static and dynamic dependencies]. Details - ImportResultOutputID=0dcd79e2b2865d8b4d9f240e9becff74 DependenciesID=1557b59843bc07b24385d6cd55ed4f52 StaticDependenciesID=2443fff1c5d82de71e97bf01c376173d 
Number of updated asset objects reloaded before import = 0
Number of asset objects unloaded after import = 1
========================================================================
Received Import Request.
  Time of request: 2026-09-30T12:28:13.6053902Z
  Time since last request: 0.0005559 seconds.
  importAddress: GUID: 7b4b3cedf598c954cb2f38d6e2e34c0d - Path: Packages/com.unity.timeline/Editor/StyleSheets/Images/Icons/d_TimelineEditModeReplaceON.png - Importer: ScriptedImporter/UnityEditor.QuickSearchModule:UnityEditor.Search:ASIAI0B
Importing 'GUID: 7b4b3cedf598c954cb2f38d6e2e34c0d - Path: Packages/com.unity.timeline/Editor/StyleSheets/Images/Icons/d_TimelineEditModeReplaceON.png - Importer: ScriptedImporter/UnityEditor.QuickSearchModule:UnityEditor.Search:ASIAI0B' with importer (ScriptedImporter : UnityEditor.QuickSearchModule:UnityEditor.Search:ASIAI0B)
Imported 'GUID: 7b4b3cedf598c954cb2f38d6e2e34c0d' -> (Import Result ID: '9b3948ec6ad6aec601e978bc0d77e29c') in 0.005 seconds [static and dynamic dependencies]. Details - ImportResultOutputID=f67458e9effd53e3fbd62de1ecc0d44b DependenciesID=a91632a957259cc7f5f8460dfe154fec StaticDependenciesID=12347cebf1de414447d2ab628faf9f11 
Number of updated asset objects reloaded before import = 0
Number of asset objects unloaded after import = 1
========================================================================
Received Import Request.
  Time of request: 2026-09-30T12:28:13.6115759Z
  Time since last request: 0.000859 seconds.
  importAddress: GUID: ad2e3e92b00839c4e991ca602ef19822 - Path: Packages/com.unity.timeline/Editor/StyleSheets/Images/Icons/d_TimelineSignal.png - Importer: ScriptedImporter/UnityEditor.QuickSearchModule:UnityEditor.Search:ASIAI0B
Importing 'GUID: ad2e3e92b00839c4e991ca602ef19822 - Path: Packages/com.unity.timeline/Editor/StyleSheets/Images/Icons/d_TimelineSignal.png - Importer: ScriptedImporter/UnityEditor.QuickSearchModule:UnityEditor.Search:ASIAI0B' with importer (ScriptedImporter : UnityEditor.QuickSearchModule:UnityEditor.Search:ASIAI0B)
Imported 'GUID: ad2e3e92b00839c4e991ca602ef19822' -> (Import Result ID: '68b80f7ac510e2238c466d4dbb7b808c') in 0.005 seconds [static and dynamic dependencies]. Details - ImportResultOutputID=89166f8a9ad7366770f81ac305c4fca9 DependenciesID=ff1b96b29438347bacf8957f96f13445 StaticDependenciesID=7b0f3f2a6d709a4fb6c293ae2c32d512 
Number of updated asset objects reloaded before import = 0
Number of asset objects unloaded after import = 1
========================================================================
Received Import Request.
  Time of request: 2026-09-30T12:28:13.6168174Z
  Time since last request: 0.000479 seconds.
  importAddress: GUID: a383d8b1327c9254896ad76d6efaf357 - Path: Packages/com.unity.timeline/Editor/StyleSheets/Images/Icons/TrackCurvesButtonDisabled@2x.png - Importer: ScriptedImporter/UnityEditor.QuickSearchModule:UnityEditor.Search:ASIAI0B
Importing 'GUID: a383d8b1327c9254896ad76d6efaf357 - Path: Packages/com.unity.timeline/Editor/StyleSheets/Images/Icons/TrackCurvesButtonDisabled@2x.png - Importer: ScriptedImporter/UnityEditor.QuickSearchModule:UnityEditor.Search:ASIAI0B' with importer (ScriptedImporter : UnityEditor.QuickSearchModule:UnityEditor.Search:ASIAI0B)
Imported 'GUID: a383d8b1327c9254896ad76d6efaf357' -> (Import Result ID: 'cba5bd0dc5fd426862d7e615ac425c6c') in 0.004 seconds [static and dynamic dependencies]. Details - ImportResultOutputID=39d0dfe57af1b43cc2ea92adcb8937d7 DependenciesID=8c5a5acf6626f7d8ae0152e45d664957 StaticDependenciesID=9e46dca27de8e6c13f0310708e04240b 
Number of updated asset objects reloaded before import = 0
Number of asset objects unloaded after import = 1
========================================================================
Received Import Request.
  Time of request: 2026-09-30T12:28:13.6216358Z
  Time since last request: 0.0002955 seconds.
  importAddress: GUID: 8fca5ed160cdc5440a4c7561db4082b2 - Path: Packages/com.unity.timeline/Editor/StyleSheets/Images/Icons/TimelineEditModeMixOFF.png - Importer: ScriptedImporter/UnityEditor.QuickSearchModule:UnityEditor.Search:ASIAI0B
Importing 'GUID: 8fca5ed160cdc5440a4c7561db4082b2 - Path: Packages/com.unity.timeline/Editor/StyleSheets/Images/Icons/TimelineEditModeMixOFF.png - Importer: ScriptedImporter/UnityEditor.QuickSearchModule:UnityEditor.Search:ASIAI0B' with importer (ScriptedImporter : UnityEditor.QuickSearchModule:UnityEditor.Search:ASIAI0B)
Imported 'GUID: 8fca5ed160cdc5440a4c7561db4082b2' -> (Import Result ID: '0df80af6f0f14de292521fafd93db36a') in 0.008 seconds [static and dynamic dependencies]. Details - ImportResultOutputID=b91c3d496132198fa5fed01eef6e7350 DependenciesID=601952112e737b5a3a5158ccf98f8a42 StaticDependenciesID=12d26d30bb5aac7b30d2d82f43728484 
Number of updated asset objects reloaded before import = 0
Number of asset objects unloaded after import = 1
========================================================================
Received Import Request.
  Time of request: 2026-09-30T12:28:13.630336Z
  Time since last request: 0.0005075 seconds.
  importAddress: GUID: 6ab002208ec290544b44bc263dc58a95 - Path: Packages/com.unity.timeline/Editor/StyleSheets/Images/Icons/d_TrackMuteButtonDisabled.png - Importer: ScriptedImporter/UnityEditor.QuickSearchModule:UnityEditor.Search:ASIAI0B
Importing 'GUID: 6ab002208ec290544b44bc263dc58a95 - Path: Packages/com.unity.timeline/Editor/StyleSheets/Images/Icons/d_TrackMuteButtonDisabled.png - Importer: ScriptedImporter/UnityEditor.QuickSearchModule:UnityEditor.Search:ASIAI0B' with importer (ScriptedImporter : UnityEditor.QuickSearchModule:UnityEditor.Search:ASIAI0B)
Imported 'GUID: 6ab002208ec290544b44bc263dc58a95' -> (Import Result ID: '773a1b3d1b4160b373c7d85bd295117c') in 0.007 seconds [static and dynamic dependencies]. Details - ImportResultOutputID=4e9dc0a73a1184b54ea3100fa86452b8 DependenciesID=906d416d9a3b49700a323cae3b2904a6 StaticDependenciesID=bf146a34ae36d9b979b92ebcb02ca3b4 
Number of updated asset objects reloaded before import = 0
Number of asset objects unloaded after import = 1
========================================================================
Received Import Request.
  Time of request: 2026-09-30T12:28:13.6379525Z
  Time since last request: 0.0006836 seconds.
  importAddress: GUID: 51bf5f55a8a01e546bf6092b54fdae20 - Path: Packages/com.unity.timeline/Editor/StyleSheets/Images/Icons/TrackAvatarButtonEnabled@2x.png - Importer: ScriptedImporter/UnityEditor.QuickSearchModule:UnityEditor.Search:ASIAI0B
Importing 'GUID: 51bf5f55a8a01e546bf6092b54fdae20 - Path: Packages/com.unity.timeline/Editor/StyleSheets/Images/Icons/TrackAvatarButtonEnabled@2x.png - Importer: ScriptedImporter/UnityEditor.QuickSearchModule:UnityEditor.Search:ASIAI0B' with importer (ScriptedImporter : UnityEditor.QuickSearchModule:UnityEditor.Search:ASIAI0B)
Imported 'GUID: 51bf5f55a8a01e546bf6092b54fdae20' -> (Import Result ID: 'f8411e72afff0a770c39e85ac776677a') in 0.006 seconds [static and dynamic dependencies]. Details - ImportResultOutputID=8f00d5f328ee8377fceb0dc2454bf579 DependenciesID=afe6a6883170833127548e51dbb9a36d StaticDependenciesID=59d4e926b303bdfb06a788a4d70e1aa3 
Number of updated asset objects reloaded before import = 0
Number of asset objects unloaded after import = 1
========================================================================
Received Import Request.
  Time of request: 2026-09-30T12:28:13.6450803Z
  Time since last request: 0.0004164 seconds.
  importAddress: GUID: 945f4ecec6df62244b9ebcc363833642 - Path: Packages/com.unity.timeline/Editor/StyleSheets/Images/Icons/Timeline-Marker-Warning-Overlay.png - Importer: ScriptedImporter/UnityEditor.QuickSearchModule:UnityEditor.Search:ASIAI0B
Importing 'GUID: 945f4ecec6df62244b9ebcc363833642 - Path: Packages/com.unity.timeline/Editor/StyleSheets/Images/Icons/Timeline-Marker-Warning-Overlay.png - Importer: ScriptedImporter/UnityEditor.QuickSearchModule:UnityEditor.Search:ASIAI0B' with importer (ScriptedImporter : UnityEditor.QuickSearchModule:UnityEditor.Search:ASIAI0B)
Imported 'GUID: 945f4ecec6df62244b9ebcc363833642' -> (Import Result ID: '2b895b586813731abc3087fe2bb694c3') in 0.008 seconds [static and dynamic dependencies]. Details - ImportResultOutputID=d16c65d2e66c0d36dd0c82d5533f8538 DependenciesID=81b248ad9670b4bb47f65ee46727f0cd StaticDependenciesID=77a2ead45ccbfbd69a1f032df910587b 
Number of updated asset objects reloaded before import = 0
Number of asset objects unloaded after import = 1
========================================================================
Received Import Request.
  Time of request: 2026-09-30T12:28:13.6536186Z
  Time since last request: 0.0006817 seconds.
  importAddress: GUID: 67a774c4384aa6c488128e2851b18ced - Path: Packages/com.unity.timeline/Editor/StyleSheets/Images/Icons/d_TimelineEditModeRippleON.png - Importer: ScriptedImporter/UnityEditor.QuickSearchModule:UnityEditor.Search:ASIAI0B
Importing 'GUID: 67a774c4384aa6c488128e2851b18ced - Path: Packages/com.unity.timeline/Editor/StyleSheets/Images/Icons/d_TimelineEditModeRippleON.png - Importer: ScriptedImporter/UnityEditor.QuickSearchModule:UnityEditor.Search:ASIAI0B' with importer (ScriptedImporter : UnityEditor.QuickSearchModule:UnityEditor.Search:ASIAI0B)
Imported 'GUID: 67a774c4384aa6c488128e2851b18ced' -> (Import Result ID: '400110811d09d8185ac59e439068f00f') in 0.005 seconds [static and dynamic dependencies]. Details - ImportResultOutputID=01982e0165a561fc22651ed69b874e6a DependenciesID=65e06c0d53dcdbc4453bf4055ff7471d StaticDependenciesID=3225b5cb992c79c318c0771f5811d4a5 
Number of updated asset objects reloaded before import = 0
Number of asset objects unloaded after import = 1
========================================================================
Received Import Request.
  Time of request: 2026-09-30T12:28:13.6783188Z
  Time since last request: 0.0199262 seconds.
  importAddress: GUID: 512aaee9b220348408a2e518f98d6e14 - Path: Packages/com.unity.timeline/Editor/StyleSheets/Images/Icons/TrackMuteButtonEnabled@2x.png - Importer: ScriptedImporter/UnityEditor.QuickSearchModule:UnityEditor.Search:ASIAI0B
Importing 'GUID: 512aaee9b220348408a2e518f98d6e14 - Path: Packages/com.unity.timeline/Editor/StyleSheets/Images/Icons/TrackMuteButtonEnabled@2x.png - Importer: ScriptedImporter/UnityEditor.QuickSearchModule:UnityEditor.Search:ASIAI0B' with importer (ScriptedImporter : UnityEditor.QuickSearchModule:UnityEditor.Search:ASIAI0B)
Imported 'GUID: 512aaee9b220348408a2e518f98d6e14' -> (Import Result ID: '917eefabd4de6807c20c5e836b65729e') in 0.007 seconds [static and dynamic dependencies]. Details - ImportResultOutputID=23570a9101ec22884e93bd614956e46b DependenciesID=374fe197871f11d334c08768792bbffe StaticDependenciesID=afe1f6b49955f37640d104faee6ac35c 
Number of updated asset objects reloaded before import = 0
Number of asset objects unloaded after import = 1
========================================================================
Received Import Request.
  Time of request: 2026-09-30T12:28:13.6855058Z
  Time since last request: 0.0002995 seconds.
  importAddress: GUID: bea62e1faac8f9a48a4cb919ea05cb6a - Path: Packages/com.unity.timeline/Editor/treeview/Drawers/Layers/MarkersLayer.cs - Importer: ScriptedImporter/UnityEditor.QuickSearchModule:UnityEditor.Search:ASIAI0B
Importing 'GUID: bea62e1faac8f9a48a4cb919ea05cb6a - Path: Packages/com.unity.timeline/Editor/treeview/Drawers/Layers/MarkersLayer.cs - Importer: ScriptedImporter/UnityEditor.QuickSearchModule:UnityEditor.Search:ASIAI0B' with importer (ScriptedImporter : UnityEditor.QuickSearchModule:UnityEditor.Search:ASIAI0B)
Imported 'GUID: bea62e1faac8f9a48a4cb919ea05cb6a' -> (Import Result ID: '68e4370aecfcdd5a0a418e1385b97cfd') in 0.003 seconds [static and dynamic dependencies]. Details - ImportResultOutputID=83490933ad0514a9f337089a9f3fb888 DependenciesID=1d2ee1b668f54ebff30f97e3c38657cc StaticDependenciesID=4c59b821e4e8b7c4094e911999af273e 
Number of updated asset objects reloaded before import = 0
Number of asset objects unloaded after import = 0
========================================================================
Received Import Request.
  Time of request: 2026-09-30T12:28:13.6889252Z
  Time since last request: 0.0004976 seconds.
  importAddress: GUID: 61c21f74972ba8246b3ea400a9231841 - Path: Packages/com.unity.timeline/Editor/StyleSheets/Images/LightSkin/TimelineContinue.png - Importer: ScriptedImporter/UnityEditor.QuickSearchModule:UnityEditor.Search:ASIAI0B
Importing 'GUID: 61c21f74972ba8246b3ea400a9231841 - Path: Packages/com.unity.timeline/Editor/StyleSheets/Images/LightSkin/TimelineContinue.png - Importer: ScriptedImporter/UnityEditor.QuickSearchModule:UnityEditor.Search:ASIAI0B' with importer (ScriptedImporter : UnityEditor.QuickSearchModule:UnityEditor.Search:ASIAI0B)
Imported 'GUID: 61c21f74972ba8246b3ea400a9231841' -> (Import Result ID: '0c591af6cb272dc69ee216a3bf3d71a7') in 0.005 seconds [static and dynamic dependencies]. Details - ImportResultOutputID=cca7b50df1cd705e65ffa73f153d8061 DependenciesID=c0256e317c40708d6da808cc39311b01 StaticDependenciesID=fdb95bb7aaa9aa75fd5efcd9f8196805 
Number of updated asset objects reloaded before import = 0
Number of asset objects unloaded after import = 1
========================================================================
Received Import Request.
  Time of request: 2026-09-30T12:28:13.6941399Z
  Time since last request: 0.0004364 seconds.
  importAddress: GUID: ef97f39912c138b4cabdccedfb24093b - Path: Packages/com.unity.timeline/Editor/treeview/Drawers/Layers/ItemsLayer.cs - Importer: ScriptedImporter/UnityEditor.QuickSearchModule:UnityEditor.Search:ASIAI0B
Importing 'GUID: ef97f39912c138b4cabdccedfb24093b - Path: Packages/com.unity.timeline/Editor/treeview/Drawers/Layers/ItemsLayer.cs - Importer: ScriptedImporter/UnityEditor.QuickSearchModule:UnityEditor.Search:ASIAI0B' with importer (ScriptedImporter : UnityEditor.QuickSearchModule:UnityEditor.Search:ASIAI0B)
Imported 'GUID: ef97f39912c138b4cabdccedfb24093b' -> (Import Result ID: '04abfc639bccecc828e8eef532fb9916') in 0.002 seconds [static and dynamic dependencies]. Details - ImportResultOutputID=0539686fd50a8ab9ca3858da72814967 DependenciesID=dd6072aba12c50611e07a317281cf7c8 StaticDependenciesID=6843f47bf8cf8c75c21e3e1828b06a80 
Number of updated asset objects reloaded before import = 0
Number of asset objects unloaded after import = 0
========================================================================
Received Import Request.
  Time of request: 2026-09-30T12:28:13.69678Z
  Time since last request: 0.0002682 seconds.
  importAddress: GUID: 5216b1b48296ef345ad2d2ec43105bf0 - Path: Packages/com.unity.timeline/Editor/StyleSheets/Images/Icons/TrackMuteButtonDisabled.png - Importer: ScriptedImporter/UnityEditor.QuickSearchModule:UnityEditor.Search:ASIAI0B
Importing 'GUID: 5216b1b48296ef345ad2d2ec43105bf0 - Path: Packages/com.unity.timeline/Editor/StyleSheets/Images/Icons/TrackMuteButtonDisabled.png - Importer: ScriptedImporter/UnityEditor.QuickSearchModule:UnityEditor.Search:ASIAI0B' with importer (ScriptedImporter : UnityEditor.QuickSearchModule:UnityEditor.Search:ASIAI0B)
Imported 'GUID: 5216b1b48296ef345ad2d2ec43105bf0' -> (Import Result ID: 'eace2fd3938658296b77721a183c3881') in 0.005 seconds [static and dynamic dependencies]. Details - ImportResultOutputID=1d94fa74bb98f62af4eb2fd791ea0df8 DependenciesID=ced0e8b34a1b46e17cd21aadb1b26a50 StaticDependenciesID=c18baed9896b0c7d9866233d392eb5bd 
Number of updated asset objects reloaded before import = 0
Number of asset objects unloaded after import = 1
========================================================================
Received Import Request.
  Time of request: 2026-09-30T12:28:13.7025774Z
  Time since last request: 0.0003735 seconds.
  importAddress: GUID: 0a5e3e063c4e1ab45999cf6e40c13c07 - Path: Packages/com.unity.timeline/Editor/StyleSheets/Images/LightSkin/TimelineAutokey_active.png - Importer: ScriptedImporter/UnityEditor.QuickSearchModule:UnityEditor.Search:ASIAI0B
Importing 'GUID: 0a5e3e063c4e1ab45999cf6e40c13c07 - Path: Packages/com.unity.timeline/Editor/StyleSheets/Images/LightSkin/TimelineAutokey_active.png - Importer: ScriptedImporter/UnityEditor.QuickSearchModule:UnityEditor.Search:ASIAI0B' with importer (ScriptedImporter : UnityEditor.QuickSearchModule:UnityEditor.Search:ASIAI0B)
Imported 'GUID: 0a5e3e063c4e1ab45999cf6e40c13c07' -> (Import Result ID: '169b256c033a3c7c33108d2961269c96') in 0.007 seconds [static and dynamic dependencies]. Details - ImportResultOutputID=33da1a56abb0397fdf7783418a518624 DependenciesID=966fa8fd54030a0ffb85df95571f9d07 StaticDependenciesID=29a358e366a7132e118cefc49fa80906 
Number of updated asset objects reloaded before import = 0
Number of asset objects unloaded after import = 1
========================================================================
Received Import Request.
  Time of request: 2026-09-30T12:28:13.7099465Z
  Time since last request: 0.0005023 seconds.
  importAddress: GUID: a09fd8b5d9396c24a96a6de50cddc3b9 - Path: Packages/com.unity.timeline/Editor/StyleSheets/Images/LightSkin/TimelineHold.png - Importer: ScriptedImporter/UnityEditor.QuickSearchModule:UnityEditor.Search:ASIAI0B
Importing 'GUID: a09fd8b5d9396c24a96a6de50cddc3b9 - Path: Packages/com.unity.timeline/Editor/StyleSheets/Images/LightSkin/TimelineHold.png - Importer: ScriptedImporter/UnityEditor.QuickSearchModule:UnityEditor.Search:ASIAI0B' with importer (ScriptedImporter : UnityEditor.QuickSearchModule:UnityEditor.Search:ASIAI0B)
Imported 'GUID: a09fd8b5d9396c24a96a6de50cddc3b9' -> (Import Result ID: '782e3da2376acdfa5dda423fe480765f') in 0.004 seconds [static and dynamic dependencies]. Details - ImportResultOutputID=4b0e17a1b29dbdf8a09d09597ae3fc4b DependenciesID=14058e285c570a78fd4bd501368a49e2 StaticDependenciesID=7f3ad37a828bf371d7bce7839c7b62ee 
Number of updated asset objects reloaded before import = 0
Number of asset objects unloaded after import = 1
========================================================================
Received Import Request.
  Time of request: 2026-09-30T12:28:13.7149932Z
  Time since last request: 0.0004025 seconds.
  importAddress: GUID: 0304baf8d224f3e47b22d872c8dcd412 - Path: Packages/com.unity.timeline/Editor/StyleSheets/Images/LightSkin/TimelineDisabledBackground.png - Importer: ScriptedImporter/UnityEditor.QuickSearchModule:UnityEditor.Search:ASIAI0B
Importing 'GUID: 0304baf8d224f3e47b22d872c8dcd412 - Path: Packages/com.unity.timeline/Editor/StyleSheets/Images/LightSkin/TimelineDisabledBackground.png - Importer: ScriptedImporter/UnityEditor.QuickSearchModule:UnityEditor.Search:ASIAI0B' with importer (ScriptedImporter : UnityEditor.QuickSearchModule:UnityEditor.Search:ASIAI0B)
Imported 'GUID: 0304baf8d224f3e47b22d872c8dcd412' -> (Import Result ID: 'f29736971f999ad7be44336d49fc70e3') in 0.011 seconds [static and dynamic dependencies]. Details - ImportResultOutputID=7428c33c914360064c71da9bb418c15a DependenciesID=e88b5bd40abc3e2a5e5a0363d585973a StaticDependenciesID=89be60f45c5909eb333f9487e9171853 
Number of updated asset objects reloaded before import = 0
Number of asset objects unloaded after import = 1
========================================================================
Received Import Request.
  Time of request: 2026-09-30T12:28:13.7265868Z
  Time since last request: 0.0003213 seconds.
  importAddress: GUID: 8fdae4ac756ed6047b01021ff0cc3ebb - Path: Packages/com.unity.timeline/Editor/StyleSheets/Images/Icons/TrackRecordButtonEnabled@2x.png - Importer: ScriptedImporter/UnityEditor.QuickSearchModule:UnityEditor.Search:ASIAI0B
Importing 'GUID: 8fdae4ac756ed6047b01021ff0cc3ebb - Path: Packages/com.unity.timeline/Editor/StyleSheets/Images/Icons/TrackRecordButtonEnabled@2x.png - Importer: ScriptedImporter/UnityEditor.QuickSearchModule:UnityEditor.Search:ASIAI0B' with importer (ScriptedImporter : UnityEditor.QuickSearchModule:UnityEditor.Search:ASIAI0B)
Imported 'GUID: 8fdae4ac756ed6047b01021ff0cc3ebb' -> (Import Result ID: 'f716cb5996deb61e65eb31013ef595ba') in 0.004 seconds [static and dynamic dependencies]. Details - ImportResultOutputID=3ba9fcb51b4cb5e21e40fd2403b7e445 DependenciesID=37a528804c214438bb0898f7fa979522 StaticDependenciesID=ad92bce38c4fedda1cf8ac42083708b1 
Number of updated asset objects reloaded before import = 0
Number of asset objects unloaded after import = 1
========================================================================
Received Import Request.
  Time of request: 2026-09-30T12:28:13.7312175Z
  Time since last request: 0.0002823 seconds.
  importAddress: GUID: 4171b549947246b4f9579419d5698a7e - Path: Packages/com.unity.timeline/Editor/StyleSheets/Images/LightSkin/TimelineIconClipIn.png - Importer: ScriptedImporter/UnityEditor.QuickSearchModule:UnityEditor.Search:ASIAI0B
Importing 'GUID: 4171b549947246b4f9579419d5698a7e - Path: Packages/com.unity.timeline/Editor/StyleSheets/Images/LightSkin/TimelineIconClipIn.png - Importer: ScriptedImporter/UnityEditor.QuickSearchModule:UnityEditor.Search:ASIAI0B' with importer (ScriptedImporter : UnityEditor.QuickSearchModule:UnityEditor.Search:ASIAI0B)
Imported 'GUID: 4171b549947246b4f9579419d5698a7e' -> (Import Result ID: '3da7148238160d89b1d1890c27ca8b86') in 0.007 seconds [static and dynamic dependencies]. Details - ImportResultOutputID=e3c85f603eee8219ab139885bbceff37 DependenciesID=e5e7792a6896b1e05cddfb3c6c4f0569 StaticDependenciesID=099a664f5f5c3e3984eb8e3e682e0e43 
Number of updated asset objects reloaded before import = 0
Number of asset objects unloaded after import = 1
========================================================================
Received Import Request.
  Time of request: 2026-09-30T12:28:13.7392764Z
  Time since last request: 0.0003718 seconds.
  importAddress: GUID: 81e8b4a4bcbf7a14898e2658fd827642 - Path: Packages/com.unity.timeline/Editor/StyleSheets/Images/Icons/TrackMuteButtonEnabled.png - Importer: ScriptedImporter/UnityEditor.QuickSearchModule:UnityEditor.Search:ASIAI0B
Importing 'GUID: 81e8b4a4bcbf7a14898e2658fd827642 - Path: Packages/com.unity.timeline/Editor/StyleSheets/Images/Icons/TrackMuteButtonEnabled.png - Importer: ScriptedImporter/UnityEditor.QuickSearchModule:UnityEditor.Search:ASIAI0B' with importer (ScriptedImporter : UnityEditor.QuickSearchModule:UnityEditor.Search:ASIAI0B)
Imported 'GUID: 81e8b4a4bcbf7a14898e2658fd827642' -> (Import Result ID: '87b8e90ca63d1c5018dc54e0279ff75d') in 0.006 seconds [static and dynamic dependencies]. Details - ImportResultOutputID=50891bff9f22daa8ca8c70c30a7ceef6 DependenciesID=f87f603b2caf0d8c26485c2556ffce2a StaticDependenciesID=8ebace1079227a6a1fe637f84b4513e4 
Number of updated asset objects reloaded before import = 0
Number of asset objects unloaded after import = 1
========================================================================
Received Import Request.
  Time of request: 2026-09-30T12:28:13.7456476Z
  Time since last request: 0.0003781 seconds.
  importAddress: GUID: f9fd2f335364cda41937eab39bf20049 - Path: Packages/com.unity.timeline/Editor/StyleSheets/Images/LightSkin/TimelineKeyframe.png - Importer: ScriptedImporter/UnityEditor.QuickSearchModule:UnityEditor.Search:ASIAI0B
Importing 'GUID: f9fd2f335364cda41937eab39bf20049 - Path: Packages/com.unity.timeline/Editor/StyleSheets/Images/LightSkin/TimelineKeyframe.png - Importer: ScriptedImporter/UnityEditor.QuickSearchModule:UnityEditor.Search:ASIAI0B' with importer (ScriptedImporter : UnityEditor.QuickSearchModule:UnityEditor.Search:ASIAI0B)
Imported 'GUID: f9fd2f335364cda41937eab39bf20049' -> (Import Result ID: 'ea19125223f82bd17a5aba1307e0225b') in 0.005 seconds [static and dynamic dependencies]. Details - ImportResultOutputID=2432b2ef52b7df5450b81e1e6bf81433 DependenciesID=084d941194932d1de5344e3795296716 StaticDependenciesID=a2c6900a7e38ed708f7e965e046cc03e 
Number of updated asset objects reloaded before import = 0
Number of asset objects unloaded after import = 1
========================================================================
Received Import Request.
  Time of request: 2026-09-30T12:28:13.7509334Z
  Time since last request: 0.0003642 seconds.
  importAddress: GUID: 6091f9516d23100479c03bca26138bc8 - Path: Packages/com.unity.timeline/Editor/StyleSheets/Images/Icons/TrackRecordButtonDisabled@2x.png - Importer: ScriptedImporter/UnityEditor.QuickSearchModule:UnityEditor.Search:ASIAI0B
Importing 'GUID: 6091f9516d23100479c03bca26138bc8 - Path: Packages/com.unity.timeline/Editor/StyleSheets/Images/Icons/TrackRecordButtonDisabled@2x.png - Importer: ScriptedImporter/UnityEditor.QuickSearchModule:UnityEditor.Search:ASIAI0B' with importer (ScriptedImporter : UnityEditor.QuickSearchModule:UnityEditor.Search:ASIAI0B)
Imported 'GUID: 6091f9516d23100479c03bca26138bc8' -> (Import Result ID: '115b9a78cf90a9ef67e39fb295d5d591') in 0.008 seconds [static and dynamic dependencies]. Details - ImportResultOutputID=b05119b50178d3ce39a5293da910eed3 DependenciesID=4c48cab735ef150754a21e0a5513d10d StaticDependenciesID=7e6393ac66a4ab8c8f9f666400acc6d6 
Number of updated asset objects reloaded before import = 0
Number of asset objects unloaded after import = 1
========================================================================
Received Import Request.
  Time of request: 2026-09-30T12:28:13.7597172Z
  Time since last request: 0.0002754 seconds.
  importAddress: GUID: 829511f8e35bf3a40be037a1050f801c - Path: Packages/com.unity.timeline/Editor/StyleSheets/Images/Shared/TimelineOutline.png - Importer: ScriptedImporter/UnityEditor.QuickSearchModule:UnityEditor.Search:ASIAI0B
Importing 'GUID: 829511f8e35bf3a40be037a1050f801c - Path: Packages/com.unity.timeline/Editor/StyleSheets/Images/Shared/TimelineOutline.png - Importer: ScriptedImporter/UnityEditor.QuickSearchModule:UnityEditor.Search:ASIAI0B' with importer (ScriptedImporter : UnityEditor.QuickSearchModule:UnityEditor.Search:ASIAI0B)
Imported 'GUID: 829511f8e35bf3a40be037a1050f801c' -> (Import Result ID: '2e2e48581dfeb8dcc49b4fc66b330f30') in 0.005 seconds [static and dynamic dependencies]. Details - ImportResultOutputID=c2d3c670d33c6da7666c003a4b938210 DependenciesID=4901158d9a3a3ce16c6d1885d822a6ce StaticDependenciesID=23dbb567cfcb86576d36b57770644a00 
Number of updated asset objects reloaded before import = 0
Number of asset objects unloaded after import = 1
========================================================================
Received Import Request.
  Time of request: 2026-09-30T12:28:13.7779533Z
  Time since last request: 0.0131704 seconds.
  importAddress: GUID: 5e83f8baac96eaa47bdd9ca781cd2002 - Path: Packages/com.unity.ide.rider/CONTRIBUTING.md - Importer: ScriptedImporter/UnityEditor.QuickSearchModule:UnityEditor.Search:ASIAI0B
Importing 'GUID: 5e83f8baac96eaa47bdd9ca781cd2002 - Path: Packages/com.unity.ide.rider/CONTRIBUTING.md - Importer: ScriptedImporter/UnityEditor.QuickSearchModule:UnityEditor.Search:ASIAI0B' with importer (ScriptedImporter : UnityEditor.QuickSearchModule:UnityEditor.Search:ASIAI0B)
Imported 'GUID: 5e83f8baac96eaa47bdd9ca781cd2002' -> (Import Result ID: '89f6aa3661fbc5d7d24cab6fe5e99759') in 0.002 seconds [static and dynamic dependencies]. Details - ImportResultOutputID=2b8a36aa662afb3f2d69ead823987cbf DependenciesID=f7647d2985bd9a5eab78d9b668d8319d StaticDependenciesID=eb3f9965fca74c3b8788bb63b0e9ee11 
Number of updated asset objects reloaded before import = 0
Number of asset objects unloaded after import = 1
========================================================================
Received Import Request.
  Time of request: 2026-09-30T12:28:13.7835013Z
  Time since last request: 0.0032418 seconds.
  importAddress: GUID: c4095d72f77fbb64ea39b8b3ca246622 - Path: Packages/com.unity.ide.rider/Rider/Editor/RiderScriptEditor.cs - Importer: ScriptedImporter/UnityEditor.QuickSearchModule:UnityEditor.Search:ASIAI0B
Importing 'GUID: c4095d72f77fbb64ea39b8b3ca246622 - Path: Packages/com.unity.ide.rider/Rider/Editor/RiderScriptEditor.cs - Importer: ScriptedImporter/UnityEditor.QuickSearchModule:UnityEditor.Search:ASIAI0B' with importer (ScriptedImporter : UnityEditor.QuickSearchModule:UnityEditor.Search:ASIAI0B)
Imported 'GUID: c4095d72f77fbb64ea39b8b3ca246622' -> (Import Result ID: 'a8315ac52b3866461c8fe05864580f32') in 0.002 seconds [static and dynamic dependencies]. Details - ImportResultOutputID=393708ac8152d96e2b28d11002e6939e DependenciesID=8cc375952e216a7a7055342b823e1029 StaticDependenciesID=c8afa7ff71179f6ef91dd28157874b49 
Number of updated asset objects reloaded before import = 0
Number of asset objects unloaded after import = 0
========================================================================
Received Import Request.
  Time of request: 2026-09-30T12:28:13.7863836Z
  Time since last request: 0.0005205 seconds.
  importAddress: GUID: 87d720faa37005c08600090e04d8c739 - Path: Packages/com.unity.modules.particlesystem/package.json - Importer: ScriptedImporter/UnityEditor.QuickSearchModule:UnityEditor.Search:ASIAI0B
Importing 'GUID: 87d720faa37005c08600090e04d8c739 - Path: Packages/com.unity.modules.particlesystem/package.json - Importer: ScriptedImporter/UnityEditor.QuickSearchModule:UnityEditor.Search:ASIAI0B' with importer (ScriptedImporter : UnityEditor.QuickSearchModule:UnityEditor.Search:ASIAI0B)
Imported 'GUID: 87d720faa37005c08600090e04d8c739' -> (Import Result ID: 'ebf5fab4a2874a001091a6ec7fd5162d') in 0.002 seconds [static and dynamic dependencies]. Details - ImportResultOutputID=18ca554a5ad8325c0656d7717fd7478e DependenciesID=f0bf63d216d4b4b672143471f37fdc26 StaticDependenciesID=7fe37d95eb4424dccaf9253b907ab74c 
Number of updated asset objects reloaded before import = 0
Number of asset objects unloaded after import = 1
========================================================================
Received Import Request.
  Time of request: 2026-09-30T12:28:13.7892357Z
  Time since last request: 0.0004431 seconds.
  importAddress: GUID: f5a0cc9645f0e2d4fb816156dcf3f4dd - Path: Packages/com.unity.ide.rider/Rider/Editor/RiderInitializer.cs - Importer: ScriptedImporter/UnityEditor.QuickSearchModule:UnityEditor.Search:ASIAI0B
Importing 'GUID: f5a0cc9645f0e2d4fb816156dcf3f4dd - Path: Packages/com.unity.ide.rider/Rider/Editor/RiderInitializer.cs - Importer: ScriptedImporter/UnityEditor.QuickSearchModule:UnityEditor.Search:ASIAI0B' with importer (ScriptedImporter : UnityEditor.QuickSearchModule:UnityEditor.Search:ASIAI0B)
Imported 'GUID: f5a0cc9645f0e2d4fb816156dcf3f4dd' -> (Import Result ID: '0f0bb2b45a8061f4fc018cbe6cee8393') in 0.002 seconds [static and dynamic dependencies]. Details - ImportResultOutputID=2588dff320d2fb5cde537c7237b908ed DependenciesID=53aebae198f2261f280d6a2bf2f44854 StaticDependenciesID=de4989f84e293f927b61653acee6ac42 
Number of updated asset objects reloaded before import = 0
Number of asset objects unloaded after import = 0
========================================================================
Received Import Request.
  Time of request: 2026-09-30T12:28:13.7915331Z
  Time since last request: 0.0003698 seconds.
  importAddress: GUID: e2d09a26ce46dc617b54e49a534ace20 - Path: Packages/com.unity.modules.ai/package.ModuleCompilationTrigger - Importer: ScriptedImporter/UnityEditor.QuickSearchModule:UnityEditor.Search:ASIAI0B
Importing 'GUID: e2d09a26ce46dc617b54e49a534ace20 - Path: Packages/com.unity.modules.ai/package.ModuleCompilationTrigger - Importer: ScriptedImporter/UnityEditor.QuickSearchModule:UnityEditor.Search:ASIAI0B' with importer (ScriptedImporter : UnityEditor.QuickSearchModule:UnityEditor.Search:ASIAI0B)
Imported 'GUID: e2d09a26ce46dc617b54e49a534ace20' -> (Import Result ID: 'b4cb55b0c28b485c1843ed56736a7c5b') in 0.002 seconds [static and dynamic dependencies]. Details - ImportResultOutputID=d5c8ee5dfe0da20c0bc08119a4761317 DependenciesID=2e7f0bee6dd4ca5c3ddc63a81919a2ef StaticDependenciesID=7c16edf7291df62f1be250db19e93daf 
Number of updated asset objects reloaded before import = 0
Number of asset objects unloaded after import = 1
========================================================================
Received Import Request.
  Time of request: 2026-09-30T12:28:13.7936674Z
  Time since last request: 0.0003137 seconds.
  importAddress: GUID: b6029123aa4ab4e0481a4b3ad8a15af9 - Path: Packages/com.unity.ide.rider/ValidationExceptions.json - Importer: ScriptedImporter/UnityEditor.QuickSearchModule:UnityEditor.Search:ASIAI0B
Importing 'GUID: b6029123aa4ab4e0481a4b3ad8a15af9 - Path: Packages/com.unity.ide.rider/ValidationExceptions.json - Importer: ScriptedImporter/UnityEditor.QuickSearchModule:UnityEditor.Search:ASIAI0B' with importer (ScriptedImporter : UnityEditor.QuickSearchModule:UnityEditor.Search:ASIAI0B)
Imported 'GUID: b6029123aa4ab4e0481a4b3ad8a15af9' -> (Import Result ID: 'd46e864bb771e2b1bd3a1df129ea2635') in 0.002 seconds [static and dynamic dependencies]. Details - ImportResultOutputID=cf98fbebc09a5fcd58e3870d5735c5ed DependenciesID=46774ed773d7d272748318c404a9decd StaticDependenciesID=6603d9bd41186f80e4edf339f6dc574a 
Number of updated asset objects reloaded before import = 0
Number of asset objects unloaded after import = 1
========================================================================
Received Import Request.
  Time of request: 2026-09-30T12:28:13.7957571Z
  Time since last request: 0.0003541 seconds.
  importAddress: GUID: e7c145f2cd3c411ca7f50ebc5f5a6d24 - Path: Packages/com.unity.ide.rider/Rider/Editor/StartUpMethodExecutor.cs - Importer: ScriptedImporter/UnityEditor.QuickSearchModule:UnityEditor.Search:ASIAI0B
Importing 'GUID: e7c145f2cd3c411ca7f50ebc5f5a6d24 - Path: Packages/com.unity.ide.rider/Rider/Editor/StartUpMethodExecutor.cs - Importer: ScriptedImporter/UnityEditor.QuickSearchModule:UnityEditor.Search:ASIAI0B' with importer (ScriptedImporter : UnityEditor.QuickSearchModule:UnityEditor.Search:ASIAI0B)
Imported 'GUID: e7c145f2cd3c411ca7f50ebc5f5a6d24' -> (Import Result ID: 'fc9bf0351d3211b3ee596189cf164d0d') in 0.002 seconds [static and dynamic dependencies]. Details - ImportResultOutputID=d1594084186cb874658e5f790e8bcf0a DependenciesID=675945399a3d329be0309a2fd48e826d StaticDependenciesID=0351e4f1500f0bfa91ee123b7be3f768 
Number of updated asset objects reloaded before import = 0
Number of asset objects unloaded after import = 0
========================================================================
Received Import Request.
  Time of request: 2026-09-30T12:28:13.7979619Z
  Time since last request: 0.0004263 seconds.
  importAddress: GUID: 66c95bb3c74257f41bae2622511dc02d - Path: Packages/com.unity.ide.rider/package.json - Importer: ScriptedImporter/UnityEditor.QuickSearchModule:UnityEditor.Search:ASIAI0B
Importing 'GUID: 66c95bb3c74257f41bae2622511dc02d - Path: Packages/com.unity.ide.rider/package.json - Importer: ScriptedImporter/UnityEditor.QuickSearchModule:UnityEditor.Search:ASIAI0B' with importer (ScriptedImporter : UnityEditor.QuickSearchModule:UnityEditor.Search:ASIAI0B)
Imported 'GUID: 66c95bb3c74257f41bae2622511dc02d' -> (Import Result ID: '269c5ac4d6f642e45d7bf0488ff5a3c1') in 0.002 seconds [static and dynamic dependencies]. Details - ImportResultOutputID=7c3e278c0d5f31d24b3af8ee0b95e530 DependenciesID=40188b5b2970bff30fb0dfcc798c8e60 StaticDependenciesID=920e359ae3e0b298b84c063b1aa83ce8 
Number of updated asset objects reloaded before import = 0
Number of asset objects unloaded after import = 1
========================================================================
Received Import Request.
  Time of request: 2026-09-30T12:28:13.811337Z
  Time since last request: 0.0116117 seconds.
  importAddress: GUID: 23032f4383e95e772bce465c5896d0fd - Path: Packages/com.unity.modules.terrain/package.ModuleCompilationTrigger - Importer: ScriptedImporter/UnityEditor.QuickSearchModule:UnityEditor.Search:ASIAI0B
Importing 'GUID: 23032f4383e95e772bce465c5896d0fd - Path: Packages/com.unity.modules.terrain/package.ModuleCompilationTrigger - Importer: ScriptedImporter/UnityEditor.QuickSearchModule:UnityEditor.Search:ASIAI0B' with importer (ScriptedImporter : UnityEditor.QuickSearchModule:UnityEditor.Search:ASIAI0B)
Imported 'GUID: 23032f4383e95e772bce465c5896d0fd' -> (Import Result ID: '91e785687f4aaa09bfb201d3cab78a13') in 0.005 seconds [static and dynamic dependencies]. Details - ImportResultOutputID=3831de1751dbc17e2b4a4c5ebff855c0 DependenciesID=030c4727f9ffe07fd768c274b7d1556e StaticDependenciesID=3288b8f2ed8bcd844b101baf57ec8de1 
Number of updated asset objects reloaded before import = 0
Number of asset objects unloaded after import = 1
========================================================================
Received Import Request.
  Time of request: 2026-09-30T12:28:13.8176876Z
  Time since last request: 0.0007313 seconds.
  importAddress: GUID: 8cfde1a59fb35574189691a9de1df93b - Path: Packages/com.unity.ide.rider/Rider/Editor/ProjectGeneration/GUIDProvider.cs - Importer: ScriptedImporter/UnityEditor.QuickSearchModule:UnityEditor.Search:ASIAI0B
Importing 'GUID: 8cfde1a59fb35574189691a9de1df93b - Path: Packages/com.unity.ide.rider/Rider/Editor/ProjectGeneration/GUIDProvider.cs - Importer: ScriptedImporter/UnityEditor.QuickSearchModule:UnityEditor.Search:ASIAI0B' with importer (ScriptedImporter : UnityEditor.QuickSearchModule:UnityEditor.Search:ASIAI0B)
Imported 'GUID: 8cfde1a59fb35574189691a9de1df93b' -> (Import Result ID: 'b0589639181ea8385753def0c1e659a3') in 0.002 seconds [static and dynamic dependencies]. Details - ImportResultOutputID=2dafcc381ec2fdb9d5c23fb92479b1f0 DependenciesID=12e0c62311c93276f494f08696283b0d StaticDependenciesID=862bf02a1afd6f5013e4c772801c1d81 
Number of updated asset objects reloaded before import = 0
Number of asset objects unloaded after import = 0
========================================================================
Received Import Request.
  Time of request: 2026-09-30T12:28:13.8201844Z
  Time since last request: 0.0003185 seconds.
  importAddress: GUID: 010246a07de7cb34185a2a7b1c1fad59 - Path: Packages/com.unity.ide.rider/Rider/Editor/UnitTesting/CallbackData.cs - Importer: ScriptedImporter/UnityEditor.QuickSearchModule:UnityEditor.Search:ASIAI0B
Importing 'GUID: 010246a07de7cb34185a2a7b1c1fad59 - Path: Packages/com.unity.ide.rider/Rider/Editor/UnitTesting/CallbackData.cs - Importer: ScriptedImporter/UnityEditor.QuickSearchModule:UnityEditor.Search:ASIAI0B' with importer (ScriptedImporter : UnityEditor.QuickSearchModule:UnityEditor.Search:ASIAI0B)
Imported 'GUID: 010246a07de7cb34185a2a7b1c1fad59' -> (Import Result ID: '92696059620b21f98277c2302f2b3175') in 0.002 seconds [static and dynamic dependencies]. Details - ImportResultOutputID=2fe88311f95de30ce08242630d007d76 DependenciesID=7f78484cad056ed3924fed1be9ccb8a5 StaticDependenciesID=9b5b6551646376fa7211cbe8cf01ef85 
Number of updated asset objects reloaded before import = 0
Number of asset objects unloaded after import = 0
========================================================================
Received Import Request.
  Time of request: 2026-09-30T12:28:13.8226549Z
  Time since last request: 0.0003733 seconds.
  importAddress: GUID: 4745d06d5a7ca576dcf9e5e67b417652 - Path: Packages/com.unity.modules.accessibility/package.ModuleCompilationTrigger - Importer: ScriptedImporter/UnityEditor.QuickSearchModule:UnityEditor.Search:ASIAI0B
Importing 'GUID: 4745d06d5a7ca576dcf9e5e67b417652 - Path: Packages/com.unity.modules.accessibility/package.ModuleCompilationTrigger - Importer: ScriptedImporter/UnityEditor.QuickSearchModule:UnityEditor.Search:ASIAI0B' with importer (ScriptedImporter : UnityEditor.QuickSearchModule:UnityEditor.Search:ASIAI0B)
Imported 'GUID: 4745d06d5a7ca576dcf9e5e67b417652' -> (Import Result ID: '90850c38f8184bdde3660862d47b669e') in 0.002 seconds [static and dynamic dependencies]. Details - ImportResultOutputID=052d12b62bfd8d787b1555e92bf2e35f DependenciesID=7c84df2f5abb545cc707536a36e50d1f StaticDependenciesID=c6e68aae91e50a7e5fb0b3cf7011bcc0 
Number of updated asset objects reloaded before import = 0
Number of asset objects unloaded after import = 1
========================================================================
Received Import Request.
  Time of request: 2026-09-30T12:28:13.8250212Z
  Time since last request: 0.000275 seconds.
  importAddress: GUID: 48483563a64de3a4e8690122762055f1 - Path: Packages/com.unity.ide.rider/Rider/Editor/UnitTesting/SyncTestRunEventsHandler.cs - Importer: ScriptedImporter/UnityEditor.QuickSearchModule:UnityEditor.Search:ASIAI0B
Importing 'GUID: 48483563a64de3a4e8690122762055f1 - Path: Packages/com.unity.ide.rider/Rider/Editor/UnitTesting/SyncTestRunEventsHandler.cs - Importer: ScriptedImporter/UnityEditor.QuickSearchModule:UnityEditor.Search:ASIAI0B' with importer (ScriptedImporter : UnityEditor.QuickSearchModule:UnityEditor.Search:ASIAI0B)
Imported 'GUID: 48483563a64de3a4e8690122762055f1' -> (Import Result ID: '33e68cd5f30302e2c891def7fb7eb541') in 0.003 seconds [static and dynamic dependencies]. Details - ImportResultOutputID=231871c493eaecc0656a52ab6287d61f DependenciesID=423be513238ef0b9b9b14fdf367ee352 StaticDependenciesID=329ebc58920a970db6b72d2b28ab34c9 
Number of updated asset objects reloaded before import = 0
Number of asset objects unloaded after import = 0
========================================================================
Received Import Request.
  Time of request: 2026-09-30T12:28:13.8283595Z
  Time since last request: 0.0004068 seconds.
  importAddress: GUID: 7019e230344c48d4b81602e2e978e5de - Path: Packages/com.unity.ide.rider/Rider/Editor/ProjectGeneration/LastWriteTracker.cs - Importer: ScriptedImporter/UnityEditor.QuickSearchModule:UnityEditor.Search:ASIAI0B
Importing 'GUID: 7019e230344c48d4b81602e2e978e5de - Path: Packages/com.unity.ide.rider/Rider/Editor/ProjectGeneration/LastWriteTracker.cs - Importer: ScriptedImporter/UnityEditor.QuickSearchModule:UnityEditor.Search:ASIAI0B' with importer (ScriptedImporter : UnityEditor.QuickSearchModule:UnityEditor.Search:ASIAI0B)
Imported 'GUID: 7019e230344c48d4b81602e2e978e5de' -> (Import Result ID: '980e3e9a7457d86e908b8bddff007ce6') in 0.002 seconds [static and dynamic dependencies]. Details - ImportResultOutputID=f82d9a289a5ee3f7dd83e220a442e9e2 DependenciesID=295982a3c9cf3540e35693d2fd260c51 StaticDependenciesID=56c04393cab109034a5237c7620ad6ea 
Number of updated asset objects reloaded before import = 0
Number of asset objects unloaded after import = 0
========================================================================
Received Import Request.
  Time of request: 2026-09-30T12:28:13.8310452Z
  Time since last request: 0.0004437 seconds.
  importAddress: GUID: 302b1bdfb7a645db994491799832912b - Path: Packages/com.unity.ide.rider/Rider/Editor/Util/StringBuilderExtensions.cs - Importer: ScriptedImporter/UnityEditor.QuickSearchModule:UnityEditor.Search:ASIAI0B
Importing 'GUID: 302b1bdfb7a645db994491799832912b - Path: Packages/com.unity.ide.rider/Rider/Editor/Util/StringBuilderExtensions.cs - Importer: ScriptedImporter/UnityEditor.QuickSearchModule:UnityEditor.Search:ASIAI0B' with importer (ScriptedImporter : UnityEditor.QuickSearchModule:UnityEditor.Search:ASIAI0B)
Imported 'GUID: 302b1bdfb7a645db994491799832912b' -> (Import Result ID: 'bcb9bcfd3660098ad50a4aa3d8672ec2') in 0.002 seconds [static and dynamic dependencies]. Details - ImportResultOutputID=7d5c01fa07207f7b562afd1ef6470e08 DependenciesID=b14587e38171cd75a66eee4aa2796a2a StaticDependenciesID=f81e38e42cbd0d655d7c56f7f573be7f 
Number of updated asset objects reloaded before import = 0
Number of asset objects unloaded after import = 0
========================================================================
Received Import Request.
  Time of request: 2026-09-30T12:28:13.8336935Z
  Time since last request: 0.0004496 seconds.
  importAddress: GUID: 5eea837708474d7e9c1cb4b2eca0213f - Path: Packages/com.unity.ide.rider/Rider/Editor/ProjectGeneration/IAssemblyNameProvider.cs - Importer: ScriptedImporter/UnityEditor.QuickSearchModule:UnityEditor.Search:ASIAI0B
Importing 'GUID: 5eea837708474d7e9c1cb4b2eca0213f - Path: Packages/com.unity.ide.rider/Rider/Editor/ProjectGeneration/IAssemblyNameProvider.cs - Importer: ScriptedImporter/UnityEditor.QuickSearchModule:UnityEditor.Search:ASIAI0B' with importer (ScriptedImporter : UnityEditor.QuickSearchModule:UnityEditor.Search:ASIAI0B)
Imported 'GUID: 5eea837708474d7e9c1cb4b2eca0213f' -> (Import Result ID: 'c1c280a983c085d2b2b6c537c8242660') in 0.006 seconds [static and dynamic dependencies]. Details - ImportResultOutputID=f15871e4962000047a236f521cb32aa0 DependenciesID=c19ffa68cc501115ee2f03c575c5c6be StaticDependenciesID=4b4d837095929f1c4d22534fcc9edd4f 
Number of updated asset objects reloaded before import = 0
Number of asset objects unloaded after import = 0
========================================================================
Received Import Request.
  Time of request: 2026-09-30T12:28:13.8407811Z
  Time since last request: 0.0004822 seconds.
  importAddress: GUID: b0221f76dde941d492827802c9b7c1f9 - Path: Packages/com.unity.ide.rider/Rider/Editor/Util/StringUtils.cs - Importer: ScriptedImporter/UnityEditor.QuickSearchModule:UnityEditor.Search:ASIAI0B
Importing 'GUID: b0221f76dde941d492827802c9b7c1f9 - Path: Packages/com.unity.ide.rider/Rider/Editor/Util/StringUtils.cs - Importer: ScriptedImporter/UnityEditor.QuickSearchModule:UnityEditor.Search:ASIAI0B' with importer (ScriptedImporter : UnityEditor.QuickSearchModule:UnityEditor.Search:ASIAI0B)
Imported 'GUID: b0221f76dde941d492827802c9b7c1f9' -> (Import Result ID: '3973fecb460dc354d22faa866b9650bf') in 0.002 seconds [static and dynamic dependencies]. Details - ImportResultOutputID=b13454e07e4f9406f92db2d542801bb6 DependenciesID=c9c664cecf3e2908cf68c170cddbec02 StaticDependenciesID=b57f465a57aa854de450404e4afcbc6a 
Number of updated asset objects reloaded before import = 0
Number of asset objects unloaded after import = 0
========================================================================
Received Import Request.
  Time of request: 2026-09-30T12:28:13.8435713Z
  Time since last request: 0.0003883 seconds.
  importAddress: GUID: a8860c53ca4073d4f92c403e709c12ba - Path: Packages/com.unity.ide.rider/Rider/Editor/Util/RiderMenu.cs - Importer: ScriptedImporter/UnityEditor.QuickSearchModule:UnityEditor.Search:ASIAI0B
Importing 'GUID: a8860c53ca4073d4f92c403e709c12ba - Path: Packages/com.unity.ide.rider/Rider/Editor/Util/RiderMenu.cs - Importer: ScriptedImporter/UnityEditor.QuickSearchModule:UnityEditor.Search:ASIAI0B' with importer (ScriptedImporter : UnityEditor.QuickSearchModule:UnityEditor.Search:ASIAI0B)
Imported 'GUID: a8860c53ca4073d4f92c403e709c12ba' -> (Import Result ID: '164e2e6601c11b8b53518d0db2a219a6') in 0.002 seconds [static and dynamic dependencies]. Details - ImportResultOutputID=3632f8aa8a9509cf9bdd08170186509f DependenciesID=167a3b1cfd43046585d43e7489bf4e2f StaticDependenciesID=7d2c06c2d90a5ad04a4a27c38616f4b6 
Number of updated asset objects reloaded before import = 0
Number of asset objects unloaded after import = 0
========================================================================
Received Import Request.
  Time of request: 2026-09-30T12:28:13.8463453Z
  Time since last request: 0.0004483 seconds.
  importAddress: GUID: 58aa570dbe0761f43b25ff6c2265bbe2 - Path: Packages/com.unity.ide.rider/Rider/Editor/UnitTesting/TestsCallback.cs - Importer: ScriptedImporter/UnityEditor.QuickSearchModule:UnityEditor.Search:ASIAI0B
Importing 'GUID: 58aa570dbe0761f43b25ff6c2265bbe2 - Path: Packages/com.unity.ide.rider/Rider/Editor/UnitTesting/TestsCallback.cs - Importer: ScriptedImporter/UnityEditor.QuickSearchModule:UnityEditor.Search:ASIAI0B' with importer (ScriptedImporter : UnityEditor.QuickSearchModule:UnityEditor.Search:ASIAI0B)
Imported 'GUID: 58aa570dbe0761f43b25ff6c2265bbe2' -> (Import Result ID: '831b230b43025718ecbb94d9456132b8') in 0.002 seconds [static and dynamic dependencies]. Details - ImportResultOutputID=5b8f14be380c93229d785ba4b076d6e7 DependenciesID=7515934b5d697e9bd1659df7cbdb6adc StaticDependenciesID=6273184b2f392c68051cb92283f76e7b 
Number of updated asset objects reloaded before import = 0
Number of asset objects unloaded after import = 0
========================================================================
Received Import Request.
  Time of request: 2026-09-30T12:28:13.8488905Z
  Time since last request: 0.0004396 seconds.
  importAddress: GUID: 8e1f00a9be2eb66438e2835fdf1ea11b - Path: Packages/com.unity.ide.rider/Rider/Editor/Util/SerializableVersion.cs - Importer: ScriptedImporter/UnityEditor.QuickSearchModule:UnityEditor.Search:ASIAI0B
Importing 'GUID: 8e1f00a9be2eb66438e2835fdf1ea11b - Path: Packages/com.unity.ide.rider/Rider/Editor/Util/SerializableVersion.cs - Importer: ScriptedImporter/UnityEditor.QuickSearchModule:UnityEditor.Search:ASIAI0B' with importer (ScriptedImporter : UnityEditor.QuickSearchModule:UnityEditor.Search:ASIAI0B)
Imported 'GUID: 8e1f00a9be2eb66438e2835fdf1ea11b' -> (Import Result ID: '482197773487a528fbc7915199515cfb') in 0.002 seconds [static and dynamic dependencies]. Details - ImportResultOutputID=278662df3fcdadb589c4a65a64bf13d7 DependenciesID=8b5b2c036c486efef2adcad57d9a3c2a StaticDependenciesID=8d9914c2789edffc53358125422af565 
Number of updated asset objects reloaded before import = 0
Number of asset objects unloaded after import = 0
========================================================================
Received Prepare
AcceleratorClientConnectionCallback - disconnected - :0
Refreshing native plugins compatible for Editor in 5.40 ms, found 4 plugins.
Unloading 0 Unused Serialized files (Serialized files now loaded: 0)
Unloading 675 unused Assets / (256.7 KB). Loaded Objects now: 4975.
Memory consumption went from 268.6 MB to 268.4 MB.
Total: 6.612700 ms (FindLiveObjects: 0.442500 ms CreateObjectMapping: 0.158800 ms MarkObjects: 5.617900 ms  DeleteObjects: 0.195900 ms)

Prepare: number of updated asset objects reloaded= 0
Editor requested this worker to shutdown with reason: Scaling down because of idle timeout
AcceleratorClientConnectionCallback - disconnected - :0
AssetImportWorker is now disconnected from the server
Process exiting
[ExitDontLaunchBugReporter] Exiting without the bug reporter. Application will exit with return code 0
